date,advances,declines,up_4,down_4,net_advances_10d,new_highs_52w,new_lows_52w,net_new_highs,net_new_highs_10d,pct_above_50d,pct_above_5d,up_25_month,down_25_month,up_50_month,down_50_month,nifty,nifty_change_pct,nifty_20d_pct,midcap_150,midcap_150_change_pct,midcap_150_20d_pct,smallcap_250,smallcap_250_change_pct,smallcap_250_20d_pct,india_vix,nifty_rv_20,vix_over_rv
2015-04-17,245,746,30,87,-50.1,,,,,59.2,22.3,72,1,15,0,8606.0,-1.16,-1.34,,,,,,,15.04,14.1,1.07
2015-04-20,136,860,17,228,-61.3,,,,,46.7,11.1,51,2,12,0,8448.1,-1.83,-2.74,,,,,,,16.3,15.5,1.05
2015-04-21,397,579,37,46,-46.9,,,,,46.6,13.7,59,3,11,0,8377.75,-0.83,-2.98,,,,,,,17.03,15.6,1.09
2015-04-22,457,518,35,31,-36.7,,,,,46.3,21.2,75,4,13,0,8429.7,0.62,-1.65,,,,,,,17.21,15.6,1.1
2015-04-23,451,530,61,23,-30.9,,,,,47.0,34.2,95,2,18,0,8398.3,-0.37,-1.78,,,,,,,18.5,15.7,1.18
2015-04-24,83,911,8,286,-39.6,,,,,34.0,14.7,67,4,14,0,8305.25,-1.11,-2.78,,,,,,,19.11,16.1,1.19
2015-04-27,114,878,11,346,-44.8,,,,,23.0,6.0,47,8,13,0,8213.8,-1.1,-3.72,,,,,,,18.74,16.4,1.14
2015-04-28,705,282,136,26,-33.9,,,,,27.9,19.5,70,5,16,0,8285.6,0.87,-0.68,,,,,,,17.41,14.9,1.17
2015-04-29,581,404,92,20,-28.2,,,,,31.4,38.4,84,4,19,0,8239.75,-0.55,-1.22,,,,,,,17.24,15.1,1.14
2015-04-30,417,563,45,32,-26.9,,,,,30.9,50.4,60,6,17,0,8181.5,-0.71,-3.66,,,,,,,17.23,13.5,1.28
2015-05-04,844,148,209,9,-14.9,,,,,41.9,84.5,64,6,23,0,8331.95,1.84,-1.87,,,,,,,17.31,15.3,1.13
2015-05-05,451,530,66,28,-8.4,,,,,43.0,74.8,48,8,18,0,8324.8,-0.09,-3.04,,,,,,,17.37,14.6,1.19
2015-05-06,63,933,11,367,-15.3,,,,,28.1,17.5,30,16,15,0,8097.0,-2.74,-6.5,,,,,,,19.67,16.8,1.17
2015-05-07,166,828,10,183,-21.3,,,,,19.7,9.5,27,37,9,0,8057.3,-0.49,-6.96,,,,,,,19.65,16.7,1.18
2015-05-08,831,159,148,15,-13.8,,,,,27.6,26.1,27,30,9,0,8191.5,1.67,-6.0,,,,,,,19.11,17.9,1.07
2015-05-11,750,231,101,13,-0.3,,,,,32.8,60.8,24,26,10,0,8325.25,1.63,-5.16,,,,,,,18.63,18.8,0.99
2015-05-12,121,871,10,178,-0.2,,,,,26.1,32.7,20,44,8,3,8126.95,-2.38,-7.44,,,,,,,20.55,20.3,1.01
2015-05-13,707,276,87,13,-0.1,,,,,29.3,54.9,16,43,6,3,8235.45,1.34,-6.78,,,,,,,20.69,20.9,0.99
2015-05-14,613,370,65,14,0.5,,,,,33.8,58.8,18,36,5,3,8224.2,-0.14,-6.01,,,,,,,20.7,20.8,1.0
2015-05-15,545,426,70,24,3.2,,,,,36.1,61.3,20,26,7,2,8262.35,0.46,-5.1,,,,,,,19.82,20.9,0.95
2015-05-18,693,284,94,20,0.3,,,,,42.8,77.0,22,21,8,2,8373.65,1.35,-2.7,,,,,,,17.9,21.4,0.84
2015-05-19,521,460,71,28,1.7,,,,,44.5,69.6,26,16,9,4,,,,,,,,,,,,
2015-05-20,484,494,57,24,10.3,,,,,45.8,62.7,24,13,8,4,8423.25,0.69,-0.29,,,,,,,17.72,20.5,0.86
2015-05-21,376,605,42,35,14.6,,,,,46.5,48.9,28,12,6,4,8421.0,-0.03,0.52,,,,,,,17.41,20.3,0.86
2015-05-22,427,557,50,33,6.6,,,,,47.1,43.4,28,15,4,3,8458.95,0.45,0.35,,,,,,,16.95,20.3,0.83
2015-05-25,362,620,25,45,-1.1,,,,,43.6,34.9,39,11,7,3,8370.25,-1.05,-0.33,,,,,,,16.93,20.6,0.82
2015-05-26,362,615,33,43,3.8,,,,,42.6,31.1,53,8,9,3,8339.35,-0.37,0.41,,,,,,,17.07,20.2,0.85
2015-05-27,432,547,44,43,-1.6,,,,,41.9,35.1,50,12,8,3,8334.6,-0.06,1.47,,,,,,,17.28,19.8,0.87
2015-05-28,417,554,36,49,-5.4,,,,,41.3,36.3,38,12,5,3,8319.0,-0.19,0.4,,,,,,,17.13,19.6,0.87
2015-05-29,607,378,103,36,-4.3,,,,,44.6,52.3,40,12,8,2,8433.65,1.38,2.35,,,,,,,16.66,20.0,0.83
2015-06-01,414,565,47,69,-9.9,,,,,43.2,48.5,32,15,5,3,8433.4,0.0,3.08,,,,,,,16.91,19.8,0.85
2015-06-02,127,863,18,140,-17.9,,,,,34.7,20.1,23,22,3,3,8236.45,-2.34,-1.15,,,,,,,16.82,20.6,0.82
2015-06-03,111,889,7,343,-25.6,,,,,25.1,8.2,21,30,3,3,8135.1,-1.23,-2.28,,,,,,,17.51,21.1,0.83
2015-06-04,463,511,58,37,-23.8,,,,,25.4,12.0,34,24,5,2,8130.65,-0.05,0.42,,,,,,,18.12,18.6,0.97
2015-06-05,530,457,64,18,-21.7,,,,,26.7,25.1,32,22,8,2,8114.7,-0.2,0.71,,,,,,,18.09,18.5,0.98
2015-06-08,187,799,24,105,-25.3,,,,,22.6,20.4,25,32,7,2,8044.15,-0.87,-1.8,,,,,,,18.89,17.7,1.07
2015-06-09,352,633,40,58,-25.6,,,,,20.7,25.2,29,31,8,2,8022.4,-0.27,-3.64,,,,,,,18.01,16.5,1.09
2015-06-10,742,237,104,17,-19.4,,,,,25.7,52.2,36,24,7,2,8124.45,1.27,-0.03,,,,,,,17.08,15.1,1.13
2015-06-11,148,845,18,155,-25.0,,,,,19.9,21.9,29,36,5,3,7965.35,-1.96,-3.28,,,,,,,17.81,15.7,1.13
2015-06-12,382,596,44,55,-29.4,,,,,20.0,27.9,26,45,6,5,7982.9,0.22,-2.93,,,,,,,17.48,15.8,1.11
2015-06-15,574,401,81,28,-26.1,,,,,20.9,39.8,26,39,6,5,8013.9,0.39,-3.01,,,,,,,17.53,15.8,1.11
2015-06-16,515,453,38,21,-18.2,,,,,21.8,47.9,22,39,7,5,8047.3,0.42,-3.9,,,,,,,17.17,14.9,1.15
2015-06-17,710,261,106,14,-5.9,,,,,25.1,74.7,21,38,7,6,8091.55,0.55,-3.94,,,,,,,16.73,14.9,1.12
2015-06-18,679,298,124,19,-1.6,,,,,31.3,79.5,22,34,7,6,8174.6,1.03,-2.93,,,,,,,16.02,15.5,1.03
2015-06-19,533,442,74,27,-1.4,,,,,33.8,75.4,27,37,5,7,8224.95,0.62,-2.77,,,,,,,15.09,15.6,0.97
2015-06-22,748,241,119,17,9.8,,,,,40.3,83.4,28,26,7,6,8353.1,1.56,-0.2,,,,,,,15.49,16.3,0.95
2015-06-23,571,404,91,22,14.2,,,,,44.6,75.9,27,24,9,7,8381.55,0.34,0.51,,,,,,,15.04,16.3,0.92
2015-06-24,367,614,57,35,6.7,,,,,43.3,56.0,31,23,8,6,8360.85,-0.25,0.31,,,,,,,15.92,16.3,0.98
2015-06-25,472,503,66,21,13.4,,,,,46.0,53.3,35,22,10,7,8398.0,0.44,0.95,,,,,,,15.93,16.4,0.97
2015-06-26,379,605,60,31,13.3,,,,,45.4,42.7,36,21,8,7,8381.1,-0.2,-0.62,,,,,,,15.76,15.6,1.01
2015-06-29,182,811,37,126,5.2,,,,,40.2,21.9,33,22,8,6,8318.4,-0.75,-1.36,,,,,,,17.3,15.8,1.09
2015-06-30,717,263,144,11,9.2,,,,,46.2,44.7,45,20,15,5,8368.5,0.6,1.6,,,,,,,16.93,13.4,1.26
2015-07-01,797,195,138,12,10.7,,,,,55.3,75.3,79,14,20,4,8453.05,1.01,3.91,,,,,,,15.85,12.9,1.23
2015-07-02,528,451,96,19,7.7,,,,,60.7,75.6,81,11,17,4,8444.9,-0.1,3.87,,,,,,,15.56,12.9,1.21
2015-07-03,483,490,82,28,6.7,,,,,61.6,71.9,83,10,17,4,8484.9,0.47,4.56,,,,,,,16.31,12.8,1.27
2015-07-06,679,302,169,16,5.4,,,,,65.3,75.0,129,9,33,4,8522.15,0.44,5.94,,,,,,,16.02,12.2,1.31
2015-07-07,590,397,126,25,5.6,,,,,71.4,74.0,152,8,38,4,8510.8,-0.13,6.09,,,,,,,16.31,12.1,1.35
2015-07-08,206,787,49,89,2.3,,,,,65.0,43.2,125,10,34,2,,,,,,,,,,,,
2015-07-09,504,475,78,26,2.9,,,,,65.6,44.5,146,7,40,2,8328.55,-0.41,2.51,,,,,,,17.44,14.4,1.21
2015-07-10,518,463,67,33,5.7,,,,,65.9,42.7,171,4,36,1,8360.55,0.38,4.96,,,,,,,17.07,12.0,1.42
2015-07-13,730,251,118,24,16.8,,,,,70.3,65.3,188,4,41,0,8459.65,1.19,5.97,,,,,,,16.27,12.5,1.3
2015-07-14,554,421,111,18,13.6,,,,,72.8,72.4,190,4,48,0,8454.1,-0.07,5.49,,,,,,,16.01,12.5,1.28
2015-07-15,546,441,99,30,8.6,,,,,76.2,71.1,180,2,42,0,8523.8,0.82,5.92,,,,,,,15.57,12.7,1.23
2015-07-16,566,410,89,23,9.4,,,,,78.3,72.6,162,2,40,0,8608.05,0.99,6.38,,,,,,,14.78,12.9,1.15
2015-07-17,483,501,72,25,9.3,,,,,79.6,63.7,160,1,35,0,8609.85,0.02,5.32,,,,,,,14.8,12.7,1.17
2015-07-20,537,448,97,25,6.4,,,,,80.1,62.5,154,3,35,0,8603.45,-0.07,4.6,,,,,,,14.96,12.6,1.19
2015-07-21,160,835,24,197,-2.3,,,,,72.9,29.2,120,2,29,0,8529.45,-0.86,2.11,,,,,,,15.1,12.2,1.24
2015-07-22,709,277,105,21,7.9,,,,,74.9,44.8,138,2,35,0,8633.5,1.22,3.01,,,,,,,15.13,12.8,1.18
2015-07-23,497,481,90,25,7.7,,,,,75.4,48.9,158,3,37,0,8589.8,-0.51,2.74,,,,,,,15.52,12.9,1.2
2015-07-24,324,664,64,46,3.8,,,,,73.2,41.3,156,3,42,0,8521.55,-0.79,1.47,,,,,,,15.46,13.3,1.16
2015-07-27,238,756,42,109,-6.2,,,,,66.5,28.9,167,4,43,0,8361.0,-1.88,-0.24,,,,,,,16.37,15.0,1.09
2015-07-28,436,547,78,47,-8.6,,,,,65.6,31.8,151,4,40,0,8337.0,-0.29,0.22,,,,,,,15.92,14.8,1.08
2015-07-29,614,372,129,31,-7.3,,,,,68.7,45.5,146,3,38,0,8375.05,0.46,0.08,,,,,,,15.88,14.7,1.08
2015-07-30,650,338,141,14,-5.7,,,,,72.3,62.3,146,5,36,0,8421.8,0.56,-0.37,,,,,,,15.33,14.4,1.06
2015-07-31,598,388,128,32,-3.4,,,,,76.8,74.1,145,4,36,0,8532.85,1.32,1.04,,,,,,,14.57,15.1,0.96
2015-08-03,627,359,145,34,-1.6,,,,,79.4,75.4,136,3,31,0,8543.05,0.12,0.69,,,,,,,15.39,15.1,1.02
2015-08-04,541,444,147,25,6.1,,,,,79.3,69.3,142,3,32,0,8516.9,-0.31,-0.06,,,,,,,14.83,15.0,0.99
2015-08-05,623,365,143,40,4.3,,,,,81.3,70.8,163,3,37,2,8567.95,0.6,0.67,,,,,,,14.67,15.2,0.97
2015-08-06,420,562,76,76,2.8,,,,,83.2,59.1,149,2,25,1,8588.65,0.24,3.12,,,,,,,14.73,12.8,1.15
2015-08-07,400,589,62,45,4.3,,,,,81.8,47.8,141,3,27,1,8564.6,-0.28,2.44,,,,,,,14.91,12.8,1.16
2015-08-10,399,581,61,55,7.6,,,,,80.0,41.5,116,3,23,1,8525.6,-0.46,0.78,,,,,,,15.47,12.3,1.26
2015-08-11,203,785,21,140,2.9,,,,,75.2,23.5,101,6,17,1,8462.35,-0.74,0.1,,,,,,,15.89,12.6,1.26
2015-08-12,101,893,14,325,-7.4,,,,,64.0,9.2,65,8,13,0,8349.45,-1.33,-2.05,,,,,,,17.45,13.1,1.33
2015-08-13,273,716,25,174,-15.0,,,,,57.9,9.9,53,16,10,0,8355.85,0.08,-2.93,,,,,,,17.02,12.5,1.36
2015-08-14,780,209,185,32,-11.4,,,,,64.4,35.3,63,12,10,0,8518.55,1.95,-1.06,,,,,,,16.02,14.5,1.1
2015-08-17,496,496,103,50,-14.0,,,,,63.2,50.4,61,12,10,0,8477.3,-0.48,-1.47,,,,,,,16.46,14.6,1.13
2015-08-18,604,380,119,21,-12.8,,,,,66.0,68.4,96,8,19,0,8466.55,-0.13,-0.74,,,,,,,16.36,14.3,1.14
2015-08-19,491,493,121,23,-15.4,,,,,66.2,67.7,87,14,20,1,8495.15,0.34,-1.6,,,,,,,16.68,13.6,1.23
2015-08-20,129,869,22,258,-21.4,,,,,55.8,28.1,60,22,11,1,8372.75,-1.44,-2.53,,,,,,,16.98,14.4,1.18
2015-08-21,267,726,35,57,-24.1,,,,,49.6,20.0,57,21,14,2,8299.95,-0.87,-2.6,,,,,,,17.12,14.4,1.19
2015-08-24,3,997,0,907,-32.2,,,,,19.9,0.6,27,82,6,2,7809.0,-5.92,-6.6,,,,,,,28.13,25.0,1.13
2015-08-25,533,461,146,125,-25.6,,,,,20.5,2.8,22,77,4,4,7880.7,0.92,-5.47,,,,,,,26.85,25.4,1.06
2015-08-26,493,490,81,55,-17.7,,,,,20.6,8.7,19,79,2,5,7791.85,-1.13,-6.96,,,,,,,25.52,25.5,1.0
2015-08-27,911,88,362,6,-5.0,,,,,29.5,59.9,20,63,3,5,7948.95,2.02,-5.61,,,,,,,22.04,26.6,0.83
2015-08-28,502,476,83,37,-10.5,,,,,29.4,82.7,17,57,5,4,8001.95,0.67,-6.22,,,,,,,23.33,26.2,0.89
2015-08-31,423,560,54,31,-11.8,,,,,29.1,69.1,16,77,2,6,7971.3,-0.38,-6.69,,,,,,,24.6,26.2,0.94
2015-09-01,90,905,10,270,-22.2,,,,,20.3,21.2,9,124,2,6,7785.85,-2.33,-8.58,,,,,,,28.72,27.1,1.06
2015-09-02,437,543,39,29,-23.3,,,,,20.6,16.7,11,148,1,5,7717.0,-0.88,-9.93,,,,,,,26.65,26.9,0.99
2015-09-03,774,209,127,10,-10.2,,,,,23.6,44.8,12,111,1,6,7823.0,1.37,-8.91,,,,,,,24.12,27.6,0.87
2015-09-04,92,906,7,313,-13.8,,,,,17.1,14.7,7,173,1,6,,,,,,,,,,,,
2015-09-07,142,848,9,230,-10.9,,,,,11.4,9.7,4,215,1,6,7558.8,-1.26,-11.74,,,,,,,26.35,29.5,0.89
2015-09-08,610,369,93,37,-9.2,,,,,11.7,21.3,4,151,2,5,7688.25,1.71,-9.82,,,,,,,24.57,30.6,0.8
2015-09-09,875,118,211,8,-1.7,,,,,15.6,63.5,7,63,2,3,7818.6,1.7,-7.61,,,,,,,24.3,31.6,0.77
2015-09-10,326,658,40,37,-13.2,,,,,15.0,61.1,7,48,2,3,7788.1,-0.39,-6.72,,,,,,,24.75,31.4,0.79
2015-09-11,607,369,71,10,-11.1,,,,,16.0,75.5,8,52,1,4,7789.3,0.02,-6.78,,,,,,,24.98,31.4,0.8
2015-09-14,743,244,112,11,-4.7,,,,,19.9,79.3,8,38,1,4,7872.25,1.06,-7.59,,,,,,,24.32,30.7,0.79
2015-09-15,305,682,40,42,-0.4,,,,,18.6,56.6,8,45,1,3,7829.1,-0.55,-7.65,,,,,,,23.74,30.7,0.77
2015-09-16,446,538,38,24,-0.2,,,,,18.7,49.6,5,60,1,0,7899.15,0.89,-6.7,,,,,,,22.0,31.0,0.71
2015-09-18,716,269,117,20,-1.4,,,,,22.9,65.2,6,23,1,0,7981.9,1.05,-6.04,,,,,,,18.29,31.3,0.58
2015-09-21,685,295,138,12,10.7,,,,,27.5,73.6,9,19,3,1,7977.1,-0.06,-4.73,,,,,,,18.18,31.0,0.59
2015-09-22,238,754,25,95,12.6,,,,,22.4,48.7,33,5,4,1,7812.0,-2.07,-5.88,,,,,,,20.35,31.7,0.64
2015-09-23,573,413,68,13,11.7,,,,,23.9,52.6,39,5,6,1,7845.95,0.43,0.47,,,,,,,20.69,23.2,0.89
2015-09-24,539,446,59,6,5.1,,,,,26.9,49.1,44,5,8,1,7868.5,0.29,-0.15,,,,,,,20.88,22.9,0.91
2015-09-28,360,623,47,55,5.8,,,,,25.5,42.0,28,6,7,1,7795.7,-0.93,0.05,,,,,,,21.67,22.8,0.95
2015-09-29,429,546,45,22,2.2,,,,,25.6,42.6,28,7,7,1,7843.3,0.61,-1.33,,,,,,,21.57,21.7,0.99
2015-09-30,703,277,105,12,1.5,,,,,30.8,61.4,34,5,11,1,7948.9,1.35,-0.66,,,,,,,19.63,22.1,0.89
2015-10-01,471,517,62,21,4.8,,,,,32.1,59.5,51,5,12,2,7950.9,0.03,-0.26,,,,,,,19.24,22.1,0.87
2015-10-05,823,167,187,6,12.3,,,,,43.9,84.1,59,5,15,2,8119.3,2.12,4.28,,,,,,,19.13,21.5,0.89
2015-10-06,565,414,113,21,9.3,,,,,46.9,82.3,62,4,16,2,8152.9,0.41,5.65,,,,,,,19.31,21.1,0.92
2015-10-07,603,384,124,26,7.6,,,,,54.9,77.6,108,5,24,2,8177.4,0.3,4.53,,,,,,,19.34,20.7,0.93
2015-10-08,384,598,63,30,10.7,,,,,55.3,62.1,145,3,31,1,8129.35,-0.59,7.55,,,,,,,19.56,16.0,1.22
2015-10-09,488,485,77,22,9.1,,,,,56.6,56.0,148,3,37,2,8189.7,0.74,6.52,,,,,,,18.93,15.2,1.25
2015-10-12,432,555,66,34,6.9,,,,,58.5,50.5,104,3,22,2,8143.6,-0.56,4.16,,,,,,,19.12,14.6,1.31
2015-10-13,555,426,90,14,10.8,,,,,61.2,53.7,131,3,29,1,8131.7,-0.15,4.41,,,,,,,18.02,14.5,1.24
2015-10-14,506,468,77,16,12.4,,,,,65.8,56.9,132,3,29,1,8107.9,-0.29,4.09,,,,,,,17.72,14.6,1.21
2015-10-15,567,413,96,12,9.7,,,,,69.8,63.9,127,4,24,1,8179.5,0.88,3.9,,,,,,,17.17,14.5,1.18
2015-10-16,480,502,65,21,9.9,,,,,72.3,61.3,146,3,30,1,,,,,,,,,,,,
2015-10-19,570,414,99,12,4.9,,,,,73.6,62.7,172,2,33,1,8275.05,0.45,5.7,,,,,,,16.88,14.6,1.16
2015-10-20,510,474,82,27,3.8,,,,,78.3,59.9,152,3,31,1,8261.65,-0.16,4.59,,,,,,,17.0,14.5,1.17
2015-10-21,401,588,58,32,-0.3,,,,,77.3,52.3,125,3,30,1,8251.7,-0.12,3.38,,,,,,,16.62,14.2,1.17
2015-10-23,386,593,53,43,-0.2,,,,,77.4,44.0,141,3,30,1,8295.45,0.53,3.99,,,,,,,16.19,14.3,1.13
2015-10-26,281,704,22,83,-4.5,,,,,72.7,31.3,118,4,22,1,8260.55,-0.42,5.74,,,,,,,17.23,11.7,1.47
2015-10-27,426,556,50,32,-4.6,,,,,72.8,30.8,114,4,21,1,8232.9,-0.33,4.93,,,,,,,16.54,11.9,1.39
2015-10-28,407,582,45,31,-7.6,,,,,70.8,30.6,111,5,23,1,8171.2,-0.75,3.85,,,,,,,17.04,12.4,1.37
2015-10-29,385,593,50,46,-10.1,,,,,69.5,33.0,119,5,23,1,8111.75,-0.73,4.05,,,,,,,17.58,12.2,1.44
2015-10-30,290,698,37,74,-15.7,,,,,65.1,27.7,98,5,18,1,8065.8,-0.57,2.84,,,,,,,17.88,12.4,1.44
2015-11-02,388,596,42,58,-17.5,,,,,62.7,28.3,96,5,19,1,8050.8,-0.19,1.28,,,,,,,19.48,11.6,1.68
2015-11-03,565,422,81,20,-17.7,,,,,65.8,40.3,90,7,17,1,8060.7,0.12,1.38,,,,,,,19.56,11.6,1.69
2015-11-04,400,582,52,36,-19.9,,,,,65.8,41.6,69,7,11,0,8040.2,-0.25,-0.97,,,,,,,19.36,8.8,2.2
2015-11-05,175,815,25,121,-24.4,,,,,58.3,23.6,49,9,10,0,7955.45,-1.05,-2.42,,,,,,,19.29,9.3,2.07
2015-11-06,314,673,24,61,-25.9,,,,,54.9,20.8,47,12,7,0,7954.3,-0.01,-2.73,,,,,,,19.47,9.2,2.12
2015-11-09,582,402,113,33,-19.9,,,,,55.7,36.1,55,11,10,0,7915.2,-0.49,-2.63,,,,,,,17.04,9.1,1.87
2015-11-10,275,709,29,54,-22.9,,,,,49.2,30.7,52,8,10,0,7783.35,-1.67,-4.96,,,,,,,16.83,10.0,1.68
2015-11-11,913,82,72,8,-12.9,,,,,57.2,67.7,58,7,11,0,7825.0,0.54,-3.91,,,,,,,16.91,10.3,1.64
2015-11-13,250,736,50,65,-15.6,,,,,52.4,41.2,50,12,11,0,7762.25,-0.8,-4.54,,,,,,,17.65,10.6,1.67
2015-11-16,537,447,101,30,-10.7,,,,,53.8,49.2,52,11,13,1,7806.6,0.57,-3.72,,,,,,,17.88,10.9,1.64
2015-11-17,537,452,75,25,-7.7,,,,,56.1,56.0,58,10,14,1,7837.55,0.4,-4.18,,,,,,,16.97,10.4,1.63
2015-11-18,294,696,44,55,-13.2,,,,,52.2,39.6,50,14,15,1,7731.8,-1.35,-6.56,,,,,,,17.42,9.8,1.78
2015-11-19,748,234,103,18,-6.2,,,,,57.6,62.1,50,14,13,2,7842.75,1.43,-5.07,,,,,,,15.84,11.7,1.35
2015-11-20,572,409,102,13,1.8,,,,,60.9,66.4,56,13,14,1,7856.55,0.18,-4.79,,,,,,,15.9,11.8,1.35
2015-11-23,528,452,96,23,6.2,,,,,60.6,66.1,61,12,16,0,7849.25,-0.09,-5.38,,,,,,,17.08,11.4,1.5
2015-11-24,530,452,120,9,5.1,,,,,61.8,65.8,73,9,16,1,7831.6,-0.22,-5.19,,,,,,,16.25,11.4,1.43
2015-11-26,581,402,128,19,11.3,,,,,65.6,64.9,76,10,20,1,7883.8,0.67,-4.24,,,,,,,16.69,11.9,1.4
2015-11-27,501,488,78,36,3.1,,,,,66.7,65.2,75,7,20,1,7942.7,0.75,-2.8,,,,,,,16.73,12.2,1.37
2015-11-30,576,411,114,30,9.6,,,,,69.8,65.8,88,5,24,1,7935.25,-0.09,-2.18,,,,,,,16.43,12.0,1.37
2015-12-01,544,443,97,20,9.7,,,,,71.9,67.4,105,3,27,1,,,,,,,,,,,,
2015-12-02,447,537,104,18,8.0,,,,,72.5,62.3,118,3,34,1,7931.35,-0.3,-1.67,,,,,,,15.49,11.8,1.31
2015-12-03,304,685,66,31,8.2,,,,,69.2,46.1,119,5,34,0,7864.15,-0.85,-2.32,,,,,,,16.06,12.1,1.33
2015-12-04,277,709,51,37,-1.3,,,,,66.0,31.0,114,3,35,0,7781.9,-1.05,-3.46,,,,,,,16.09,12.5,1.29
2015-12-07,463,521,60,25,-3.5,,,,,66.2,33.5,142,3,42,0,7765.4,-0.21,-3.42,,,,,,,15.87,12.5,1.27
2015-12-08,172,821,24,171,-10.7,,,,,57.2,18.4,123,2,37,0,7701.7,-0.82,-3.19,,,,,,,15.97,12.3,1.3
2015-12-09,78,915,3,347,-19.9,,,,,44.2,6.9,70,2,19,1,7612.5,-1.16,-4.3,,,,,,,16.73,12.8,1.31
2015-12-10,771,215,141,15,-16.1,,,,,51.3,21.8,97,1,20,0,7683.3,0.93,-2.93,,,,,,,16.29,13.4,1.22
2015-12-11,264,724,27,48,-20.9,,,,,46.7,22.3,73,2,13,0,7610.45,-0.95,-2.22,,,,,,,17.18,12.5,1.37
2015-12-14,577,400,63,20,-20.7,,,,,49.3,42.8,81,1,13,0,7650.05,0.52,-2.24,,,,,,,17.8,12.5,1.42
2015-12-15,654,326,94,13,-18.5,,,,,51.8,66.3,76,3,13,0,7700.9,0.66,-0.79,,,,,,,17.34,12.5,1.39
2015-12-16,500,475,49,16,-17.3,,,,,53.5,65.4,77,3,17,1,7750.9,0.65,-0.71,,,,,,,16.73,12.6,1.33
2015-12-17,852,142,149,8,-6.4,,,,,61.2,88.7,110,4,21,0,7844.35,1.21,0.09,,,,,,,14.22,13.2,1.08
2015-12-18,405,578,67,18,-3.8,,,,,60.8,74.0,103,3,26,0,7761.95,-1.05,0.39,,,,,,,14.49,12.9,1.12
2015-12-21,713,270,107,11,1.2,,,,,65.3,77.3,109,1,28,0,7834.45,0.93,-0.11,,,,,,,14.23,12.2,1.17
2015-12-22,421,561,64,19,6.3,,,,,64.6,65.5,92,1,21,0,7786.1,-0.62,-0.9,,,,,,,14.48,12.4,1.17
2015-12-23,581,400,52,15,16.5,,,,,67.1,62.5,81,1,21,0,7865.95,1.03,0.21,,,,,,,13.65,13.0,1.05
2015-12-24,549,431,90,16,12.1,,,,,69.4,62.8,77,2,25,0,7861.05,-0.06,0.38,,,,,,,13.75,13.0,1.06
2015-12-28,536,444,78,16,17.6,,,,,71.7,64.7,75,3,24,0,7925.15,0.82,0.52,,,,,,,14.4,13.1,1.1
2015-12-29,366,623,37,42,13.3,,,,,70.6,50.8,67,3,16,0,7928.95,0.05,-0.17,,,,,,,14.24,12.8,1.11
2015-12-30,450,530,45,17,9.2,,,,,70.1,47.0,64,2,11,0,7896.25,-0.41,-0.49,,,,,,,14.35,12.9,1.11
2015-12-31,562,418,71,8,10.4,,,,,73.5,51.0,62,4,17,0,7946.35,0.63,0.19,,,,,,,13.87,13.1,1.06
2016-01-01,712,278,121,3,7.6,,,,,78.0,70.1,63,3,14,0,7963.2,0.21,1.26,,,,,,,14.26,12.7,1.12
2016-01-04,231,764,64,80,4.0,,,,,70.5,40.3,75,1,15,0,7791.3,-2.16,0.12,,,,,,,16.84,14.5,1.16
2016-01-05,670,315,157,3,3.1,,,,,74.0,56.9,86,2,26,0,7784.65,-0.09,0.25,,,,,,,16.7,14.5,1.15
2016-01-06,324,664,46,61,1.1,,,,,73.1,45.7,96,2,24,0,7741.0,-0.56,0.51,,,,,,,16.55,14.3,1.16
2016-01-07,45,955,6,464,-9.8,,,,,57.7,9.0,91,2,24,0,7568.3,-2.23,-0.58,,,,,,,18.96,15.9,1.19
2016-01-08,811,179,141,5,-4.6,,,,,63.1,29.4,107,4,24,0,7601.35,0.44,-1.07,,,,,,,17.8,15.6,1.14
2016-01-11,306,679,56,39,-9.3,,,,,58.8,26.3,114,3,35,0,7563.85,-0.49,-0.61,,,,,,,18.69,15.4,1.21
2016-01-12,231,759,29,80,-12.0,,,,,53.9,23.4,107,2,29,0,7510.3,-0.71,-1.83,,,,,,,18.71,15.4,1.21
2016-01-13,155,839,13,312,-18.0,,,,,43.2,12.3,67,4,18,0,7562.4,0.69,-1.8,,,,,,,18.35,15.4,1.19
2016-01-14,182,809,18,140,-25.7,,,,,36.3,8.0,53,4,8,0,7536.8,-0.34,-2.76,,,,,,,18.61,15.2,1.22
2016-01-15,47,948,0,450,-39.1,,,,,24.2,3.3,25,28,4,0,7437.8,-1.31,-5.18,,,,,,,19.42,14.9,1.3
2016-01-18,54,945,4,586,-42.7,,,,,11.4,1.1,13,88,3,0,7351.0,-1.17,-5.29,,,,,,,20.23,15.0,1.35
2016-01-19,787,206,236,24,-40.4,,,,,14.6,10.7,12,75,1,0,7435.1,1.14,-5.1,,,,,,,18.43,15.2,1.21
2016-01-20,109,890,12,348,-44.8,,,,,9.7,7.4,12,115,1,3,7309.3,-1.69,-6.12,,,,,,,20.97,16.0,1.31
2016-01-21,536,448,79,44,-34.8,,,,,10.4,23.8,8,115,1,1,7276.8,-0.44,-7.49,,,,,,,20.81,15.2,1.37
2016-01-22,894,102,324,9,-33.2,,,,,16.4,76.5,10,87,1,2,7422.45,2.0,-5.58,,,,,,,18.82,17.4,1.08
2016-01-25,685,302,139,21,-25.7,,,,,20.2,81.8,10,70,1,2,7436.15,0.18,-6.17,,,,,,,18.27,17.0,1.07
2016-01-27,546,431,92,27,-19.3,,,,,22.6,81.5,12,56,3,2,7437.75,0.02,-6.2,,,,,,,19.06,17.0,1.12
2016-01-28,449,529,56,41,-13.2,,,,,21.4,67.4,12,50,2,1,7424.65,-0.18,-5.97,,,,,,,17.9,17.0,1.05
2016-01-29,682,293,108,20,-3.0,,,,,26.9,70.2,13,53,2,2,7563.55,1.87,-4.82,,,,,,,17.24,18.4,0.94
2016-02-01,536,439,76,38,6.9,,,,,29.2,66.6,10,54,2,2,7555.95,-0.1,-5.11,,,,,,,17.89,18.3,0.98
2016-02-02,197,794,21,155,9.9,,,,,22.3,34.8,7,72,3,1,7455.55,-1.33,-4.31,,,,,,,18.04,17.4,1.04
2016-02-03,95,900,14,266,-4.0,,,,,15.6,13.0,7,148,0,2,7361.8,-1.26,-5.43,,,,,,,18.59,17.7,1.05
2016-02-04,352,636,27,93,1.0,,,,,15.0,13.6,5,160,0,2,7404.0,0.57,-4.35,,,,,,,18.21,18.0,1.01
2016-02-05,706,274,126,28,4.4,,,,,17.6,31.4,7,68,0,1,7489.1,1.15,-1.05,,,,,,,18.12,16.9,1.07
2016-02-08,437,546,52,46,-4.6,3,28,-2.5,,18.5,42.1,2,100,0,2,7387.25,-1.36,-2.82,,,,,,,20.26,17.4,1.16
2016-02-09,197,794,16,98,-14.4,1,54,-5.3,,14.6,30.7,4,103,0,2,7298.2,-1.21,-3.51,,,,,,,21.73,17.8,1.22
2016-02-10,164,825,15,204,-22.2,0,116,-11.6,,11.1,14.2,3,127,0,2,7215.7,-1.13,-3.92,,,,,,,22.47,18.0,1.25
2016-02-11,28,970,1,656,-30.8,0,236,-23.6,,4.4,1.1,3,206,0,2,6976.35,-3.32,-7.75,,,,,,,25.97,20.9,1.24
2016-02-12,298,684,62,229,-38.5,0,221,-22.1,,4.2,3.7,3,199,0,2,6980.95,0.07,-7.38,,,,,,,24.67,20.9,1.18
2016-02-15,907,87,486,18,-31.3,0,17,-1.7,,8.7,43.8,6,75,1,1,7162.95,2.61,-3.7,,,,,,,22.38,23.1,0.97
2016-02-16,128,868,12,279,-32.7,0,93,-9.3,,5.0,28.2,3,59,1,1,7048.25,-1.6,-4.12,,,,,,,23.04,23.4,0.98
2016-02-17,471,513,47,53,-25.1,0,86,-8.6,,6.1,43.9,4,79,2,1,7108.45,0.85,-4.39,,,,,,,21.83,23.2,0.94
2016-02-18,617,356,68,28,-19.6,0,46,-4.6,,8.3,53.7,7,46,1,0,7191.75,1.17,-1.61,,,,,,,21.49,23.0,0.93
2016-02-19,525,459,66,18,-23.3,0,45,-4.5,-9.4,9.3,47.5,9,49,1,0,7210.75,0.26,-0.91,,,,,,,20.92,23.0,0.91
2016-02-22,567,411,82,14,-20.7,2,37,-3.5,-9.5,10.3,63.4,6,57,1,0,7234.55,0.33,-2.53,,,,,,,21.02,21.8,0.96
2016-02-23,163,831,13,106,-21.4,3,68,-6.5,-9.6,7.4,32.2,4,81,2,1,7109.55,-1.73,-4.39,,,,,,,23.84,22.5,1.06
2016-02-24,223,757,18,106,-20.1,2,118,-11.6,-9.6,6.1,16.5,3,109,1,2,7018.7,-1.28,-5.63,,,,,,,22.96,22.7,1.01
2016-02-25,292,683,23,66,-14.6,2,142,-14.0,-8.6,5.5,14.9,3,124,1,2,6970.6,-0.69,-6.12,,,,,,,22.75,22.8,1.0
2016-02-26,380,606,26,64,-13.0,0,120,-12.0,-7.6,5.4,18.7,3,152,1,2,7029.75,0.85,-7.06,,,,,,,21.87,21.8,1.0
2016-02-29,380,599,48,70,-23.4,2,119,-11.7,-8.6,5.3,26.9,3,170,1,3,6987.05,-0.61,-7.53,,,,,,,20.16,21.8,0.92
2016-03-01,923,71,424,6,-7.4,3,11,-0.8,-7.8,9.4,84.3,3,81,1,1,7222.3,3.37,-3.13,,,,,,,18.67,25.1,0.74
2016-03-02,834,160,268,9,-0.3,6,5,0.1,-6.9,14.4,92.3,5,38,1,0,7368.85,2.03,0.1,,,,,,,18.99,25.9,0.73
2016-03-03,713,273,167,13,1.5,7,3,0.4,-6.4,19.6,93.8,6,18,1,0,7475.6,1.45,0.97,,,,,,,18.04,26.3,0.69
2016-03-04,611,374,130,11,3.2,10,5,0.5,-5.9,23.6,90.3,5,16,1,0,7485.35,0.13,-0.05,,,,,,,17.88,26.0,0.69
2016-03-08,486,495,93,23,1.6,14,4,1.0,-5.5,25.3,75.0,7,16,1,2,7485.3,0.0,1.33,,,,,,,18.47,25.5,0.72
2016-03-09,563,421,71,18,9.7,9,1,0.8,-4.7,30.1,65.8,11,17,1,1,7531.8,0.62,3.2,,,,,,,17.51,25.1,0.7
2016-03-10,414,568,47,24,13.5,5,3,0.2,-3.6,30.8,53.3,20,13,2,1,7486.15,-0.61,3.75,,,,,,,17.9,24.8,0.72
2016-03-11,386,600,46,21,15.2,8,4,0.4,-2.1,32.7,44.4,64,5,3,1,7510.2,0.32,7.65,,,,,,,17.1,20.9,0.82
2016-03-14,536,448,67,19,18.4,7,8,-0.1,-0.9,36.2,48.0,86,3,9,1,7538.75,0.38,7.99,,,,,,,17.1,20.9,0.82
2016-03-15,289,699,34,52,16.5,9,13,-0.4,0.2,34.4,36.1,42,9,7,2,7460.6,-1.04,4.16,,,,,,,17.6,19.8,0.89
2016-03-16,409,561,44,18,6.4,7,14,-0.7,0.2,35.7,37.5,58,6,14,3,7498.75,0.51,6.39,,,,,,,17.12,18.6,0.92
2016-03-17,515,459,61,33,0.2,8,13,-0.5,0.2,38.6,43.1,57,6,9,2,7512.55,0.18,5.68,,,,,,,16.84,18.5,0.91
2016-03-18,523,456,50,22,-3.5,11,13,-0.2,0.1,42.0,50.3,58,8,9,2,7604.35,1.22,5.74,,,,,,,16.38,18.5,0.89
2016-03-21,655,321,93,21,-2.5,7,9,-0.2,0.0,48.5,66.1,68,8,11,2,7704.25,1.31,6.84,,,,,,,16.33,18.9,0.86
2016-03-22,539,441,79,15,-1.5,15,4,1.1,0.0,53.5,68.1,76,8,14,2,7714.9,0.14,6.64,,,,,,,16.43,18.9,0.87
2016-03-23,477,492,81,21,-3.0,18,10,0.8,0.0,57.6,61.7,92,6,12,1,7716.5,0.02,8.54,,,,,,,16.35,17.3,0.95
2016-03-28,175,822,18,182,-8.0,5,21,-1.6,-0.1,48.4,29.1,75,7,9,1,7615.1,-1.31,8.5,,,,,,,17.49,17.3,1.01
2016-03-29,390,591,43,56,-7.8,6,27,-2.1,-0.4,48.8,27.3,97,7,11,1,7597.0,-0.24,8.99,,,,,,,17.64,17.0,1.04
2016-03-30,853,136,182,6,-1.5,20,6,1.4,-0.2,60.1,62.2,147,7,15,1,7735.2,1.82,10.04,,,,,,,16.81,17.7,0.95
2016-03-31,468,509,58,19,2.2,26,10,1.6,-0.0,62.7,66.0,159,8,17,1,7738.4,0.04,10.75,,,,,,,16.58,17.3,0.96
2016-04-01,699,293,128,15,7.7,30,5,2.5,0.3,67.9,83.3,105,8,14,2,7713.05,-0.33,6.79,4209.39,0.51,,4051.1,0.97,,17.28,14.0,1.23
2016-04-04,628,351,98,16,10.0,23,6,1.7,0.5,74.1,81.2,83,9,17,2,7758.8,0.59,5.29,4222.04,0.3,,4084.95,0.84,,17.45,12.5,1.4
2016-04-05,189,806,29,121,3.1,12,10,0.2,0.5,67.9,38.5,54,12,16,1,7603.2,-2.01,1.71,4156.08,-1.56,,4013.42,-1.75,,17.83,14.1,1.26
2016-04-06,720,259,143,8,4.4,29,5,2.4,0.8,71.9,56.6,65,11,14,1,7614.35,0.15,1.72,4175.93,0.48,,4062.04,1.21,,17.35,14.1,1.23
2016-04-07,366,621,39,25,0.8,14,7,0.7,0.8,72.6,47.0,50,9,11,1,7546.45,-0.89,0.82,4153.55,-0.54,,4048.7,-0.33,,16.94,14.6,1.16
2016-04-08,624,359,92,14,3.6,20,7,1.3,0.8,76.4,56.2,56,9,12,1,7555.2,0.12,0.31,4178.77,0.61,,4081.05,0.8,,16.43,14.4,1.14
2016-04-11,615,365,84,28,12.6,24,9,1.5,1.1,79.1,70.3,66,9,12,1,7671.4,1.54,2.47,4214.86,0.86,,4111.4,0.74,,16.01,15.2,1.05
2016-04-12,609,372,71,24,17.0,23,8,1.5,1.5,81.5,72.7,78,9,12,1,7708.95,0.49,2.65,4256.36,0.98,,4154.76,1.05,,16.03,15.2,1.05
2016-04-13,673,307,85,15,13.5,28,2,2.6,1.6,85.1,78.8,77,7,11,1,7850.45,1.84,4.13,4308.77,1.23,,4199.75,1.08,,16.04,16.3,0.98
2016-04-18,565,416,104,19,15.4,35,4,3.1,1.8,87.1,73.6,100,8,12,0,7914.7,0.82,6.09,4356.74,1.11,,4251.86,1.24,,16.95,15.8,1.07
2016-04-20,557,428,104,26,12.6,30,6,2.4,1.7,88.9,71.7,107,7,12,0,7914.75,0.0,5.55,4381.11,0.56,,4278.34,0.62,,17.08,15.8,1.08
2016-04-21,340,647,45,44,6.8,14,5,0.9,1.7,89.2,55.4,94,8,10,0,7912.05,-0.03,5.32,4353.06,-0.64,,4259.17,-0.45,,16.51,15.8,1.04
2016-04-22,463,507,49,13,12.5,15,4,1.1,1.8,89.1,48.1,87,9,10,0,7899.3,-0.16,3.88,4352.35,-0.02,,4258.22,-0.02,,16.38,15.5,1.06
2016-04-25,352,635,30,31,5.1,16,7,0.9,1.6,87.9,38.1,75,7,10,0,7855.05,-0.56,1.96,4342.72,-0.22,,4238.61,-0.46,,16.57,15.1,1.1
2016-04-26,662,315,73,16,11.1,18,4,1.4,1.7,88.9,52.3,91,7,12,0,7962.65,1.37,3.21,4379.03,0.84,,4258.57,0.47,,16.58,15.7,1.06
2016-04-27,466,514,48,13,8.0,27,5,2.2,1.8,88.6,54.8,80,6,12,0,7979.9,0.22,3.41,4384.85,0.13,,4271.67,0.31,,16.35,15.7,1.04
2016-04-28,195,787,20,56,-0.5,16,4,1.2,1.7,85.8,30.7,83,4,11,0,7847.25,-1.66,3.05,4331.1,-1.23,,4225.34,-1.08,,16.6,16.2,1.02
2016-04-29,448,533,41,19,-3.7,21,9,1.2,1.7,84.2,33.8,95,4,13,0,7849.8,0.03,3.33,4333.41,0.05,,4225.04,-0.01,,16.54,16.2,1.02
2016-05-02,471,515,61,21,-7.8,22,8,1.4,1.6,82.7,37.4,83,5,12,0,7805.9,-0.56,0.91,4350.66,0.4,,4232.25,0.17,,17.09,15.1,1.13
2016-05-03,395,592,36,32,-11.2,11,6,0.5,1.3,81.0,37.2,77,4,12,0,7747.0,-0.75,0.11,4329.76,-0.48,,4230.19,-0.05,,17.46,15.4,1.13
2016-05-04,199,791,11,79,-18.5,11,12,-0.1,1.1,74.9,25.4,45,7,9,0,7706.55,-0.52,-0.08,4290.67,-0.9,1.93,4174.05,-1.33,3.03,17.45,15.5,1.13
2016-05-05,458,519,47,30,-16.0,14,10,0.4,1.0,73.6,29.7,43,7,8,0,7735.5,0.38,-0.3,4277.18,-0.31,1.31,4178.23,0.1,2.28,17.17,15.4,1.11
2016-05-06,410,568,39,28,-17.1,12,15,-0.3,0.9,72.8,32.0,47,9,8,0,7733.45,-0.03,1.71,4282.43,0.12,3.04,4181.82,0.09,4.2,16.95,13.4,1.26
2016-05-09,736,247,94,15,-9.4,42,9,3.3,1.1,76.7,59.7,48,10,10,0,7866.05,1.71,3.31,4338.41,1.31,3.89,4233.9,1.25,4.23,16.61,14.6,1.14
2016-05-10,458,516,47,14,-13.5,36,13,2.3,1.2,76.4,62.3,53,9,11,0,7887.8,0.28,4.52,4341.4,0.07,4.52,4239.73,0.14,4.72,16.42,14.1,1.16
2016-05-11,372,609,40,19,-15.4,46,15,3.1,1.3,72.6,49.9,48,12,13,1,7848.85,-0.49,3.89,4330.58,-0.25,3.63,4235.7,-0.1,3.79,16.96,14.3,1.19
2016-05-12,676,306,92,14,-5.7,65,14,5.1,1.7,74.7,62.1,53,13,15,3,7900.4,0.66,2.99,4360.76,0.7,3.46,4276.44,0.96,4.01,16.33,13.5,1.21
2016-05-13,316,669,39,31,-8.4,40,14,2.6,1.8,70.5,42.8,48,11,11,2,7814.9,-1.08,1.37,4358.04,-0.06,2.39,4267.31,-0.21,2.71,17.0,14.1,1.21
2016-05-16,497,489,55,35,-7.9,47,12,3.5,2.0,69.5,47.1,42,12,15,2,7860.75,0.59,0.13,4360.8,0.06,1.21,4262.11,-0.12,1.48,17.03,12.7,1.34
2016-05-17,486,495,51,31,-6.0,40,10,3.0,2.3,70.4,49.8,41,12,16,2,7890.75,0.38,-0.3,4372.46,0.27,0.36,4276.52,0.34,0.58,16.37,12.4,1.32
2016-05-18,457,515,62,23,-0.7,39,9,3.0,2.6,68.8,48.4,44,15,14,3,7870.15,-0.26,-0.56,4381.71,0.21,0.01,4295.96,0.45,0.41,16.46,12.5,1.32
2016-05-19,214,770,26,71,-5.6,15,16,-0.1,2.6,62.7,30.0,43,13,16,4,7783.4,-1.1,-1.63,4323.81,-1.32,-0.67,4251.97,-1.02,-0.17,17.06,13.0,1.31
2016-05-20,242,743,26,71,-9.1,13,24,-1.1,2.5,58.0,21.0,37,14,11,5,7749.7,-0.43,-1.89,4302.8,-0.49,-1.14,4202.95,-1.15,-1.3,16.43,13.1,1.25
2016-05-23,366,622,48,53,-16.5,19,32,-1.3,2.0,55.4,22.8,38,10,9,4,7731.05,-0.24,-1.58,4287.66,-0.35,-1.27,4178.34,-0.59,-1.42,16.16,13.0,1.24
2016-05-24,286,701,17,88,-20.1,17,35,-1.8,1.6,50.5,22.8,32,17,8,3,7748.85,0.23,-2.69,4276.91,-0.25,-2.33,4146.89,-0.75,-2.62,16.22,11.9,1.36
2016-05-25,738,246,77,19,-12.8,25,10,1.5,1.4,54.9,47.1,32,15,7,3,7934.9,2.4,-0.56,4321.42,1.04,-1.45,4182.0,0.85,-2.1,15.52,14.9,1.04
2016-05-26,602,376,70,33,-14.2,31,10,2.1,1.1,58.1,60.3,33,13,10,3,8069.65,1.7,2.83,4364.73,1.0,0.78,4214.44,0.78,-0.26,15.33,14.7,1.04
2016-05-27,612,371,82,28,-8.3,34,6,2.8,1.2,61.0,69.3,39,9,8,1,8156.65,1.08,3.91,4400.75,0.83,1.55,4239.59,0.6,0.34,15.26,15.1,1.01
2016-05-30,502,481,56,41,-8.2,36,9,2.7,1.1,59.4,64.7,33,16,5,2,8178.5,0.27,4.77,4427.56,0.61,1.77,4259.65,0.47,0.65,15.98,14.8,1.08
2016-05-31,350,641,44,94,-11.0,32,25,0.7,0.9,56.2,48.8,30,16,4,2,8160.1,-0.22,5.33,4421.86,-0.13,2.13,4250.72,-0.21,0.49,16.05,14.4,1.11
2016-06-01,549,440,91,23,-9.3,29,21,0.8,0.6,58.0,50.4,37,14,5,2,8179.95,0.24,6.14,4409.93,-0.27,2.78,4269.15,0.43,2.28,15.84,14.1,1.12
2016-06-02,498,485,55,23,-3.6,34,23,1.1,0.8,58.4,50.8,40,13,7,2,8218.95,0.48,6.25,4434.73,0.56,3.68,4278.43,0.22,2.4,15.09,14.1,1.07
2016-06-03,383,601,50,38,-0.8,42,20,2.2,1.1,56.1,45.6,38,11,5,2,8220.8,0.02,6.3,4410.84,-0.54,3.0,4264.93,-0.32,1.99,15.0,14.1,1.06
2016-06-06,466,525,55,28,1.2,42,19,2.3,1.4,56.5,45.5,30,16,7,2,8201.05,-0.24,4.26,4424.11,0.3,1.98,4277.08,0.28,1.02,15.36,13.2,1.16
2016-06-07,622,360,83,12,8.0,55,11,4.4,2.1,59.0,57.0,38,16,9,2,8266.45,0.8,4.8,4459.66,0.8,2.72,4314.28,0.87,1.76,14.87,13.4,1.11
2016-06-08,652,334,107,6,6.2,59,7,5.2,2.4,63.9,69.6,44,10,8,1,8273.05,0.08,5.4,4487.04,0.61,3.61,4360.12,1.06,2.94,15.14,13.1,1.16
2016-06-09,430,548,52,14,2.8,33,3,3.0,2.5,63.7,64.1,35,9,6,0,8203.6,-0.84,3.84,4478.14,-0.2,2.69,4364.38,0.1,2.06,15.67,13.6,1.15
2016-06-10,405,579,62,17,-1.4,42,7,3.5,2.6,63.2,54.5,44,9,7,0,8170.05,-0.41,4.54,4467.46,-0.24,2.51,4366.65,0.05,2.33,15.97,13.0,1.23
2016-06-13,326,664,60,22,-5.0,39,4,3.5,2.7,60.9,36.6,43,10,7,0,8110.6,-0.73,3.18,4437.77,-0.66,1.77,4358.14,-0.19,2.25,16.58,13.3,1.25
2016-06-14,623,361,105,13,0.6,46,4,4.2,3.0,64.9,48.1,48,9,10,0,8108.85,-0.02,2.76,4466.09,0.64,2.14,4384.43,0.6,2.52,17.19,13.3,1.29
2016-06-15,670,310,103,13,3.1,79,3,7.6,3.7,67.3,66.9,66,8,21,0,8206.6,1.21,4.28,4491.45,0.57,2.5,4425.68,0.94,3.02,17.06,13.7,1.25
2016-06-16,286,699,50,38,-1.2,37,11,2.6,3.9,65.0,49.2,66,9,21,0,8140.75,-0.8,4.59,4467.04,-0.54,3.31,4409.23,-0.37,3.7,17.7,13.4,1.32
2016-06-17,470,512,57,40,0.6,40,9,3.1,3.9,65.6,49.5,83,9,24,0,8170.2,0.36,5.43,4480.29,0.3,4.12,4440.96,0.72,5.66,17.35,13.2,1.31
2016-06-20,543,431,63,18,2.3,38,5,3.3,4.0,66.5,54.1,96,6,26,0,,,,,,,,,,,,
2016-06-21,467,512,73,13,-0.8,38,7,3.1,3.9,67.1,52.7,99,7,30,0,8219.9,-0.23,6.32,4513.96,0.28,5.28,4464.02,0.33,6.84,17.26,13.1,1.32
2016-06-22,280,710,30,59,-8.3,25,6,1.9,3.6,65.1,40.7,87,6,20,0,8203.7,-0.2,5.87,4495.82,-0.4,5.12,4437.62,-0.59,7.01,18.19,13.2,1.38
2016-06-23,363,619,21,24,-9.6,17,10,0.7,3.4,64.2,35.4,74,5,21,1,8270.45,0.81,4.23,4498.88,0.07,4.11,4429.38,-0.19,5.92,18.02,10.9,1.65
2016-06-24,159,835,12,151,-14.7,16,20,-0.4,3.0,51.9,15.9,61,8,16,1,8088.6,-2.2,0.23,4443.61,-1.23,1.81,4348.6,-1.82,3.18,18.63,12.6,1.48
2016-06-27,822,166,181,3,-4.7,47,8,3.9,3.0,60.2,44.3,83,5,22,1,8094.7,0.08,-0.76,4485.9,0.95,1.93,4438.57,2.07,4.69,18.53,11.9,1.56
2016-06-28,667,319,99,11,-3.9,55,4,5.1,3.1,64.3,66.4,91,5,35,1,8127.85,0.41,-0.62,4516.71,0.69,2.01,4464.43,0.58,4.81,17.73,12.0,1.48
2016-06-29,774,213,132,5,-1.9,71,5,6.6,3.0,73.1,86.8,105,5,33,1,8204.0,0.94,0.54,4567.62,1.13,3.3,4538.27,1.65,6.76,16.16,12.4,1.3
2016-06-30,659,328,84,13,5.6,90,4,8.6,3.6,79.1,90.2,112,4,32,1,8287.75,1.02,1.32,4614.3,1.02,4.63,4586.69,1.07,7.44,16.29,12.9,1.26
2016-07-01,534,451,74,17,6.8,87,3,8.4,4.1,80.6,80.2,118,2,28,2,8328.35,0.49,1.33,4654.25,0.87,4.95,4621.65,0.76,8.02,15.74,12.9,1.22
2016-07-04,662,312,106,10,9.2,93,1,9.2,4.7,83.9,79.3,122,2,29,1,8370.7,0.51,1.82,4693.45,0.84,6.41,4675.09,1.16,9.62,15.58,13.0,1.2
2016-07-05,405,581,68,32,7.9,52,2,5.0,4.9,83.6,61.9,115,2,29,1,8335.95,-0.42,1.64,4689.34,-0.09,6.0,4684.9,0.21,9.54,15.36,13.1,1.17
2016-07-07,496,487,87,15,12.3,63,4,5.9,5.3,83.8,57.4,113,2,28,1,8337.9,0.02,0.86,4681.59,-0.17,4.98,4690.4,0.12,8.72,15.31,12.8,1.2
2016-07-08,347,641,36,30,11.9,47,3,4.4,5.7,83.0,45.3,110,4,27,1,8323.2,-0.18,0.61,4670.37,-0.24,4.09,4667.48,-0.49,7.05,15.08,12.8,1.18
2016-07-11,686,297,74,10,22.6,73,1,7.2,6.4,85.6,59.1,113,3,27,1,8467.9,1.74,3.22,4721.97,1.1,5.44,4706.52,0.84,7.84,14.85,13.7,1.08
2016-07-12,429,557,52,26,14.7,62,2,6.0,6.6,84.5,54.7,109,3,22,1,8521.05,0.63,4.3,4733.21,0.24,5.95,4713.82,0.16,7.95,14.78,13.6,1.09
2016-07-13,261,727,26,58,6.6,28,3,2.5,6.4,83.1,37.1,75,2,15,1,8519.5,-0.02,5.04,4699.47,-0.71,5.9,4669.76,-0.93,7.15,15.33,13.2,1.16
2016-07-14,649,337,72,12,4.1,66,2,6.4,6.4,84.2,50.2,70,2,14,1,8565.0,0.53,5.63,4722.47,0.49,5.74,4708.42,0.83,7.39,15.61,13.2,1.18
2016-07-15,274,708,27,39,-3.6,61,4,5.7,6.1,80.5,32.4,70,2,12,1,8541.4,-0.28,4.08,4688.28,-0.72,4.38,4673.6,-0.74,5.6,15.64,12.9,1.21
2016-07-18,333,657,28,25,-7.6,32,3,2.9,5.5,78.4,28.5,70,2,10,1,8508.7,-0.38,4.52,4662.15,-0.56,4.37,4653.73,-0.43,5.55,15.99,12.5,1.28
2016-07-19,408,578,31,20,-12.8,41,5,3.6,5.0,77.6,33.7,59,3,9,1,8528.55,0.23,4.39,4669.09,0.15,4.21,4653.36,-0.01,4.78,15.8,12.5,1.26
2016-07-20,700,284,87,8,-6.9,67,4,6.3,5.1,81.4,54.5,67,2,13,1,8565.85,0.44,4.21,4722.26,1.14,4.61,4697.4,0.95,5.23,15.99,12.4,1.29
2016-07-21,316,669,37,34,-10.5,53,6,4.7,5.0,79.5,45.4,72,3,11,1,8510.1,-0.65,3.73,4706.13,-0.34,4.68,4693.58,-0.08,5.77,15.71,12.7,1.24
2016-07-22,584,396,72,11,-5.7,63,6,5.7,5.1,81.6,58.3,80,5,17,1,8541.2,0.37,3.27,4753.59,1.01,5.66,4712.28,0.4,6.39,15.5,12.5,1.24
2016-07-25,709,276,103,4,-5.3,98,5,9.3,5.3,85.6,72.9,128,1,27,1,8635.65,1.11,6.76,4802.21,1.02,8.07,4755.13,0.91,9.35,15.72,9.3,1.69
2016-07-26,272,711,27,60,-8.4,47,3,4.4,5.2,82.7,48.8,86,3,17,1,8590.65,-0.52,6.13,4769.74,-0.68,6.33,4729.3,-0.54,6.55,15.62,9.7,1.61
2016-07-27,515,468,54,15,-3.2,63,6,5.7,5.5,82.9,50.8,82,3,10,1,8615.8,0.29,6.0,4799.21,0.62,6.25,4749.74,0.43,6.39,15.43,9.7,1.59
2016-07-28,546,435,67,19,-5.3,75,5,7.0,5.5,83.6,52.4,68,2,11,0,8666.3,0.59,5.64,4825.5,0.55,5.65,4780.37,0.64,5.33,15.15,9.5,1.59
2016-07-29,426,560,62,38,-2.2,69,7,6.2,5.6,81.0,49.2,60,4,9,0,8638.5,-0.32,4.23,4856.94,0.65,5.26,4778.33,-0.04,4.18,14.92,9.3,1.6
2016-08-01,348,639,46,53,-1.9,69,5,6.4,5.9,76.9,41.4,67,6,8,0,8636.55,-0.02,3.7,4877.88,0.43,4.8,4772.08,-0.13,3.25,15.18,9.3,1.63
2016-08-02,265,726,31,74,-4.8,53,9,4.4,6.0,71.8,29.5,52,6,8,0,8622.9,-0.16,3.01,4848.96,-0.59,3.31,4727.74,-0.93,1.13,15.69,9.3,1.69
2016-08-03,199,793,13,81,-14.9,17,9,0.8,5.5,64.9,18.3,39,11,7,0,8544.85,-0.91,2.51,4789.7,-1.22,2.14,4676.57,-1.08,-0.18,16.24,9.8,1.66
2016-08-04,557,429,60,24,-10.1,27,8,1.9,5.2,65.4,29.1,39,10,6,0,8551.1,0.07,2.56,4817.6,0.58,2.91,4687.61,0.24,-0.06,15.14,9.8,1.54
2016-08-05,779,204,125,14,-6.3,63,6,5.7,5.2,70.6,61.2,52,6,8,0,8683.15,1.54,4.32,4893.47,1.57,4.78,4758.39,1.51,1.95,14.35,10.9,1.32
2016-08-08,551,431,78,31,-9.4,76,7,6.9,4.9,70.6,69.3,45,9,6,0,8711.35,0.32,2.87,4918.83,0.52,4.17,4791.04,0.69,1.8,14.59,9.4,1.55
2016-08-09,334,653,35,67,-8.2,42,8,3.4,4.8,66.7,59.3,41,9,8,0,8678.25,-0.38,1.84,4902.99,-0.32,3.59,4773.5,-0.37,1.27,14.54,9.4,1.55
2016-08-10,195,797,17,97,-14.7,23,11,1.2,4.4,58.5,28.4,40,9,8,0,8575.3,-1.19,0.65,4849.94,-1.08,3.2,4712.85,-1.27,0.92,14.92,10.4,1.43
2016-08-11,399,578,29,55,-17.6,29,11,1.8,3.9,57.3,25.0,35,16,8,0,8592.15,0.2,0.32,4854.32,0.09,2.79,4705.84,-0.15,-0.05,14.21,10.3,1.38
2016-08-12,484,499,52,44,-16.4,41,9,3.2,3.6,55.9,31.6,48,16,9,0,8672.15,0.93,1.53,4869.96,0.32,3.88,4703.93,-0.04,0.65,13.77,10.7,1.29
2016-08-16,392,602,42,82,-15.6,52,16,3.6,3.3,53.5,37.1,47,23,10,0,8642.55,-0.34,1.57,4891.97,0.45,4.93,4704.16,0.0,1.08,14.18,10.7,1.33
2016-08-17,597,389,75,30,-8.9,62,4,5.8,3.4,55.6,52.0,50,24,11,0,8624.05,-0.21,1.12,4916.99,0.51,5.31,4745.78,0.88,1.99,14.78,10.7,1.38
2016-08-18,687,291,122,10,1.0,91,5,8.6,4.2,60.2,66.2,53,19,13,0,8673.25,0.57,1.25,4961.45,0.9,5.07,4805.97,1.27,2.31,14.55,10.8,1.35
2016-08-19,566,416,95,6,1.2,85,3,8.2,4.8,62.8,71.3,49,12,19,0,8666.9,-0.07,1.84,4995.15,0.68,6.14,4832.56,0.55,2.96,14.54,10.5,1.38
2016-08-22,413,557,74,35,-6.0,74,6,6.8,5.0,61.3,63.0,51,17,19,0,8629.15,-0.44,1.03,4963.33,-0.64,4.41,4829.16,-0.07,2.48,14.24,10.6,1.34
2016-08-23,446,531,51,20,-8.0,62,5,5.7,4.8,60.7,52.7,44,21,14,0,8632.6,0.04,-0.04,4958.92,-0.09,3.26,4834.45,0.11,1.67,13.9,9.8,1.42
2016-08-24,589,391,68,14,-2.8,80,3,7.7,5.3,63.2,56.5,53,21,15,0,8650.3,0.21,0.69,4981.79,0.46,4.45,4867.3,0.68,2.92,13.49,9.6,1.41
2016-08-25,376,608,41,23,0.9,59,8,5.1,5.7,62.9,47.9,54,22,10,0,8592.2,-0.67,-0.27,4971.17,-0.21,3.58,4850.74,-0.34,2.13,13.29,9.9,1.34
2016-08-26,326,658,36,23,-0.7,47,12,3.5,5.8,60.8,37.7,44,24,9,1,8572.55,-0.23,-1.08,4976.88,0.11,3.14,4837.79,-0.27,1.2,13.57,9.7,1.4
2016-08-29,443,539,51,23,-1.5,50,14,3.6,5.9,59.1,40.6,51,25,12,1,8607.45,0.41,-0.36,4999.12,0.45,2.93,4847.4,0.2,1.45,13.17,9.8,1.34
2016-08-30,666,304,72,15,4.3,84,6,7.8,6.3,62.8,57.6,53,22,14,2,8744.35,1.59,1.25,5057.97,1.18,3.69,4888.61,0.85,2.44,13.02,11.3,1.15
2016-08-31,472,510,55,21,1.8,68,5,6.3,6.3,62.0,56.9,55,20,13,2,8786.2,0.48,1.89,5069.12,0.22,4.54,4898.93,0.21,3.62,13.24,11.3,1.17
2016-09-01,297,695,36,60,-6.2,58,12,4.6,5.9,58.8,43.2,51,18,14,1,8774.65,-0.13,2.69,5045.49,-0.47,5.34,4864.06,-0.71,4.01,13.34,10.7,1.25
2016-09-02,562,422,72,19,-6.2,72,10,6.2,5.7,60.2,49.5,60,18,19,0,8809.65,0.4,3.02,5071.84,0.52,5.28,4885.96,0.45,4.23,12.94,10.8,1.2
2016-09-06,663,318,112,14,-1.4,102,9,9.3,6.0,63.2,62.8,60,17,18,0,8943.0,1.51,2.99,5138.06,1.31,5.0,4935.16,1.01,3.71,12.75,10.7,1.19
2016-09-07,482,497,71,25,-0.7,93,7,8.6,6.3,63.8,63.7,57,18,16,0,8917.95,-0.28,2.37,5145.9,0.15,4.62,4965.19,0.61,3.63,13.15,10.8,1.22
2016-09-08,617,366,88,18,-0.1,101,7,9.4,6.4,67.7,71.0,64,14,18,0,8952.5,0.39,3.16,5181.09,0.68,5.67,5018.66,1.08,5.14,13.12,10.7,1.23
2016-09-09,332,654,50,34,-1.0,41,3,3.8,6.3,66.2,52.9,74,8,16,0,8866.7,-0.96,3.4,5149.6,-0.61,6.18,4992.59,-0.52,5.94,13.23,10.3,1.28
2016-09-12,89,907,17,219,-5.9,18,12,0.6,6.0,52.9,16.4,59,7,12,0,8715.6,-1.7,1.44,5012.48,-2.66,3.26,4852.46,-2.81,3.12,15.24,12.3,1.24
2016-09-14,717,268,122,17,-0.4,44,9,3.5,6.0,58.8,33.9,75,5,17,0,8726.6,0.13,0.63,5072.46,1.2,4.16,4925.39,1.5,4.71,14.76,11.9,1.24
2016-09-15,503,477,80,14,-3.8,50,3,4.7,5.7,59.2,42.1,92,4,18,0,8742.55,0.18,1.16,5077.8,0.11,3.8,4942.5,0.35,5.07,14.68,11.8,1.24
2016-09-16,454,531,72,35,-4.2,46,7,3.9,5.5,58.8,50.4,89,5,20,0,8779.85,0.43,1.81,5076.71,-0.02,3.25,4950.14,0.15,4.31,14.58,11.8,1.24
2016-09-19,542,434,72,18,0.9,53,7,4.6,5.5,61.0,61.0,79,5,20,0,8808.4,0.33,1.56,5100.53,0.47,2.8,4978.6,0.57,3.59,14.94,11.7,1.28
2016-09-20,349,636,41,26,-3.4,38,8,3.0,5.1,61.6,48.0,80,6,17,0,8775.9,-0.37,1.26,5077.45,-0.45,1.65,4974.49,-0.08,2.94,14.78,11.8,1.25
2016-09-21,487,495,48,13,-6.9,44,6,3.8,4.6,61.5,50.0,80,6,16,0,8777.15,0.01,1.72,5080.46,0.06,2.36,4981.84,0.15,3.16,14.81,11.7,1.27
2016-09-22,692,284,78,6,-2.7,73,8,6.5,4.4,66.8,66.8,79,5,17,1,8867.45,1.03,2.72,5139.08,1.15,3.63,5036.69,1.1,4.18,13.34,12.2,1.09
2016-09-23,362,626,42,20,-7.9,65,5,6.0,4.0,65.6,52.8,72,6,16,1,8831.55,-0.4,2.1,5152.38,0.26,3.42,5026.14,-0.21,3.26,13.25,12.3,1.08
2016-09-26,281,711,35,26,-8.9,47,9,3.8,4.0,61.3,37.2,73,7,18,1,8723.05,-1.23,1.52,5120.54,-0.62,3.0,4996.33,-0.59,3.0,14.57,12.9,1.13
2016-09-27,417,568,53,13,-2.3,64,9,5.5,4.5,60.9,37.3,80,5,20,1,8706.4,-0.19,1.56,5127.86,0.14,3.03,4991.19,-0.1,3.17,14.25,12.9,1.1
2016-09-28,660,317,103,14,-3.3,76,6,7.0,4.9,66.0,52.6,97,6,19,1,8745.15,0.45,1.6,5182.42,1.06,3.67,5048.87,1.16,4.16,13.85,12.9,1.07
2016-09-29,40,960,5,622,-12.8,10,30,-2.0,4.2,44.0,7.8,45,7,11,1,8591.25,-1.76,-1.75,5011.34,-3.3,-0.92,4818.09,-4.57,-1.44,18.45,13.2,1.4
2016-09-30,871,127,190,6,-4.6,28,10,1.8,4.0,53.0,29.3,61,6,15,1,8611.15,0.23,-1.99,5103.0,1.83,0.67,4923.76,2.19,0.51,17.18,13.1,1.31
2016-10-03,932,63,256,1,3.0,105,1,10.4,4.6,65.0,80.1,84,5,22,1,8738.1,1.47,-0.42,5226.18,2.41,3.58,5067.19,2.91,4.18,15.62,14.3,1.09
2016-10-04,565,419,97,5,7.4,107,5,10.2,5.3,67.3,84.7,89,4,21,1,8769.15,0.36,-0.46,5266.24,0.77,3.83,5098.94,0.63,4.36,14.99,14.2,1.06
2016-10-05,549,440,113,9,8.5,114,3,11.1,6.0,70.5,90.5,93,5,20,2,8743.95,-0.29,-2.23,5301.0,0.66,3.17,5137.94,0.76,4.11,14.93,13.1,1.14
2016-10-06,341,649,47,33,1.4,79,5,7.4,6.1,68.6,63.1,78,6,19,2,8709.55,-0.39,-2.34,5277.99,-0.43,2.57,5105.42,-0.63,2.82,14.84,13.1,1.13
2016-10-07,453,527,60,17,3.3,77,8,6.9,6.2,69.9,48.6,82,3,20,2,8697.6,-0.14,-2.85,5270.86,-0.13,1.73,5111.9,0.13,1.86,14.49,12.9,1.12
2016-10-10,534,450,85,10,8.4,97,4,9.3,6.8,70.9,51.9,96,3,21,2,8708.8,0.13,-1.78,5273.32,0.05,2.4,5117.85,0.12,2.51,14.29,12.6,1.13
2016-10-13,164,833,27,130,3.2,35,8,2.7,6.5,62.0,23.9,93,4,22,2,8573.35,-1.56,-1.63,5210.09,-1.2,3.94,5029.99,-1.72,3.66,15.43,12.4,1.24
2016-10-14,643,338,104,16,2.9,64,5,5.9,6.4,65.4,39.2,94,4,21,2,8583.4,0.12,-1.64,5249.81,0.76,3.5,5067.61,0.75,2.89,14.89,12.4,1.2
2016-10-17,352,634,66,36,9.2,58,6,5.2,7.1,63.0,35.9,91,3,19,2,8520.4,-0.73,-2.54,5194.41,-1.06,2.3,5042.54,-0.49,2.02,15.66,12.5,1.25
2016-10-18,774,212,121,9,7.4,73,2,7.1,7.6,69.4,64.4,108,2,27,1,8677.9,1.85,-1.16,5265.69,1.37,3.72,5104.68,1.23,3.12,14.54,14.2,1.02
2016-10-19,545,432,87,19,-0.1,92,1,9.1,7.5,72.3,72.6,106,1,25,1,8659.1,-0.22,-1.69,5270.28,0.09,3.33,5128.13,0.46,3.0,14.61,14.2,1.03
2016-10-20,539,445,61,20,-0.7,90,1,8.9,7.4,73.7,70.5,109,1,26,1,8699.4,0.47,-0.87,5286.77,0.31,4.12,5164.79,0.71,3.83,14.17,14.3,0.99
2016-10-21,490,499,64,14,-1.8,83,4,7.9,7.0,74.3,64.6,108,2,24,1,8693.05,-0.07,-0.96,5303.84,0.32,4.4,5178.46,0.26,3.95,13.83,14.3,0.97
2016-10-24,560,424,89,16,2.6,110,2,10.8,7.4,76.7,62.8,112,2,24,0,8708.95,0.18,-1.79,5307.48,0.07,3.28,5206.44,0.54,3.37,14.33,13.7,1.05
2016-10-25,364,622,49,21,0.8,76,2,7.4,7.4,74.1,50.1,106,0,22,0,8691.3,-0.2,-1.59,5304.38,-0.06,2.95,5203.17,-0.06,3.52,14.48,13.7,1.06
2016-10-26,283,704,34,39,-4.3,48,5,4.3,6.9,71.6,36.3,105,0,23,0,8615.25,-0.88,-1.24,5266.12,-0.72,2.84,5166.44,-0.71,3.4,14.45,13.3,1.09
2016-10-27,289,701,30,46,-1.7,44,6,3.8,7.0,68.2,28.5,93,0,20,0,8615.25,0.0,-1.05,5218.96,-0.9,1.78,5126.29,-0.78,2.71,14.09,13.3,1.06
2016-10-28,627,357,80,20,-2.1,69,4,6.5,7.1,70.3,41.6,96,1,23,0,8638.0,0.26,-1.23,5279.71,1.16,1.88,5160.38,0.67,2.21,14.65,13.2,1.11
2016-11-01,603,379,114,23,3.0,112,4,10.8,7.7,72.4,56.4,179,1,49,0,8626.25,0.01,0.41,5308.04,-0.14,5.92,5197.45,-0.08,7.87,15.74,11.6,1.36
2016-11-02,121,873,21,133,-10.2,34,6,2.8,7.2,62.4,27.9,123,1,39,0,8514.0,-1.3,-1.13,5212.13,-1.81,2.14,5100.04,-1.87,3.58,16.8,12.5,1.34
2016-11-03,219,768,25,61,-16.8,21,13,0.8,6.4,58.2,20.5,81,4,21,0,8484.95,-0.34,-2.9,5152.3,-1.15,-1.41,5044.02,-1.1,-0.46,16.47,11.1,1.48
2016-11-04,95,900,8,298,-25.8,4,18,-1.4,5.4,46.5,7.1,54,5,13,0,8433.75,-0.6,-3.82,5064.74,-1.7,-3.83,4931.03,-2.24,-3.29,16.85,11.1,1.52
2016-11-07,766,226,101,21,-20.3,19,8,1.1,4.7,53.6,19.7,59,7,17,0,8497.05,0.75,-2.82,5102.28,0.74,-3.75,4998.12,1.36,-2.72,16.51,11.6,1.42
2016-11-08,410,573,22,31,-23.3,17,7,1.0,3.7,51.2,33.5,53,5,15,0,8543.55,0.55,-1.91,5125.89,0.46,-2.88,5002.52,0.09,-2.02,16.77,11.8,1.42
2016-11-09,138,859,11,356,-27.9,5,25,-2.0,2.8,37.4,17.8,39,15,12,0,8432.0,-1.31,-3.05,5007.44,-2.31,-5.0,4867.43,-2.7,-4.78,16.62,12.6,1.32
2016-11-10,819,177,265,17,-17.3,30,5,2.5,2.6,49.1,54.7,41,10,12,0,8525.75,1.11,-2.1,5095.32,1.75,-3.38,4953.71,1.77,-3.21,15.46,13.3,1.16
2016-11-11,56,940,5,446,-22.0,5,30,-2.5,2.0,31.8,13.9,33,15,9,0,8296.3,-2.69,-3.23,4917.96,-3.48,-5.61,4778.87,-3.53,-4.99,17.37,15.5,1.12
2016-11-15,62,938,9,644,-33.4,3,62,-5.9,0.7,17.2,6.2,13,74,6,0,8108.45,-2.26,-5.53,4724.71,-3.93,-10.0,4540.62,-4.99,-10.4,20.15,17.1,1.18
2016-11-16,433,552,57,79,-36.9,2,47,-4.5,-0.8,17.1,7.6,10,76,3,0,8111.6,0.04,-4.8,4733.55,0.19,-8.87,4553.34,0.28,-9.7,19.5,17.1,1.14
2016-11-17,314,675,26,116,-33.0,3,46,-4.3,-1.5,14.3,7.4,7,100,3,1,8079.95,-0.39,-6.89,4714.17,-0.41,-10.47,4524.98,-0.62,-11.36,18.71,15.2,1.23
2016-11-18,541,444,56,41,-26.5,7,35,-2.8,-1.9,16.4,25.7,8,119,3,4,8074.1,-0.07,-6.76,4724.26,0.21,-10.36,4547.2,0.49,-11.33,17.81,15.3,1.16
2016-11-21,76,920,11,433,-26.9,1,81,-8.0,-2.5,9.1,11.6,5,201,3,5,7929.1,-1.8,-8.85,4597.94,-2.67,-13.03,4383.5,-3.6,-15.13,19.1,15.8,1.21
2016-11-22,629,359,94,32,-29.6,3,51,-4.8,-3.1,11.3,25.0,6,188,2,4,8002.3,0.92,-7.95,4669.06,1.55,-11.97,4422.38,0.89,-14.6,18.47,16.5,1.12
2016-11-23,807,185,246,11,-21.7,5,7,-0.2,-3.3,15.9,64.6,7,147,2,4,8033.3,0.39,-7.76,4715.91,1.0,-11.15,4502.4,1.81,-13.52,18.04,16.6,1.09
2016-11-24,510,474,87,11,-14.2,8,16,-0.8,-3.1,18.1,68.6,9,131,2,4,7965.5,-0.84,-8.35,4686.4,-0.63,-11.65,4503.01,0.01,-13.46,17.16,16.7,1.03
2016-11-25,859,134,192,3,-13.3,9,5,0.4,-3.3,23.0,90.1,10,83,2,4,8114.3,1.87,-5.81,4763.16,1.64,-9.55,4587.85,1.88,-11.2,17.61,18.4,0.96
2016-11-28,636,353,141,15,-1.7,20,2,1.8,-2.9,26.1,85.0,12,56,2,3,8126.9,0.16,-5.67,4790.43,0.57,-8.21,4620.77,0.72,-9.86,18.06,18.5,0.98
2016-11-29,626,363,83,18,9.7,11,7,0.4,-2.3,27.4,84.0,10,47,2,3,8142.15,0.19,-5.74,4828.05,0.79,-8.55,4652.51,0.69,-9.84,17.71,18.4,0.96
2016-11-30,736,245,127,11,15.8,20,2,1.8,-1.7,33.0,86.6,11,37,1,3,8224.5,1.01,-4.66,4887.42,1.23,-7.92,4714.26,1.33,-9.3,16.85,19.0,0.89
2016-12-01,293,700,43,56,15.4,14,2,1.2,-1.1,30.4,60.3,11,28,1,2,8192.9,-0.38,-3.77,4842.62,-0.92,-7.09,4681.38,-0.7,-8.21,16.69,18.6,0.9
2016-12-02,164,825,12,79,7.8,4,7,-0.3,-0.9,24.9,25.1,7,30,1,2,8086.8,-1.3,-4.69,4772.22,-1.45,-7.38,4621.1,-1.29,-8.38,17.93,19.0,0.94
2016-12-05,580,397,54,17,18.1,13,3,1.0,0.1,26.3,32.1,10,24,1,2,8128.75,0.52,-3.62,4793.87,0.45,-5.35,4622.97,0.04,-6.25,17.29,19.1,0.91
2016-12-06,567,415,50,11,16.9,15,5,1.0,0.6,27.8,42.6,13,24,1,2,8143.15,0.18,-4.16,4814.69,0.43,-5.64,4649.55,0.58,-6.97,17.11,18.9,0.91
2016-12-07,309,674,25,22,7.0,9,7,0.2,0.7,25.9,37.3,13,25,1,2,8102.05,-0.5,-5.17,4797.83,-0.35,-6.4,4622.74,-0.58,-7.59,16.85,18.7,0.9
2016-12-08,831,152,84,5,13.4,20,3,1.7,0.9,32.0,75.6,24,11,3,2,8246.85,1.79,-2.2,4863.64,1.37,-2.87,4679.24,1.22,-3.87,15.53,19.6,0.79
2016-12-09,533,449,76,7,7.0,25,2,2.3,1.1,35.9,72.0,15,14,3,2,8261.75,0.18,-3.1,4882.66,0.39,-4.17,4705.57,0.56,-5.01,15.07,19.1,0.79
2016-12-12,285,706,36,31,-0.0,26,7,1.9,1.1,34.1,46.6,29,8,7,2,8170.8,-1.1,-1.51,4829.78,-1.08,-1.79,4666.16,-0.84,-2.36,16.19,16.9,0.96
2016-12-13,477,496,42,15,-2.8,15,5,1.0,1.2,35.2,48.2,48,4,13,2,8221.8,0.62,1.4,4812.11,-0.37,1.85,4673.34,0.15,2.92,15.92,14.9,1.07
2016-12-14,243,742,22,38,-12.7,7,16,-0.9,0.9,31.3,27.1,44,4,11,1,8182.45,-0.48,0.87,4782.12,-0.62,1.03,4634.75,-0.83,1.79,16.59,15.0,1.11
2016-12-15,508,469,42,15,-8.3,12,7,0.5,0.8,32.1,31.4,54,4,14,0,8153.6,-0.35,0.91,4788.7,0.14,1.58,4648.16,0.29,2.72,15.66,15.0,1.04
2016-12-16,370,612,30,21,-4.1,6,13,-0.7,0.8,30.8,34.7,54,4,11,0,8139.45,-0.17,0.81,4779.09,-0.2,1.16,4636.23,-0.26,1.96,15.25,15.0,1.02
2016-12-19,317,662,36,27,-9.4,9,14,-0.5,0.6,30.4,29.0,88,5,19,0,8104.35,-0.43,2.21,4757.51,-0.45,3.47,4608.87,-0.59,5.14,14.84,13.5,1.1
2016-12-20,235,750,19,52,-16.0,7,20,-1.3,0.4,25.5,21.1,71,4,15,0,8082.4,-0.27,1.0,4701.71,-1.17,0.7,4566.66,-0.92,3.26,14.54,13.2,1.1
2016-12-21,425,552,27,22,-13.7,6,14,-0.8,0.3,26.1,26.4,54,5,11,0,8061.3,-0.26,0.35,4700.47,-0.03,-0.33,4574.59,0.17,1.6,14.71,13.2,1.11
2016-12-22,138,854,13,99,-27.6,0,25,-2.5,-0.1,19.3,12.5,33,5,5,0,7979.1,-1.02,0.17,4645.53,-1.17,-0.87,4512.54,-1.36,0.21,15.55,13.4,1.16
2016-12-23,435,544,45,28,-29.5,3,27,-2.4,-0.6,19.9,21.0,28,10,5,0,7985.75,0.08,-1.58,4642.41,-0.07,-2.54,4506.36,-0.14,-1.78,15.13,11.5,1.32
2016-12-26,95,898,8,191,-33.4,1,42,-4.1,-1.2,13.4,9.2,18,8,1,1,7908.25,-0.97,-2.69,4537.78,-2.25,-5.27,4408.88,-2.16,-4.59,16.6,11.8,1.41
2016-12-27,781,202,75,8,-27.4,3,18,-1.5,-1.4,18.2,32.9,18,8,2,1,8032.85,1.58,-1.34,4606.96,1.52,-4.58,4471.76,1.43,-3.88,15.08,13.3,1.13
2016-12-28,636,343,57,9,-19.5,4,12,-0.8,-1.4,22.7,57.7,16,7,3,2,8034.85,0.02,-2.31,4643.76,0.8,-4.99,4503.1,0.7,-4.48,15.54,12.7,1.22
2016-12-29,732,245,55,7,-15.0,4,5,-0.1,-1.5,27.2,75.7,15,6,4,1,8103.6,0.86,-1.09,4712.08,1.47,-2.7,4550.09,1.04,-2.8,15.28,13.1,1.17
2016-12-30,754,229,72,9,-7.3,7,3,0.4,-1.4,31.6,89.9,19,7,3,1,8185.8,1.01,1.22,4738.85,0.57,-0.7,4599.77,1.09,-0.46,15.47,12.7,1.22
2017-01-02,758,234,127,2,1.4,18,1,1.7,-1.1,39.5,90.2,27,6,4,0,8179.5,-0.08,0.62,4780.9,0.89,-0.27,4669.83,1.52,1.01,15.83,12.6,1.26
2017-01-03,707,274,111,11,10.9,19,1,1.8,-0.8,50.3,88.5,26,5,3,0,8192.25,0.16,0.6,4811.69,0.64,-0.06,4725.86,1.2,1.64,15.96,12.6,1.27
2017-01-04,564,419,88,12,13.6,30,2,2.8,-0.5,55.5,82.3,30,5,4,2,8190.5,-0.02,1.09,4821.66,0.21,0.5,4748.42,0.48,2.72,15.89,12.4,1.28
2017-01-05,722,260,86,5,25.4,38,0,3.8,0.2,64.8,84.3,30,5,2,1,8273.8,1.02,0.33,4868.04,0.96,0.09,4793.38,0.95,2.44,15.05,11.3,1.33
2017-01-06,334,651,37,15,23.3,22,2,2.0,0.6,63.6,63.8,30,6,2,1,8243.8,-0.36,-0.22,4855.39,-0.26,-0.56,4773.26,-0.42,1.44,14.91,11.3,1.32
2017-01-09,532,448,70,10,32.2,38,1,3.7,1.4,65.6,56.4,42,5,3,0,8236.05,-0.09,0.8,4871.71,0.34,0.87,4801.38,0.59,2.9,15.48,10.6,1.46
2017-01-10,608,368,87,9,28.8,39,0,3.9,1.9,70.1,63.3,50,5,4,1,8288.6,0.64,0.81,4888.97,0.35,1.6,4841.79,0.84,3.6,15.2,10.6,1.43
2017-01-11,669,315,94,9,29.4,44,1,4.3,2.4,78.3,73.6,64,5,7,1,8380.65,1.11,2.42,4952.61,1.3,3.57,4889.53,0.99,5.5,14.81,11.1,1.33
2017-01-12,343,639,38,25,21.5,31,2,2.9,2.7,77.9,62.4,58,3,6,0,8407.2,0.32,3.11,4955.52,0.06,3.48,4874.94,-0.3,4.88,14.61,10.9,1.34
2017-01-13,416,567,43,13,14.8,28,3,2.5,2.9,77.8,54.4,63,3,8,0,8400.35,-0.08,3.21,4949.17,-0.13,3.56,4880.51,0.11,5.27,14.38,10.9,1.32
2017-01-16,581,389,61,11,11.5,41,1,4.0,3.2,79.9,55.1,69,1,7,0,8412.8,0.15,3.81,4964.66,0.31,4.35,4915.13,0.71,6.65,15.07,10.7,1.41
2017-01-17,464,515,39,9,6.6,31,0,3.1,3.3,80.6,51.7,82,1,8,0,8398.0,-0.18,3.9,4982.28,0.35,5.97,4926.56,0.23,7.88,15.39,10.6,1.45
2017-01-18,544,431,61,11,6.3,48,1,4.7,3.5,83.3,59.3,84,1,11,0,8417.0,0.23,4.41,5012.1,0.6,6.63,4953.85,0.55,8.29,15.18,10.5,1.45
2017-01-19,488,495,47,12,1.6,54,1,5.3,3.6,84.1,57.9,107,1,15,0,8435.1,0.22,5.71,5036.68,0.49,8.42,4961.63,0.16,9.95,15.02,9.4,1.6
2017-01-20,168,823,16,61,-1.8,17,3,1.4,3.6,79.6,28.0,88,0,11,0,8349.35,-1.02,4.55,4964.23,-1.44,6.93,4887.94,-1.49,8.47,15.79,10.5,1.5
2017-01-23,650,324,59,13,0.6,39,4,3.5,3.6,80.8,41.1,141,0,18,0,8391.5,0.5,6.11,4986.07,0.44,9.88,4917.97,0.61,11.55,15.91,9.5,1.67
2017-01-24,657,321,63,13,1.6,58,2,5.6,3.7,82.6,58.8,130,0,16,0,8475.8,1.0,5.51,5044.01,1.16,9.49,4945.08,0.55,10.58,15.29,8.7,1.76
2017-01-25,594,384,68,10,0.2,71,2,6.9,4.0,85.3,65.7,136,0,19,0,8602.75,1.5,7.07,5102.73,1.16,9.88,4996.65,1.04,10.96,15.17,9.6,1.58
2017-01-27,493,489,51,21,3.2,48,2,4.6,4.2,86.4,67.1,114,0,14,0,8641.25,0.45,6.63,5136.83,0.67,9.01,5031.55,0.7,10.58,16.01,9.5,1.69
2017-01-30,362,616,31,26,2.1,38,0,3.8,4.3,84.1,55.0,88,0,9,0,8632.75,-0.1,5.46,5121.31,-0.3,8.07,5024.27,-0.14,9.23,16.67,9.2,1.81
2017-01-31,185,801,18,54,-5.9,18,4,1.4,4.0,77.3,27.1,64,1,5,0,8561.3,-0.83,4.67,5067.49,-1.05,5.99,4968.62,-1.11,6.4,16.83,9.9,1.7
2017-02-01,762,222,134,7,-0.0,51,0,5.1,4.2,80.6,55.6,65,1,7,0,8716.4,1.81,6.4,5160.73,1.84,7.25,5062.78,1.89,7.13,13.97,11.4,1.23
2017-02-02,567,425,93,18,0.3,65,1,6.4,4.4,82.2,63.7,69,0,3,0,8734.25,0.2,6.64,5204.58,0.85,7.94,5117.46,1.08,7.77,13.52,11.3,1.2
2017-02-03,608,380,113,18,2.6,74,1,7.3,4.6,84.8,68.8,74,0,7,0,8740.95,0.08,5.65,5260.27,1.07,8.06,5187.25,1.36,8.22,13.13,11.0,1.19
2017-02-06,667,323,116,18,12.6,88,2,8.6,5.3,86.6,76.9,90,0,7,0,8801.05,0.69,6.76,5297.49,0.71,9.11,5240.93,1.03,9.8,13.4,10.9,1.23
2017-02-07,384,602,62,30,7.2,70,1,6.9,5.7,84.9,63.3,82,1,7,0,8768.3,-0.37,6.46,5284.95,-0.24,8.48,5235.88,-0.1,9.05,13.51,11.1,1.22
2017-02-08,502,481,53,24,4.0,65,1,6.4,5.7,85.1,57.7,75,2,6,0,8769.05,0.01,5.8,5303.84,0.36,8.49,5259.71,0.46,8.63,13.35,11.0,1.21
2017-02-09,462,522,48,26,1.3,57,4,5.3,5.6,84.4,52.9,62,1,8,0,8778.4,0.11,4.75,5314.96,0.21,7.32,5269.29,0.18,7.77,13.24,10.6,1.25
2017-02-10,446,534,34,35,0.4,45,4,4.1,5.5,82.9,45.6,66,0,9,0,8793.55,0.17,4.6,5322.22,0.14,7.4,5268.9,-0.01,8.08,13.18,10.6,1.24
2017-02-13,313,681,25,76,-0.7,38,7,3.1,5.5,78.1,35.0,68,2,8,0,8805.05,0.13,4.82,5289.59,-0.61,6.88,5222.24,-0.89,7.0,13.69,10.5,1.3
2017-02-14,330,653,26,60,2.2,28,6,2.2,5.5,74.1,29.1,61,4,5,0,8792.3,-0.14,4.51,5285.0,-0.09,6.45,5183.12,-0.75,5.45,13.8,10.6,1.3
2017-02-15,130,864,11,146,-10.6,11,10,0.1,5.0,64.7,15.3,37,4,5,0,8724.7,-0.77,3.89,5218.39,-1.26,4.74,5093.74,-1.72,3.39,14.21,11.1,1.28
2017-02-16,762,222,89,11,-6.6,32,7,2.5,4.7,70.1,34.3,43,5,7,0,8778.0,0.61,4.29,5289.42,1.36,5.53,5153.66,1.18,4.03,13.73,11.2,1.23
2017-02-17,537,440,53,12,-7.9,36,3,3.3,4.3,71.8,47.2,43,6,8,0,8821.7,0.5,4.58,5304.65,0.29,5.32,5188.13,0.67,4.57,13.43,11.3,1.19
2017-02-20,664,321,80,8,-7.9,59,3,5.6,4.0,74.3,68.6,64,4,9,0,8879.2,0.65,6.35,5351.78,0.89,7.81,5239.18,0.98,7.19,13.61,10.3,1.32
2017-02-21,553,430,55,10,-4.5,55,3,5.2,3.8,76.8,74.9,73,6,6,0,8907.85,0.32,6.15,5379.27,0.51,7.89,5266.69,0.53,7.09,13.53,10.3,1.31
2017-02-22,295,696,23,21,-8.7,27,3,2.4,3.4,73.9,48.3,53,6,5,0,8926.9,0.21,5.32,5352.76,-0.49,6.12,5237.61,-0.55,5.92,13.7,10.0,1.37
2017-02-23,394,591,32,10,-10.1,32,4,2.8,3.1,72.7,40.3,47,6,8,0,8939.5,0.14,3.91,5373.76,0.39,5.31,5241.44,0.07,4.9,13.4,8.9,1.51
2017-02-27,400,584,50,14,-11.0,39,7,3.2,3.0,70.4,37.2,45,8,11,0,8896.7,-0.48,2.96,5382.25,0.16,4.78,5249.15,0.15,4.32,13.68,9.1,1.5
2017-02-28,576,411,57,11,-5.7,50,4,4.6,3.2,72.1,47.3,53,5,10,0,8879.6,-0.19,2.86,5407.27,0.46,5.58,5291.75,0.81,5.32,13.79,9.2,1.5
2017-03-01,604,377,77,3,-0.2,65,3,6.2,3.6,74.3,62.7,73,4,13,0,8945.8,0.75,4.49,5422.0,0.27,7.0,5326.74,0.66,7.21,13.58,8.6,1.58
2017-03-02,188,804,12,76,1.0,21,4,1.7,3.8,69.6,34.4,43,7,6,0,8899.75,-0.51,2.1,5345.37,-1.41,3.58,5261.81,-1.22,3.93,13.36,6.7,1.99
2017-03-03,466,521,42,15,-5.0,27,4,2.3,3.7,68.8,37.7,44,5,7,0,8897.55,-0.02,1.87,5367.69,0.42,3.13,5280.13,0.35,3.18,13.35,6.7,1.99
2017-03-06,567,412,49,10,-4.4,44,4,4.0,3.8,68.8,47.1,37,9,5,0,8963.45,0.74,2.55,5384.18,0.31,2.36,5305.08,0.47,2.27,13.64,7.1,1.92
2017-03-07,376,607,36,15,-10.1,41,6,3.5,3.6,67.3,41.5,39,12,4,0,8946.9,-0.18,1.66,5383.54,-0.01,1.62,5309.95,0.09,1.32,13.88,6.9,2.01
2017-03-08,286,705,25,20,-15.6,26,11,1.5,3.2,62.6,37.0,31,12,3,0,8924.3,-0.25,1.78,5356.35,-0.51,1.35,5283.64,-0.5,0.91,14.08,6.8,2.07
2017-03-09,389,594,21,21,-13.6,22,11,1.1,3.1,60.7,33.1,35,9,2,0,8927.0,0.03,1.8,5352.45,-0.07,0.92,5281.02,-0.05,0.41,14.39,6.8,2.12
2017-03-10,356,611,31,9,-14.2,28,9,1.9,3.0,57.9,30.0,25,11,3,0,8934.55,0.08,1.78,5349.2,-0.06,0.64,5273.58,-0.14,0.08,13.96,6.8,2.05
2017-03-14,695,284,81,22,-8.2,59,7,5.2,3.2,62.4,54.4,31,12,4,0,9087.0,1.71,3.34,5424.08,1.4,1.91,5339.38,1.25,1.34,12.4,8.8,1.41
2017-03-15,580,399,73,16,-8.1,61,6,5.5,3.3,64.1,64.4,35,9,5,0,9084.8,-0.02,3.18,5468.87,0.83,3.39,5387.2,0.9,3.16,12.42,8.9,1.4
2017-03-16,732,250,102,9,-5.5,83,4,7.9,3.5,69.4,78.5,49,7,7,0,9153.7,0.76,4.11,5541.39,1.33,4.85,5442.16,1.02,5.0,11.91,9.0,1.32
2017-03-17,405,580,44,21,-1.1,59,3,5.6,3.9,69.5,70.0,60,5,8,0,9160.05,0.07,4.99,5554.28,0.23,6.44,5430.76,-0.21,6.62,11.85,8.3,1.43
2017-03-20,485,496,56,25,-0.7,68,6,6.2,4.2,68.9,60.1,54,8,6,0,9126.85,-0.36,3.97,5571.68,0.31,5.34,5438.85,0.15,5.53,12.02,8.5,1.41
2017-03-21,334,653,25,28,-5.4,60,11,4.9,4.3,66.6,42.9,45,9,5,0,9121.5,-0.06,3.4,5571.98,0.01,5.04,5433.64,-0.1,4.73,11.94,8.4,1.42
2017-03-22,240,747,23,31,-8.2,32,11,2.1,4.2,61.9,26.1,37,8,3,0,9030.45,-1.0,1.7,5509.46,-1.12,2.95,5383.92,-0.91,2.76,12.27,9.2,1.33
2017-03-23,677,296,70,8,-0.2,62,8,5.4,4.6,64.6,45.3,42,5,6,0,9086.3,0.62,2.0,5551.47,0.76,3.2,5432.83,0.91,3.15,11.84,9.3,1.27
2017-03-24,477,503,61,16,1.6,59,6,5.3,5.0,65.7,50.8,46,5,8,0,9108.0,0.24,2.03,5571.22,0.36,4.08,5461.7,0.53,4.28,11.98,9.3,1.29
2017-03-27,411,579,47,23,2.5,67,11,5.6,5.4,63.0,47.1,52,8,9,1,9045.2,-0.69,1.18,5575.3,0.07,3.75,5455.99,-0.1,4.09,12.44,9.7,1.28
2017-03-28,561,419,58,13,-0.2,84,12,7.2,5.6,66.0,55.6,50,8,12,1,9100.8,0.61,2.29,5599.63,0.44,4.04,5477.58,0.4,4.35,12.12,9.7,1.25
2017-03-29,439,548,48,36,-3.1,74,14,6.0,5.6,65.8,50.4,42,9,7,1,9143.8,0.47,2.98,5624.45,0.44,4.02,5506.72,0.53,4.06,12.09,9.7,1.25
2017-03-30,667,319,75,13,-4.4,102,5,9.7,5.8,69.1,62.7,36,10,7,1,9173.75,0.33,2.55,5656.28,0.57,4.32,5545.24,0.7,4.1,12.15,9.5,1.28
2017-03-31,584,395,74,18,-0.8,121,4,11.7,6.4,70.9,69.0,51,11,7,1,9173.75,0.0,3.08,5699.36,0.76,6.62,5596.81,0.93,6.37,12.42,9.2,1.35
2017-04-03,750,237,154,14,4.4,140,1,13.9,7.2,78.1,82.1,71,8,8,1,9237.85,0.7,3.82,5747.92,0.85,7.08,5671.1,1.33,7.4,11.49,9.4,1.22
2017-04-05,705,287,156,7,11.8,166,1,16.5,8.3,82.6,85.0,87,7,9,1,9265.15,0.3,3.37,5790.94,0.75,7.55,5741.33,1.24,8.22,11.55,9.2,1.26
2017-04-06,399,589,55,16,15.0,96,3,9.3,9.1,81.4,72.8,85,8,8,1,9261.95,-0.03,3.52,5778.95,-0.21,7.34,5721.31,-0.35,7.75,11.29,9.1,1.24
2017-04-07,323,667,38,29,7.7,72,6,6.6,9.2,80.5,51.3,85,7,8,1,9198.3,-0.69,3.07,5753.34,-0.44,7.41,5675.65,-0.8,7.42,11.69,9.5,1.23
2017-04-10,596,389,69,15,10.1,107,4,10.3,9.7,81.5,51.2,101,7,14,1,9181.45,-0.18,2.85,5779.41,0.45,7.98,5715.99,0.71,8.24,11.62,9.6,1.21
2017-04-11,632,349,72,15,14.6,146,6,14.0,10.5,82.2,60.0,124,8,17,2,9237.0,0.61,3.39,5830.65,0.89,9.0,5785.81,1.22,9.71,11.4,9.7,1.18
2017-04-12,312,683,41,26,9.4,90,3,8.7,10.7,79.5,46.1,93,5,13,2,9203.45,-0.36,1.28,5791.42,-0.67,6.77,5758.29,-0.48,7.85,11.63,8.0,1.45
2017-04-13,457,525,53,17,9.9,77,4,7.3,10.8,80.4,47.7,97,7,12,2,9150.8,-0.57,0.73,5775.66,-0.27,5.61,5770.23,0.21,7.11,11.58,8.3,1.4
2017-04-17,491,495,83,13,6.3,89,3,8.6,10.7,79.5,47.5,94,6,14,1,9139.3,-0.13,-0.16,5792.36,0.29,4.53,5802.96,0.57,6.63,11.89,7.9,1.51
2017-04-18,278,714,30,61,0.1,40,3,3.7,9.9,76.2,32.8,79,4,11,1,9105.15,-0.37,-0.6,5776.36,-0.28,4.0,5748.07,-0.95,5.84,12.38,8.0,1.55
2017-04-19,594,389,66,14,-3.0,86,6,8.0,9.3,77.1,45.0,88,4,12,1,9103.5,-0.02,-0.26,5811.6,0.61,4.31,5802.67,0.95,6.69,12.22,7.9,1.55
2017-04-20,704,284,111,5,-3.0,129,3,12.6,8.9,80.7,65.5,120,4,15,1,9136.4,0.36,0.16,5864.06,0.9,5.24,5890.4,1.51,8.41,11.56,8.0,1.45
2017-04-21,465,523,69,11,-1.7,98,1,9.7,9.0,80.8,62.1,130,4,17,2,9119.4,-0.19,0.99,5855.78,-0.14,6.29,5926.06,0.61,10.07,11.42,7.1,1.61
2017-04-24,609,374,108,14,4.1,149,5,14.4,9.7,82.0,71.0,129,5,17,1,9217.95,1.08,1.45,5899.6,0.75,6.27,5979.51,0.9,10.06,11.63,7.7,1.51
2017-04-25,554,431,57,17,3.3,133,4,12.9,10.0,82.3,69.6,125,5,14,0,9306.6,0.96,2.18,5943.25,0.74,6.68,6015.56,0.6,10.14,11.16,8.3,1.34
2017-04-26,230,764,29,61,-4.9,72,6,6.6,9.3,80.5,42.5,99,5,14,0,9351.85,0.49,3.39,5925.99,-0.29,6.29,5954.05,-1.02,9.13,11.74,7.9,1.49
2017-04-27,427,555,44,15,-2.5,74,7,6.7,9.1,80.5,39.0,101,7,14,0,9342.15,-0.1,2.65,5933.92,0.13,5.97,5957.93,0.07,8.77,11.07,7.8,1.42
2017-04-28,495,493,70,19,-1.8,89,4,8.5,9.2,80.1,42.2,108,4,17,0,9304.05,-0.41,1.75,5976.41,0.72,6.26,5996.6,0.65,8.9,10.86,7.9,1.37
2017-05-02,466,523,65,24,-2.3,94,10,8.4,9.2,79.4,45.8,105,4,16,1,9313.8,0.1,1.53,5997.48,0.35,6.03,6015.11,0.31,8.47,11.45,7.8,1.47
2017-05-03,457,536,56,23,1.3,95,7,8.8,9.7,79.2,49.3,101,5,13,1,9311.95,-0.02,1.51,5980.15,-0.29,4.93,6029.19,0.23,7.73,11.53,7.8,1.48
2017-05-04,517,473,77,17,-0.3,109,4,10.5,9.9,79.0,53.3,81,4,15,1,9359.9,0.51,1.32,6007.71,0.46,4.52,6049.19,0.33,6.67,11.33,7.7,1.47
2017-05-05,208,782,14,65,-10.3,40,5,3.5,9.0,75.5,31.5,58,6,11,1,9285.3,-0.8,0.22,5968.69,-0.65,3.07,5981.71,-1.12,4.19,11.99,8.2,1.46
2017-05-08,644,340,91,11,-6.6,86,5,8.1,8.8,77.0,45.1,67,6,9,1,9314.05,0.31,0.56,6000.15,0.53,3.83,6035.2,0.89,5.49,11.67,8.3,1.41
2017-05-09,570,413,68,11,-7.4,98,4,9.4,8.3,78.3,54.6,66,4,11,1,9316.85,0.03,1.29,6015.08,0.25,4.55,6071.29,0.6,6.97,11.11,7.8,1.42
2017-05-10,627,358,82,12,-6.0,112,3,10.9,8.1,79.6,67.7,64,3,10,1,9407.3,0.97,2.46,6048.46,0.56,4.66,6120.79,0.82,7.08,10.95,8.4,1.3
2017-05-11,371,616,47,21,-3.1,75,2,7.3,8.2,79.6,60.1,50,2,10,1,9422.4,0.16,2.01,6054.29,0.1,3.84,6113.34,-0.12,5.66,10.84,8.2,1.32
2017-05-12,278,712,24,30,-6.1,47,4,4.3,8.0,76.2,37.3,49,2,6,1,9400.9,-0.23,2.15,6003.69,-0.84,3.67,6070.66,-0.7,5.42,10.63,8.1,1.31
2017-05-15,610,371,83,29,-3.8,102,8,9.4,8.1,76.9,50.3,60,2,10,1,9445.4,0.47,3.22,6066.83,1.05,5.04,6119.53,0.81,6.05,10.68,7.8,1.37
2017-05-16,516,470,59,17,-2.7,97,9,8.8,8.1,76.9,52.3,56,5,6,1,9512.25,0.71,4.08,6089.34,0.37,5.13,6167.35,0.78,6.28,10.56,7.9,1.34
2017-05-17,399,588,39,26,-3.8,72,9,6.3,7.8,75.9,50.5,60,3,13,1,9525.75,0.14,4.62,6068.49,-0.34,5.06,6157.74,-0.16,7.13,10.64,7.6,1.4
2017-05-18,106,891,10,123,-12.1,13,11,0.2,6.8,66.5,20.1,39,5,5,1,9429.45,-1.01,3.58,5935.43,-2.19,2.13,6031.11,-2.06,3.94,11.79,8.8,1.34
2017-05-19,293,698,21,45,-10.4,21,11,1.0,6.6,61.9,17.0,32,5,6,1,9427.9,-0.02,3.19,5890.98,-0.75,0.46,5980.8,-0.83,1.53,11.3,8.8,1.28
2017-05-22,245,747,27,97,-18.5,23,21,0.2,5.8,55.6,16.1,24,7,6,1,9438.25,0.11,3.5,5829.12,-1.05,-0.46,5901.66,-1.32,-0.41,11.2,8.7,1.29
2017-05-23,134,860,7,201,-27.3,7,31,-2.4,4.6,43.1,7.8,13,14,4,1,9386.15,-0.55,1.82,5733.2,-1.65,-2.82,5775.07,-2.14,-3.42,12.2,8.4,1.45
2017-05-24,184,814,14,179,-36.3,5,47,-4.2,3.1,35.3,7.5,11,26,4,1,9360.55,-0.27,0.58,5673.93,-1.03,-4.53,5671.68,-1.79,-5.72,11.83,7.8,1.52
2017-05-25,799,191,157,17,-27.8,20,25,-0.5,2.3,44.3,33.8,16,14,6,2,9509.75,1.59,1.69,5761.5,1.54,-2.78,5804.07,2.33,-2.52,10.45,9.4,1.11
2017-05-26,798,196,140,9,-17.4,34,16,1.8,2.1,51.1,72.6,21,13,7,3,9595.1,0.9,2.71,5837.43,1.32,-1.63,5912.07,1.86,-0.77,10.86,9.8,1.11
2017-05-29,230,758,26,131,-25.1,28,33,-0.5,1.1,45.2,52.2,19,17,5,3,9604.9,0.1,3.23,5747.33,-1.54,-3.83,5811.58,-1.7,-3.09,11.79,9.6,1.23
2017-05-30,493,494,56,42,-25.6,22,19,0.3,0.2,45.1,51.9,17,19,6,3,9624.55,0.2,3.34,5788.45,0.72,-3.49,5836.0,0.42,-2.98,11.77,9.6,1.23
2017-05-31,598,385,88,28,-21.5,47,16,3.1,-0.1,47.0,54.1,18,20,5,3,9621.25,-0.03,3.32,5853.25,1.12,-2.12,5903.2,1.15,-2.09,11.76,9.6,1.23
2017-06-01,570,417,70,12,-12.2,53,8,4.5,0.3,48.8,58.7,19,20,4,3,9616.1,-0.05,2.74,5909.13,0.95,-1.64,5956.79,0.91,-1.53,11.31,9.6,1.18
2017-06-02,575,407,79,8,-6.4,58,8,5.0,0.7,50.9,69.4,27,11,4,3,9653.5,0.39,3.97,5947.85,0.66,-0.35,5994.81,0.64,0.22,10.81,8.9,1.21
2017-06-05,566,420,82,18,0.1,75,8,6.7,1.4,52.8,68.9,29,13,6,3,9675.1,0.22,3.88,5977.59,0.5,-0.38,6023.54,0.48,-0.19,11.02,8.9,1.24
2017-06-06,272,720,16,39,2.8,46,12,3.4,2.0,48.9,44.0,26,14,5,4,9637.15,-0.39,3.44,5956.74,-0.35,-0.97,5975.61,-0.8,-1.58,11.13,9.2,1.21
2017-06-07,600,374,60,15,11.4,66,10,5.6,2.9,51.2,50.6,33,14,5,4,9663.9,0.28,2.73,6003.9,0.79,-0.74,6008.09,0.54,-1.84,10.89,8.7,1.25
2017-06-08,493,494,58,18,5.3,73,12,6.1,3.6,50.2,49.8,32,14,4,4,9647.25,-0.17,2.39,6015.9,0.2,-0.63,6024.14,0.27,-1.46,11.07,8.7,1.27
2017-06-09,511,470,50,14,-0.3,76,15,6.1,4.0,50.2,53.4,36,14,6,4,9668.25,0.22,2.84,6037.22,0.35,0.56,6056.76,0.54,-0.23,10.86,8.6,1.26
2017-06-12,321,672,37,34,1.5,61,17,4.4,4.5,47.1,43.7,28,14,4,5,9616.4,-0.54,1.81,5993.91,-0.72,-1.2,6022.33,-0.57,-1.59,11.42,8.9,1.28
2017-06-13,487,497,62,13,1.4,61,10,5.1,5.0,48.4,45.4,33,18,5,5,9606.9,-0.1,1.0,6001.17,0.12,-1.45,6044.45,0.37,-1.99,11.34,8.6,1.32
2017-06-14,448,532,64,20,-1.6,70,11,5.9,5.3,49.6,46.0,35,18,6,5,9618.15,0.12,0.97,6036.86,0.59,-0.52,6066.82,0.37,-1.48,11.18,8.6,1.3
2017-06-15,478,512,75,12,-3.5,77,7,7.0,5.5,51.4,49.0,49,12,11,5,9578.05,-0.42,1.58,6043.35,0.11,1.82,6092.01,0.42,1.01,11.33,7.8,1.45
2017-06-16,519,467,54,27,-4.6,65,7,5.8,5.6,51.8,54.9,53,14,12,4,9588.05,0.1,1.7,6041.31,-0.03,2.55,6120.79,0.47,2.34,10.92,7.8,1.4
2017-06-19,444,542,58,39,-7.1,72,12,6.0,5.5,52.6,49.9,50,15,12,5,9657.55,0.72,2.32,6029.82,-0.19,3.44,6118.89,-0.03,3.68,10.63,8.1,1.31
2017-06-20,449,534,70,21,-3.4,65,9,5.6,5.8,53.6,49.6,66,10,17,3,9653.5,-0.04,2.85,6035.93,0.1,5.28,6125.12,0.1,6.06,10.66,7.8,1.37
2017-06-21,480,501,65,10,-5.9,62,8,5.4,5.7,53.7,51.1,89,7,21,3,9633.6,-0.21,2.92,6039.65,0.06,6.45,6127.59,0.04,8.04,10.92,7.7,1.42
2017-06-22,311,669,39,28,-9.5,26,11,1.5,5.3,52.4,37.0,64,6,13,2,9630.0,-0.04,1.26,6009.42,-0.5,4.3,6085.9,-0.68,4.86,11.21,5.6,2.0
2017-06-23,163,832,18,71,-16.6,13,15,-0.2,4.7,45.1,20.9,45,10,6,4,9574.95,-0.57,-0.21,5934.86,-1.24,1.67,5997.33,-1.46,1.44,11.56,5.1,2.27
2017-06-27,203,796,21,96,-19.0,11,22,-1.1,4.1,38.9,14.2,49,10,6,3,9511.4,-0.66,-0.97,5860.33,-1.26,1.97,5892.29,-1.75,1.39,12.51,5.6,2.23
2017-06-28,511,476,46,8,-18.6,15,16,-0.1,3.6,38.7,19.0,44,8,9,4,9491.25,-0.21,-1.38,5871.18,0.19,1.43,5902.48,0.17,1.14,11.99,5.5,2.18
2017-06-29,691,294,61,8,-13.7,29,8,2.1,3.2,41.8,41.4,48,6,10,4,9504.1,0.14,-1.22,5909.02,0.64,0.95,5961.11,0.99,0.98,11.38,5.6,2.03
2017-06-30,518,468,54,16,-12.9,39,9,3.0,2.8,44.4,57.2,43,7,10,3,9520.9,0.18,-0.99,5964.59,0.94,0.94,5982.5,0.36,0.43,11.73,5.6,2.09
2017-07-03,733,250,120,6,-8.6,57,5,5.2,2.7,49.8,79.4,47,9,10,3,9615.0,0.99,-0.4,6015.0,0.85,1.13,6053.5,1.19,0.98,11.2,6.6,1.7
2017-07-04,458,530,63,18,-8.3,49,6,4.3,2.6,49.4,72.2,42,8,11,3,9613.3,-0.02,-0.64,6001.21,-0.23,0.4,6048.46,-0.08,0.41,11.28,6.5,1.74
2017-07-05,688,296,99,9,-3.6,86,7,7.9,2.8,56.4,75.4,58,6,16,3,9637.6,0.25,0.0,6060.84,0.99,1.75,6116.7,1.13,2.36,11.15,6.4,1.74
2017-07-06,537,449,65,13,-2.5,56,7,4.9,2.8,58.0,74.4,54,5,14,3,9674.55,0.38,0.11,6071.52,0.18,1.13,6139.21,0.37,2.18,10.98,6.5,1.69
2017-07-07,464,522,81,8,0.5,70,7,6.3,3.2,60.2,63.6,58,5,13,2,9665.8,-0.09,0.19,6075.47,0.07,0.99,6157.69,0.3,2.22,10.87,6.5,1.67
2017-07-10,614,373,44,8,9.6,70,3,6.7,3.9,63.1,69.0,56,5,16,2,9771.05,1.09,1.06,6099.23,0.39,1.03,6181.8,0.39,2.06,10.91,7.5,1.45
2017-07-11,335,655,35,44,12.4,46,7,3.9,4.4,62.2,48.7,56,4,14,2,9786.05,0.15,1.76,6053.6,-0.75,1.0,6133.88,-0.78,1.85,10.89,7.2,1.51
2017-07-12,596,396,71,14,14.0,59,5,5.4,5.0,65.6,55.6,61,3,12,2,9816.1,0.31,2.18,6096.1,0.7,1.58,6185.01,0.83,2.33,11.05,7.2,1.53
2017-07-13,465,523,61,14,9.5,60,5,5.5,5.3,67.3,53.6,62,5,11,1,9891.7,0.77,2.84,6123.78,0.45,1.44,6209.84,0.4,2.36,11.25,7.5,1.5
2017-07-14,298,693,34,27,5.0,36,4,3.2,5.3,66.2,41.7,56,5,7,1,9886.35,-0.05,3.22,6123.08,-0.01,1.32,6183.78,-0.42,1.51,11.17,7.3,1.53
2017-07-17,482,505,40,19,-0.0,53,3,5.0,5.3,66.1,45.0,58,4,9,1,9915.95,0.3,3.42,6120.83,-0.04,1.32,6189.29,0.09,1.12,11.46,7.3,1.57
2017-07-18,310,679,23,33,-3.0,28,5,2.3,5.1,61.8,34.2,53,5,8,1,9827.15,-0.9,1.76,6086.07,-0.57,0.93,6144.93,-0.72,0.43,11.49,7.9,1.45
2017-07-19,716,267,80,9,-2.5,69,3,6.6,5.0,68.5,55.1,56,5,11,0,9899.6,0.74,2.55,6133.13,0.77,1.61,6211.48,1.08,1.41,11.26,8.2,1.37
2017-07-20,439,552,57,26,-4.5,52,3,4.9,5.0,69.6,54.5,54,5,10,0,9873.3,-0.27,2.49,6124.5,-0.14,1.4,6217.98,0.1,1.48,11.32,8.3,1.36
2017-07-21,412,575,49,16,-5.5,59,5,5.4,4.9,68.3,49.5,56,5,12,0,9915.25,0.42,2.96,6120.8,-0.06,1.85,6234.62,0.27,2.44,11.09,8.3,1.34
2017-07-24,450,534,50,16,-8.8,61,6,5.5,4.8,68.5,48.9,73,3,16,0,9966.4,0.52,4.09,6127.37,0.11,3.24,6243.99,0.15,4.11,11.31,7.9,1.43
2017-07-25,422,564,42,13,-7.0,48,4,4.4,4.8,69.3,42.7,84,2,16,0,9964.55,-0.02,4.76,6156.11,0.47,5.05,6246.32,0.04,6.01,10.91,7.3,1.49
2017-07-26,488,506,63,10,-9.2,58,3,5.5,4.8,70.4,48.0,89,2,19,0,10020.65,0.56,5.58,6168.17,0.2,5.06,6268.15,0.35,6.2,11.17,7.2,1.55
2017-07-27,235,758,17,72,-13.8,38,2,3.6,4.6,63.9,32.0,63,3,13,0,10020.55,0.0,5.43,6164.63,-0.06,4.33,6219.51,-0.78,4.33,11.22,7.3,1.54
2017-07-28,470,514,43,18,-10.3,49,3,4.6,4.8,65.5,36.7,60,3,11,0,10014.5,-0.06,5.18,6190.46,0.42,3.79,6239.18,0.32,4.29,11.14,7.3,1.53
2017-07-31,465,519,48,27,-10.6,62,7,5.5,4.8,64.2,40.6,52,2,8,0,10077.1,0.63,4.81,6207.17,0.27,3.19,6237.8,-0.02,3.04,11.9,7.0,1.7
2017-08-01,352,632,29,32,-9.7,56,8,4.8,5.1,62.5,36.3,41,2,5,0,10114.65,0.37,5.22,6207.44,0.0,3.44,6231.29,-0.1,3.02,11.91,6.9,1.73
2017-08-02,376,611,23,26,-16.6,45,8,3.7,4.8,61.6,38.3,28,2,3,0,10081.5,-0.33,4.61,6210.25,0.05,2.47,6217.76,-0.22,1.65,11.94,7.2,1.66
2017-08-03,231,762,18,62,-20.7,30,22,0.8,4.4,53.2,24.5,24,3,3,0,10013.65,-0.67,3.51,6141.63,-1.1,1.15,6150.0,-1.09,0.18,11.64,7.9,1.47
2017-08-04,492,491,45,24,-19.1,51,18,3.3,4.2,53.6,31.4,24,4,3,0,10066.4,0.53,4.14,6158.71,0.28,1.37,6149.54,-0.01,-0.13,11.39,7.9,1.44
2017-08-07,642,342,98,16,-15.3,78,10,6.8,4.3,57.1,52.6,36,4,4,0,10057.4,-0.09,2.93,6232.0,1.19,2.18,6212.91,1.03,0.5,11.9,7.2,1.65
2017-08-08,168,825,12,116,-20.4,31,25,0.6,3.9,47.7,29.0,28,7,2,0,9978.55,-0.78,1.97,6182.42,-0.8,2.13,6112.05,-1.62,-0.36,12.77,7.9,1.62
2017-08-09,147,846,9,110,-27.2,16,40,-2.4,3.1,40.0,16.3,22,7,2,0,9908.05,-0.71,0.94,6084.41,-1.59,-0.19,6009.78,-1.67,-2.83,13.45,8.4,1.6
2017-08-10,61,937,6,440,-30.8,3,67,-6.4,2.1,24.6,4.7,11,26,3,1,9820.25,-0.89,-0.72,5903.5,-2.97,-3.6,5779.11,-3.84,-6.94,13.8,8.6,1.6
2017-08-11,397,598,42,87,-32.3,2,64,-6.2,1.1,24.0,6.1,10,28,3,1,9710.8,-1.11,-1.78,5876.35,-0.46,-4.03,5775.77,-0.06,-6.6,15.2,9.4,1.62
2017-08-14,850,148,240,19,-24.8,28,16,1.2,0.6,31.1,42.9,14,18,3,0,9794.15,0.86,-1.23,6019.96,2.44,-1.65,5916.79,2.44,-4.4,14.38,9.9,1.45
2017-08-16,721,263,117,11,-17.4,38,7,3.1,0.4,37.3,75.3,18,14,3,0,9897.3,1.05,0.71,6100.48,1.34,0.24,5995.48,1.33,-2.43,14.24,10.1,1.41
2017-08-17,548,429,94,8,-13.8,31,7,2.4,0.3,38.9,82.0,23,16,4,0,9904.15,0.07,0.05,6102.33,0.03,-0.5,6032.68,0.62,-2.88,14.34,9.8,1.46
2017-08-18,334,656,25,18,-11.8,23,12,1.1,0.3,37.0,67.5,18,17,2,0,9837.4,-0.67,-0.36,6081.65,-0.34,-0.7,5995.8,-0.61,-3.57,14.57,10.0,1.46
2017-08-21,265,724,29,57,-16.3,18,34,-1.6,-0.1,33.4,34.0,15,22,1,0,9754.35,-0.84,-1.62,6021.1,-1.0,-1.63,5920.51,-1.26,-5.04,14.82,10.3,1.44
2017-08-22,292,697,20,30,-23.4,16,38,-2.2,-1.0,29.8,24.8,15,21,1,0,9765.55,0.11,-2.02,5985.22,-0.6,-2.32,5881.43,-0.66,-5.81,14.11,10.1,1.4
2017-08-23,721,267,76,9,-12.3,32,11,2.1,-0.9,35.1,45.6,15,22,1,0,9852.5,0.89,-1.12,6051.02,1.1,-1.71,5959.79,1.33,-4.59,13.18,10.7,1.23
2017-08-24,561,429,61,12,-4.0,43,9,3.4,-0.3,36.7,58.3,17,23,4,0,9857.05,0.05,-1.63,6079.06,0.46,-1.44,5992.73,0.55,-4.39,12.57,10.4,1.21
2017-08-28,684,294,89,6,8.7,63,9,5.4,0.9,41.4,75.0,26,21,4,0,9912.8,0.57,-1.08,6144.5,1.08,-0.33,6072.89,1.34,-2.36,12.64,10.7,1.18
2017-08-29,219,773,16,34,5.2,28,15,1.3,1.6,36.9,49.5,21,22,4,0,9796.05,-1.18,-2.18,6091.26,-0.87,-1.6,5996.75,-1.25,-3.89,13.54,11.4,1.19
2017-08-30,800,184,107,8,4.3,62,6,5.6,2.1,42.6,66.3,24,19,6,0,9884.4,0.9,-1.91,6166.64,1.24,-0.65,6084.46,1.46,-2.46,12.89,11.7,1.1
2017-08-31,605,377,99,9,2.0,80,11,6.9,2.4,47.3,70.3,31,16,7,1,9917.9,0.34,-1.95,6207.68,0.67,0.0,6131.44,0.77,-1.6,11.95,11.7,1.02
2017-09-01,653,326,105,14,4.1,79,3,7.6,3.0,53.0,77.2,35,16,7,1,9974.4,0.57,-1.06,6261.27,0.86,0.82,6189.42,0.95,-0.46,11.68,11.9,0.98
2017-09-04,288,702,44,34,3.2,51,4,4.7,3.3,50.9,56.5,41,16,9,1,9912.85,-0.62,-1.01,6220.92,-0.64,1.29,6138.6,-0.82,-0.19,13.17,11.8,1.12
2017-09-05,703,281,110,6,12.0,73,4,6.9,4.2,56.6,65.9,46,12,12,1,9952.2,0.4,-1.13,6279.85,0.95,1.97,6201.32,1.02,0.84,12.89,11.8,1.09
2017-09-06,486,505,72,15,15.8,74,5,6.9,5.1,57.8,61.6,51,10,11,1,9916.2,-0.36,-1.4,6289.5,0.15,0.92,6228.08,0.43,0.24,13.12,11.8,1.11
2017-09-07,514,475,81,13,11.7,95,2,9.3,5.8,58.6,59.4,62,7,16,1,9929.9,0.14,-0.49,6313.77,0.39,2.12,6267.63,0.64,2.55,13.01,11.5,1.13
2017-09-08,355,634,60,35,7.6,57,5,5.2,6.0,57.3,48.7,79,7,14,1,9934.8,0.05,0.27,6309.21,-0.07,3.69,6256.23,-0.18,4.1,12.96,11.2,1.16
2017-09-11,543,447,79,25,4.6,92,5,8.7,6.3,57.9,51.2,128,7,31,1,10006.05,0.72,1.89,6354.19,0.71,7.63,6280.2,0.38,8.67,12.36,11.0,1.12
2017-09-12,629,358,81,23,12.9,104,3,10.1,7.2,60.5,61.5,149,4,25,0,10093.05,0.87,3.94,6421.87,1.07,9.28,6336.82,0.9,9.71,11.76,10.3,1.14
2017-09-13,321,668,45,50,3.2,34,5,2.9,6.9,59.8,45.4,102,3,18,0,10079.3,-0.14,2.91,6381.74,-0.62,6.01,6296.86,-0.63,6.42,11.76,10.0,1.18
2017-09-14,499,491,72,18,1.0,52,5,4.7,6.7,60.8,51.1,96,3,17,0,10086.6,0.07,1.91,6420.95,0.61,5.25,6320.12,0.37,5.41,11.47,9.5,1.21
2017-09-15,419,569,58,30,-3.7,64,6,5.8,6.5,61.5,45.3,92,4,19,0,10085.4,-0.01,1.83,6449.08,0.44,5.68,6326.22,0.1,4.87,11.68,9.5,1.23
2017-09-18,648,335,105,12,3.5,102,3,9.9,7.0,65.1,57.6,113,3,27,0,10153.1,0.67,3.21,6499.63,0.78,6.87,6382.69,0.89,6.45,11.44,9.2,1.24
2017-09-19,496,494,86,19,-0.7,86,5,8.1,7.2,66.6,58.9,129,3,32,0,10147.55,-0.05,4.03,6508.61,0.14,8.1,6415.97,0.52,8.37,11.47,8.5,1.35
2017-09-20,406,575,74,23,-2.2,62,6,5.6,7.0,67.6,54.3,138,2,37,0,10141.15,-0.06,3.85,6480.55,-0.43,8.28,6405.43,-0.16,8.91,11.63,8.5,1.37
2017-09-21,312,676,49,35,-6.2,43,5,3.8,6.5,65.0,41.0,121,3,31,0,10121.9,-0.19,2.73,6460.18,-0.31,6.76,6360.62,-0.7,6.73,11.63,8.2,1.42
2017-09-22,68,930,8,311,-12.0,12,12,0.0,6.0,51.5,12.3,88,5,19,1,9964.4,-1.56,1.09,6292.72,-2.59,3.51,6165.65,-3.07,2.89,12.81,10.2,1.26
2017-09-25,151,846,16,190,-19.9,9,23,-1.4,5.0,41.4,7.0,63,7,13,1,9872.6,-0.92,-0.41,6195.79,-1.54,0.83,6036.11,-2.1,-0.61,13.34,10.6,1.26
2017-09-26,651,330,83,14,-19.4,7,15,-0.8,3.9,44.9,16.3,72,6,19,1,9871.5,-0.01,0.77,6243.18,0.76,2.49,6086.54,0.84,1.5,12.93,9.6,1.35
2017-09-27,103,892,7,169,-23.9,5,36,-3.1,3.3,36.4,8.4,44,9,10,0,9735.75,-1.38,-1.5,6130.24,-1.81,-0.59,5962.91,-2.03,-2.0,13.86,10.3,1.35
2017-09-28,649,334,62,8,-20.8,9,23,-1.4,2.6,40.3,28.9,45,7,7,1,9768.95,0.34,-1.5,6176.99,0.76,-0.49,6006.39,0.73,-2.04,13.17,10.3,1.28
2017-09-29,674,308,76,11,-15.6,18,17,0.1,2.1,45.1,57.5,38,6,7,1,9788.6,0.2,-1.86,6227.38,0.82,-0.54,6093.86,1.46,-1.54,12.49,10.1,1.24
2017-10-03,561,425,73,14,-17.4,24,15,0.9,1.2,47.9,61.6,47,6,5,1,9859.5,0.72,-0.54,6268.85,0.67,0.77,6117.78,0.39,-0.34,12.46,10.3,1.21
2017-10-04,607,382,99,14,-15.2,37,17,2.0,0.6,52.9,74.0,48,6,7,1,9914.9,0.56,-0.37,6293.4,0.39,0.22,6164.89,0.77,-0.59,11.8,10.4,1.13
2017-10-05,580,403,109,12,-11.7,51,15,3.6,0.4,55.1,72.4,50,6,7,1,9888.7,-0.26,-0.28,6327.37,0.54,0.6,6214.99,0.81,-0.21,11.71,10.4,1.13
2017-10-06,717,276,133,6,-3.7,75,8,6.7,0.7,62.2,78.8,56,8,7,1,9979.7,0.92,0.5,6388.47,0.97,1.18,6289.57,1.2,0.35,11.12,10.9,1.02
2017-10-09,531,458,110,15,5.7,86,12,7.4,1.4,64.1,73.2,59,7,13,1,9988.75,0.09,0.54,6389.74,0.02,1.28,6325.72,0.57,1.11,11.39,10.9,1.04
2017-10-10,594,396,112,15,14.6,88,8,8.0,2.3,67.5,73.7,64,6,14,1,10016.95,0.28,0.11,6442.06,0.82,1.38,6375.86,0.79,1.52,11.11,10.6,1.05
2017-10-11,250,743,30,99,6.5,38,11,2.7,2.7,63.6,44.1,49,7,11,2,9984.8,-0.32,-1.07,6383.69,-0.91,-0.59,6306.45,-1.09,-0.48,11.73,10.2,1.15
2017-10-12,720,267,75,8,18.9,81,6,7.5,3.8,67.3,53.1,60,6,11,2,10096.4,1.12,0.17,6453.3,1.09,1.12,6376.06,1.1,1.26,11.04,11.0,1.0
2017-10-13,450,541,40,13,14.9,61,4,5.7,4.5,67.9,50.7,58,7,11,2,10167.45,0.7,0.8,6459.19,0.09,0.6,6401.11,0.39,1.28,11.26,11.2,1.01
2017-10-16,463,519,52,19,10.6,70,11,5.9,5.0,68.1,50.4,56,5,8,2,10230.85,0.62,1.44,6497.09,0.59,0.74,6404.67,0.06,1.24,11.31,11.4,0.99
2017-10-17,484,497,69,10,9.1,75,6,6.9,5.6,69.4,56.6,55,5,8,2,10234.45,0.04,0.8,6522.02,0.38,0.34,6453.64,0.76,1.11,11.61,11.2,1.04
2017-10-18,416,579,59,16,5.3,69,6,6.3,6.1,68.1,47.9,48,5,10,0,10210.85,-0.23,0.62,6511.25,-0.17,0.04,6453.95,0.0,0.59,11.54,11.2,1.03
2017-10-19,476,508,31,2,3.2,56,6,5.0,6.2,69.2,48.1,50,3,12,0,10146.55,-0.63,0.05,6488.67,-0.35,0.13,6459.94,0.09,0.85,12.4,11.5,1.08
2017-10-23,471,515,83,16,-1.7,77,9,6.8,6.2,69.5,47.1,55,2,14,0,10184.85,0.38,0.62,6519.78,0.48,0.92,6480.49,0.32,1.88,12.33,11.5,1.07
2017-10-24,560,432,88,22,-1.1,67,4,6.3,6.1,73.0,55.4,94,3,16,0,10207.7,0.22,2.44,6545.65,0.4,4.02,6525.37,0.69,5.83,11.59,9.9,1.17
2017-10-25,392,599,79,61,-5.2,61,3,5.8,5.9,72.2,49.0,115,3,16,0,10295.35,0.86,4.28,6572.95,0.42,6.09,6538.12,0.2,8.32,11.76,9.4,1.25
2017-10-26,562,426,86,35,1.1,73,6,6.7,6.3,72.1,51.2,115,2,17,0,10343.8,0.47,4.78,6602.06,0.44,5.75,6573.39,0.54,8.0,11.62,9.4,1.24
2017-10-27,523,469,79,39,-2.9,73,6,6.7,6.2,74.1,54.1,150,2,24,1,10323.05,-0.2,6.03,6601.84,0.0,7.69,6593.01,0.3,10.57,11.48,7.4,1.55
2017-10-30,689,308,122,10,1.8,107,5,10.2,6.7,78.9,67.4,155,3,31,1,10363.65,0.39,6.09,6689.27,1.32,8.29,6667.26,1.13,11.0,12.11,7.4,1.64
2017-10-31,484,506,89,19,2.2,101,6,9.5,7.0,79.1,66.5,147,3,33,1,10335.3,-0.27,5.59,6705.89,0.25,7.68,6697.75,0.46,9.91,12.44,7.7,1.62
2017-11-01,507,486,84,15,2.5,88,6,8.2,7.2,80.6,67.3,151,2,35,1,10440.5,1.02,5.89,6737.87,0.48,7.48,6734.39,0.55,10.08,12.14,8.0,1.52
2017-11-02,472,519,82,22,3.7,92,4,8.8,7.4,81.5,59.7,137,2,27,1,10423.8,-0.16,5.13,6768.68,0.46,7.55,6758.41,0.36,9.63,12.01,8.0,1.5
2017-11-03,505,482,81,21,4.2,83,3,8.0,7.7,81.2,56.2,135,2,27,1,10452.5,0.28,5.7,6771.6,0.04,7.02,6799.84,0.61,9.41,11.91,7.8,1.53
2017-11-06,481,507,97,28,4.4,105,3,10.2,8.0,80.4,54.5,130,2,26,1,10451.8,-0.01,4.73,6780.12,0.13,6.13,6828.74,0.42,8.57,13.02,7.5,1.74
2017-11-07,218,776,27,152,-2.4,49,12,3.7,7.8,73.5,29.7,103,2,23,1,10350.15,-0.97,3.62,6693.9,-1.27,4.76,6735.88,-1.36,6.48,13.24,8.6,1.54
2017-11-08,287,708,37,82,-4.6,36,10,2.6,7.5,69.5,24.5,85,3,16,1,10303.15,-0.45,2.86,6646.13,-0.71,3.17,6676.48,-0.88,4.71,13.61,8.9,1.53
2017-11-09,611,377,88,17,-3.6,54,5,4.9,7.3,71.2,34.9,108,3,19,2,10308.95,0.06,3.25,6724.62,1.18,5.34,6712.01,0.53,6.43,13.27,8.7,1.53
2017-11-10,398,589,43,49,-6.1,51,7,4.4,7.1,68.9,37.3,91,3,18,1,10321.75,0.12,2.23,6741.83,0.26,4.47,6715.27,0.05,5.32,13.48,8.0,1.69
2017-11-13,363,630,52,75,-12.5,53,8,4.5,6.5,64.9,37.3,85,5,23,1,10224.95,-0.94,0.57,6726.44,-0.23,4.14,6667.62,-0.71,4.16,14.05,8.5,1.65
2017-11-14,414,577,56,46,-14.0,44,10,3.4,5.9,63.3,36.0,85,4,22,1,10186.6,-0.38,-0.43,6707.54,-0.28,3.24,6654.32,-0.2,3.9,14.17,8.3,1.71
2017-11-15,190,809,26,157,-20.4,26,16,1.0,5.1,55.6,19.9,70,5,16,1,10118.05,-0.67,-1.14,6635.34,-1.08,1.74,6547.16,-1.61,1.45,14.27,8.6,1.66
2017-11-16,728,263,116,15,-15.2,46,8,3.8,4.6,59.3,41.4,75,5,21,1,10214.75,0.96,0.04,6713.5,1.18,3.11,6615.66,1.05,2.51,13.46,9.3,1.45
2017-11-17,661,327,83,11,-12.1,58,6,5.2,4.4,63.8,61.9,77,6,22,1,10283.6,0.67,1.35,6771.48,0.86,4.36,6669.76,0.82,3.25,13.71,9.3,1.47
2017-11-20,636,355,106,16,-9.1,85,3,8.2,4.2,66.3,72.7,99,6,23,1,10298.75,0.15,1.12,6815.91,0.66,4.54,6728.79,0.88,3.83,13.43,9.2,1.46
2017-11-21,541,439,79,29,-2.4,76,5,7.1,4.5,68.6,75.2,85,4,14,1,10326.9,0.27,1.17,6828.82,0.19,4.33,6753.67,0.37,3.5,13.72,9.2,1.49
2017-11-22,449,542,73,16,0.8,65,5,6.0,4.9,68.7,62.5,99,3,14,1,10342.3,0.15,0.46,6833.44,0.07,3.96,6770.95,0.26,3.56,14.04,8.7,1.61
2017-11-23,529,458,99,20,-0.8,79,3,7.6,5.1,71.6,62.5,102,2,17,1,10348.75,0.06,0.05,6854.81,0.31,3.83,6811.25,0.6,3.62,13.87,8.6,1.61
2017-11-24,549,441,79,23,2.2,82,0,8.2,5.5,72.7,61.8,101,2,19,0,10389.7,0.4,0.65,6896.17,0.6,4.46,6831.56,0.3,3.62,13.51,8.6,1.57
2017-11-27,559,426,103,11,6.2,107,0,10.7,6.1,73.0,65.4,106,4,20,1,10399.55,0.09,0.35,6933.71,0.54,3.65,6884.38,0.77,3.26,13.03,8.5,1.53
2017-11-28,460,530,79,21,7.1,102,1,10.1,6.8,73.8,59.8,98,4,17,1,10370.25,-0.28,0.34,6936.89,0.05,3.44,6902.18,0.26,3.05,13.15,8.5,1.55
2017-11-29,433,555,74,23,12.1,78,2,7.6,7.4,73.5,52.9,99,5,16,0,10361.3,-0.09,-0.76,6918.77,-0.26,2.68,6896.13,-0.09,2.4,13.06,7.7,1.7
2017-11-30,390,598,50,17,5.4,70,3,6.7,7.7,72.6,43.3,90,6,17,0,10226.55,-1.3,-1.89,6904.18,-0.21,2.0,6911.72,0.23,2.27,13.55,8.9,1.52
2017-12-01,268,728,45,63,-2.6,44,4,4.0,7.6,69.7,31.0,84,7,13,0,10121.8,-1.02,-3.16,6844.97,-0.86,1.08,6814.12,-1.41,0.21,14.8,9.4,1.57
2017-12-04,366,628,48,56,-8.0,47,5,4.2,7.2,65.5,27.1,72,10,14,0,10127.75,0.06,-3.1,6844.99,0.0,0.96,6762.79,-0.75,-0.97,14.86,9.4,1.58
2017-12-05,385,608,48,48,-11.3,43,8,3.5,6.9,62.9,26.7,77,12,12,0,10118.25,-0.09,-2.24,6861.26,0.24,2.5,6752.48,-0.15,0.25,15.01,8.9,1.69
2017-12-06,288,697,29,45,-14.4,26,7,1.9,6.5,59.4,23.3,76,11,12,0,10044.1,-0.73,-2.51,6808.51,-0.77,2.44,6718.97,-0.5,0.64,15.09,9.1,1.66
2017-12-07,771,220,98,17,-9.6,56,3,5.3,6.2,63.7,54.7,83,12,15,1,10166.7,1.22,-1.38,6887.03,1.15,2.42,6809.25,1.34,1.45,14.27,10.3,1.39
2017-12-08,610,380,79,16,-8.4,70,3,6.7,6.1,67.2,69.6,97,7,20,1,10265.65,0.97,-0.54,6946.06,0.86,3.03,6877.56,1.0,2.42,13.67,10.9,1.25
2017-12-11,492,503,86,21,-9.8,77,6,7.1,5.7,67.7,67.1,105,5,21,1,10322.25,0.55,0.95,6971.79,0.37,3.65,6878.51,0.01,3.16,14.15,10.5,1.35
2017-12-12,284,711,38,48,-13.4,50,4,4.6,5.2,63.1,47.1,93,3,20,1,10240.15,-0.8,0.53,6922.21,-0.71,3.2,6816.29,-0.9,2.43,15.26,10.8,1.41
2017-12-13,248,745,30,58,-17.2,29,11,1.8,4.6,58.9,26.3,96,2,22,1,10192.95,-0.46,0.74,6869.12,-0.77,3.52,6760.47,-0.82,3.26,15.95,10.7,1.49
2017-12-14,364,625,34,22,-17.7,28,14,1.4,4.0,57.2,24.8,74,5,15,1,10252.1,0.58,0.37,6862.14,-0.1,2.21,6742.61,-0.26,1.92,16.41,10.3,1.59
2017-12-15,711,279,79,9,-8.8,51,5,4.6,4.1,61.9,49.1,78,4,15,1,10333.25,0.79,0.48,6948.17,1.25,2.61,6834.44,1.36,2.47,14.94,10.4,1.44
2017-12-18,532,457,57,15,-5.4,61,7,5.4,4.2,62.8,59.7,63,4,14,1,10388.75,0.54,0.87,6995.88,0.69,2.64,6854.54,0.29,1.87,13.12,10.6,1.24
2017-12-19,812,178,155,6,3.2,116,4,11.2,5.0,68.5,83.2,83,4,19,1,10463.2,0.72,1.32,7082.61,1.24,3.72,6978.61,1.81,3.33,12.19,10.8,1.13
2017-12-20,604,385,110,9,9.5,120,2,11.8,6.0,72.5,81.9,90,3,21,1,10444.2,-0.18,0.99,7120.76,0.54,4.2,7035.98,0.82,3.91,12.19,10.9,1.12
2017-12-21,616,376,102,12,6.3,113,2,11.1,6.6,76.1,79.4,91,1,22,1,10440.3,-0.04,0.88,7189.57,0.97,4.88,7111.42,1.07,4.41,12.09,10.9,1.11
2017-12-22,531,459,85,15,4.8,116,2,11.4,7.0,78.2,74.5,87,3,19,1,10493.0,0.5,0.99,7205.72,0.22,4.49,7154.32,0.6,4.72,11.59,10.9,1.06
2017-12-26,554,436,99,8,6.1,126,1,12.5,7.6,80.5,66.9,91,2,18,1,10531.5,0.37,1.27,7235.34,0.41,4.35,7206.92,0.74,4.69,12.05,11.0,1.1
2017-12-27,328,668,48,49,6.9,66,0,6.6,7.8,78.9,50.1,81,2,15,1,10490.75,-0.39,1.16,7241.78,0.09,4.4,7169.32,-0.52,3.87,12.49,11.0,1.14
2017-12-28,470,519,65,19,11.4,77,1,7.6,8.4,79.6,48.3,86,5,15,1,10477.9,-0.12,1.13,7253.58,0.16,4.84,7193.21,0.33,4.31,12.3,11.0,1.12
2017-12-29,542,446,77,6,15.0,95,1,9.4,9.2,80.6,56.5,98,2,22,0,10530.7,0.5,2.97,7314.16,0.84,5.94,7234.34,0.57,4.67,12.67,9.9,1.28
2018-01-01,481,512,63,9,10.3,76,1,7.5,9.5,80.9,52.3,108,3,26,0,10435.55,-0.9,3.1,7303.11,-0.15,6.69,7273.0,0.53,6.73,13.35,9.7,1.38
2018-01-02,280,717,49,30,5.2,51,2,4.9,9.4,78.3,37.2,111,3,23,0,10442.2,0.06,3.1,7240.62,-0.86,5.78,7221.62,-0.71,6.78,13.69,9.7,1.41
2018-01-03,666,319,120,9,2.4,95,2,9.3,9.2,81.4,54.2,120,2,31,0,10443.2,0.01,3.21,7280.42,0.55,6.11,7283.95,0.86,7.87,13.62,9.7,1.4
2018-01-04,668,326,117,21,3.6,129,2,12.7,9.3,85.0,68.0,146,1,32,0,10504.8,0.59,4.59,7330.2,0.68,7.66,7367.41,1.15,9.65,13.42,9.2,1.46
2018-01-05,593,401,104,10,3.1,125,2,12.3,9.4,87.9,75.6,136,1,29,1,10558.85,0.51,3.86,7404.77,1.02,7.52,7435.66,0.93,9.2,13.11,8.5,1.54
2018-01-08,614,377,112,16,4.7,153,1,15.2,9.8,90.2,78.6,153,2,31,1,10623.6,0.61,3.49,7469.15,0.87,7.53,7503.61,0.91,9.1,13.74,8.1,1.7
2018-01-09,360,635,69,38,0.8,95,1,9.4,9.5,89.0,61.9,133,2,27,1,10637.0,0.13,3.05,7458.59,-0.14,6.98,7509.98,0.08,9.18,13.85,8.0,1.73
2018-01-10,374,615,64,25,1.8,93,2,9.1,9.7,88.6,48.0,146,2,24,1,10632.2,-0.05,3.83,7429.71,-0.39,7.33,7514.62,0.06,10.25,14.04,7.2,1.95
2018-01-11,519,470,88,16,2.8,92,2,9.0,9.9,89.2,49.6,164,3,38,2,10651.2,0.18,4.5,7458.43,0.39,8.58,7554.46,0.53,11.74,14.01,6.8,2.06
2018-01-12,377,615,58,22,-0.6,80,1,7.9,9.7,88.5,43.1,172,3,43,2,10681.25,0.28,4.19,7445.87,-0.17,8.51,7551.09,-0.04,11.99,13.73,6.7,2.05
2018-01-15,469,525,71,26,-0.8,107,1,10.6,10.0,87.6,45.1,164,3,36,2,10741.55,0.56,3.95,7448.48,0.04,7.2,7568.3,0.23,10.74,14.31,6.5,2.2
2018-01-16,131,868,16,281,-3.8,40,4,3.6,9.9,79.5,18.6,119,3,25,2,10700.45,-0.38,3.0,7321.4,-1.71,4.65,7386.27,-2.41,7.76,14.09,6.6,2.13
2018-01-17,524,469,63,25,-6.7,46,3,4.3,9.4,79.1,26.1,109,3,20,2,10788.55,0.82,3.11,7373.6,0.71,4.11,7424.39,0.52,6.39,13.86,6.8,2.04
2018-01-18,139,859,11,266,-17.3,22,7,1.5,8.3,68.7,13.1,72,3,13,1,10817.0,0.26,3.57,7250.87,-1.66,1.83,7264.85,-2.15,3.25,13.96,6.7,2.08
2018-01-19,586,408,59,25,-17.5,38,7,3.1,7.4,70.8,23.9,62,4,11,1,10894.7,0.72,4.35,7327.52,1.06,1.92,7334.45,0.96,3.14,13.98,6.9,2.03
2018-01-22,606,386,87,20,-17.7,61,6,5.5,6.4,71.9,45.1,65,5,11,1,10966.2,0.66,4.51,7373.39,0.63,2.33,7382.47,0.65,3.19,15.39,7.0,2.2
2018-01-23,470,516,61,12,-15.4,62,6,5.6,6.0,72.6,49.6,50,6,14,1,11083.7,1.07,5.24,7424.33,0.69,2.61,7413.55,0.42,2.87,16.23,7.6,2.14
2018-01-24,289,704,35,68,-17.1,53,10,4.3,5.5,65.9,41.5,48,7,8,1,11086.0,0.02,5.67,7371.52,-0.71,1.79,7348.85,-0.87,2.5,18.04,7.3,2.47
2018-01-25,301,686,37,43,-21.4,34,10,2.4,4.9,60.8,28.6,49,8,8,1,11069.65,-0.15,5.65,7310.98,-0.82,0.79,7287.21,-0.84,1.31,17.51,7.3,2.4
2018-01-29,274,722,26,90,-23.5,25,11,1.4,4.2,54.0,20.2,35,10,8,1,11130.4,0.55,5.69,7255.46,-0.76,-0.8,7188.17,-1.36,-0.64,17.89,7.3,2.45
2018-01-30,205,787,22,103,-28.8,13,12,0.1,3.2,45.4,13.5,30,10,5,1,11049.65,-0.73,5.88,7194.52,-0.84,-1.49,7085.53,-1.43,-2.58,16.42,6.9,2.38
2018-01-31,333,655,33,55,-24.7,12,11,0.1,2.8,40.7,17.0,24,9,3,1,11027.7,-0.2,5.61,7104.06,-1.26,-1.89,7021.49,-0.9,-2.77,15.93,7.1,2.24
2018-02-01,445,547,61,51,-26.2,19,13,0.6,2.5,40.1,25.1,24,15,2,1,11016.9,-0.1,5.49,7076.21,-0.39,-2.8,7023.74,0.03,-3.57,14.11,7.2,1.96
2018-02-02,33,966,1,605,-28.4,1,47,-4.6,1.9,21.0,5.4,8,46,1,1,10760.6,-2.33,2.44,6779.93,-4.19,-7.51,6670.31,-5.03,-9.46,15.25,11.6,1.31
2018-02-05,397,598,78,96,-32.1,5,42,-3.7,1.2,20.0,9.8,7,61,1,1,10666.55,-0.87,1.02,6742.66,-0.55,-8.94,6669.77,-0.01,-10.3,16.05,12.0,1.34
2018-02-06,123,874,12,308,-41.9,1,68,-6.7,-0.1,15.2,5.9,3,134,1,1,10498.25,-1.58,-1.18,6620.51,-1.81,-11.36,6522.04,-2.21,-13.08,20.02,13.2,1.52
2018-02-07,792,205,233,14,-35.5,7,15,-0.8,-0.7,19.2,28.7,4,85,1,2,10476.7,-0.21,-1.51,6657.11,0.55,-10.75,6647.8,1.93,-11.48,19.47,13.2,1.48
2018-02-08,873,120,272,13,-23.8,18,3,1.5,-1.0,25.8,79.9,8,43,1,2,10576.85,0.96,-0.52,6779.13,1.83,-8.76,6803.87,2.35,-9.46,17.77,13.7,1.3
2018-02-09,459,526,84,30,-20.7,19,9,1.0,-1.1,26.5,76.8,9,47,2,1,10454.95,-1.15,-1.84,6783.61,0.07,-9.05,6828.03,0.36,-9.62,19.23,14.2,1.35
2018-02-12,813,182,186,11,-9.9,26,3,2.3,-1.0,34.7,87.1,10,29,2,1,10539.75,0.81,-1.32,6883.25,1.47,-7.56,6941.88,1.67,-8.07,17.88,14.5,1.23
2018-02-14,456,533,74,55,-4.8,30,11,1.9,-0.8,35.9,73.1,10,23,2,1,10500.9,-0.37,-2.24,6900.13,0.25,-7.36,6937.48,-0.06,-8.34,17.19,14.4,1.19
2018-02-15,230,766,20,133,-7.0,12,25,-1.3,-1.0,28.5,40.9,12,23,3,0,10545.5,0.42,-1.45,6849.44,-0.73,-6.45,6851.92,-1.23,-7.23,16.32,14.4,1.13
2018-02-16,160,838,11,89,-12.7,2,29,-2.7,-1.3,24.5,19.9,11,35,2,1,10452.3,-0.88,-3.12,6790.56,-0.86,-7.91,6760.21,-1.34,-8.95,16.38,14.3,1.15
2018-02-19,214,782,17,74,-9.1,2,36,-3.4,-1.2,19.7,11.9,11,23,3,2,10378.4,-0.71,-4.05,6724.21,-0.98,-7.26,6688.99,-1.05,-7.93,16.67,14.3,1.17
2018-02-20,459,528,19,16,-7.8,4,25,-2.1,-1.0,18.4,14.0,11,27,2,2,10360.4,-0.17,-4.9,6710.7,-0.2,-8.42,6682.25,-0.1,-8.89,16.87,13.9,1.21
2018-02-21,387,598,32,32,-2.3,3,28,-2.5,-0.6,18.9,23.6,9,31,2,2,10397.45,0.36,-5.19,6717.39,0.1,-8.9,6666.34,-0.24,-9.7,15.92,13.7,1.16
2018-02-22,291,693,17,25,-12.2,7,35,-2.8,-0.8,17.4,24.3,7,35,2,2,10382.7,-0.14,-6.32,6682.88,-0.51,-9.99,6631.74,-0.52,-10.55,14.83,12.8,1.16
2018-02-23,825,173,108,6,-13.3,15,9,0.6,-0.9,21.0,65.3,7,22,1,2,10491.05,1.04,-5.37,6791.49,1.63,-7.87,6741.12,1.65,-8.27,14.2,13.6,1.04
2018-02-26,631,363,76,16,-9.9,16,7,0.9,-0.9,24.7,74.6,8,19,1,2,10582.6,0.87,-4.4,6842.48,0.75,-6.41,6813.21,1.07,-6.5,13.7,14.2,0.96
2018-02-27,341,654,21,32,-19.3,13,17,-0.4,-1.2,24.0,59.2,7,18,1,2,10554.3,-0.27,-5.18,6814.15,-0.41,-6.08,6773.07,-0.59,-5.77,13.92,13.9,1.0
2018-02-28,407,586,34,14,-20.4,17,19,-0.2,-1.4,22.5,50.3,10,18,1,3,10492.85,-0.58,-5.04,6817.37,0.05,-5.24,6770.97,-0.03,-4.44,13.81,13.9,0.99
2018-03-01,348,639,25,16,-17.9,11,19,-0.8,-1.3,22.1,35.8,15,17,1,2,10458.35,-0.33,-5.16,6785.07,-0.47,-4.49,6744.61,-0.39,-3.94,14.07,13.9,1.01
2018-03-05,176,817,18,88,-17.5,10,43,-3.3,-1.4,18.6,18.9,10,25,1,1,10358.85,-0.95,-5.97,6727.06,-0.85,-4.93,6669.78,-1.11,-5.04,15.4,14.1,1.09
2018-03-06,176,818,8,94,-18.3,7,71,-6.4,-1.7,15.4,12.3,24,13,1,2,10249.25,-1.06,-4.75,6663.41,-0.95,-1.72,6576.86,-1.39,-1.4,16.25,12.2,1.33
2018-03-07,127,872,9,232,-25.0,7,118,-11.1,-2.6,12.0,6.8,15,16,1,2,10154.2,-0.93,-4.8,6563.24,-1.5,-2.66,6426.67,-2.28,-3.64,15.7,12.2,1.29
2018-03-08,532,459,33,37,-22.2,5,66,-6.1,-3.0,12.8,15.3,20,17,1,1,10242.65,0.87,-2.43,6611.97,0.74,-0.13,6459.4,0.51,-0.96,14.59,11.8,1.24
2018-03-09,373,623,31,50,-20.7,4,77,-7.3,-3.4,13.5,21.4,7,22,1,1,10226.85,-0.15,-2.38,6597.61,-0.22,-0.89,6435.18,-0.37,-3.2,14.53,11.8,1.23
2018-03-12,620,370,60,26,-24.7,5,56,-5.1,-4.0,15.5,44.1,4,31,1,2,10421.4,1.9,-1.47,6652.83,0.84,-1.86,6463.34,0.44,-5.0,14.49,13.3,1.09
2018-03-13,718,274,101,11,-22.9,9,19,-1.0,-4.2,17.2,70.6,7,26,0,3,10426.85,0.05,-0.27,6710.61,0.87,-1.08,6544.97,1.26,-4.15,14.46,12.6,1.15
2018-03-14,448,539,49,18,-20.7,10,20,-1.0,-4.2,15.9,64.6,5,30,2,2,10410.9,-0.15,-1.22,6720.91,0.15,-2.36,6541.14,-0.06,-5.77,14.36,12.3,1.17
2018-03-15,633,353,118,10,-16.1,10,7,0.3,-4.2,19.8,71.9,5,26,1,1,10360.15,-0.49,-1.34,6744.9,0.36,-2.25,6605.73,0.99,-4.78,14.33,12.3,1.17
2018-03-16,240,754,31,52,-18.4,6,23,-1.7,-4.3,16.5,43.8,5,22,1,1,10195.15,-1.59,-3.32,6671.29,-1.09,-2.6,6521.12,-1.28,-4.83,15.22,13.3,1.14
2018-03-19,119,880,8,190,-19.6,4,61,-5.7,-4.5,12.5,13.2,5,24,0,1,10094.25,-0.99,-3.43,6565.23,-1.59,-3.32,6379.46,-2.17,-5.63,15.82,13.4,1.18
2018-03-20,376,618,18,30,-15.6,0,50,-5.0,-4.4,12.6,14.7,4,21,0,0,10124.35,0.3,-2.45,6583.84,0.28,-2.09,6378.88,-0.01,-4.64,15.61,13.3,1.17
2018-03-21,508,472,31,21,-7.8,5,43,-3.8,-3.6,14.4,22.5,6,19,2,0,10155.25,0.31,-1.98,6602.64,0.29,-1.61,6404.18,0.4,-4.16,15.11,13.4,1.13
2018-03-22,220,775,10,72,-14.0,2,84,-8.2,-3.9,12.7,20.7,5,24,1,0,10114.75,-0.4,-2.72,6556.03,-0.71,-2.4,6323.74,-1.26,-5.14,15.25,13.3,1.15
2018-03-23,178,813,8,188,-17.9,0,115,-11.5,-4.3,9.8,14.5,3,31,1,0,9998.05,-1.15,-3.7,6467.0,-1.36,-3.23,6220.84,-1.63,-6.2,15.55,13.8,1.13
2018-03-26,563,429,87,38,-19.0,3,105,-10.2,-4.8,13.3,31.3,2,45,0,1,10130.65,1.33,-3.44,6549.34,1.27,-3.57,6262.95,0.68,-7.09,15.2,14.2,1.07
2018-03-27,759,233,131,12,-18.2,6,23,-1.7,-4.9,16.8,58.1,2,38,0,0,10184.15,0.53,-3.77,6626.4,1.18,-3.16,6352.5,1.43,-6.76,15.55,13.9,1.12
2018-03-28,296,698,22,78,-21.3,7,67,-6.0,-5.4,16.1,45.7,2,37,0,1,10113.7,-0.69,-4.17,6598.51,-0.42,-3.16,6270.82,-1.29,-7.42,15.76,14.0,1.13
2018-04-02,859,136,292,13,-16.9,15,14,0.1,-5.4,23.8,85.3,2,28,0,1,10211.8,0.97,-2.68,6701.16,1.56,-1.7,6393.98,1.96,-5.57,15.35,14.5,1.06
2018-04-03,748,239,145,4,-6.7,18,7,1.1,-5.1,30.0,86.9,2,23,0,0,10245.0,0.33,-2.04,6753.81,0.79,-0.46,6477.67,1.31,-3.96,15.19,14.6,1.04
2018-04-04,299,695,37,56,-3.0,6,9,-0.3,-4.6,27.2,69.7,1,20,0,0,10128.4,-1.14,-2.22,6689.04,-0.96,-0.57,6413.61,-0.99,-3.84,16.34,14.8,1.1
2018-04-05,899,99,147,7,7.4,22,4,1.8,-3.9,37.6,87.2,4,10,0,0,10325.15,1.94,0.74,6805.48,1.74,2.13,6539.27,1.96,-0.57,14.8,16.0,0.93
2018-04-06,588,396,58,9,9.0,19,4,1.5,-3.3,41.7,79.8,11,7,0,1,10331.6,0.06,1.75,6833.75,0.42,4.12,6579.58,0.62,2.38,14.75,15.6,0.95
2018-04-09,559,426,68,8,15.8,28,5,2.3,-2.3,46.6,74.8,21,7,0,1,10379.35,0.46,1.33,6853.0,0.28,3.65,6592.17,0.19,2.06,14.87,15.4,0.97
2018-04-10,427,564,40,12,20.8,20,5,1.5,-1.0,47.4,67.5,20,4,0,1,10402.25,0.22,1.72,6864.5,0.17,4.05,6591.12,-0.02,2.42,14.5,15.3,0.95
2018-04-11,405,586,35,14,17.7,22,8,1.4,0.2,48.3,48.6,23,4,1,1,10417.15,0.14,-0.04,6870.95,0.09,3.28,6591.83,0.01,1.99,14.72,13.8,1.07
2018-04-12,390,599,42,26,10.3,25,10,1.5,0.5,48.2,40.6,20,7,2,1,10458.65,0.4,0.3,6850.47,-0.3,2.08,6573.36,-0.28,0.43,14.56,13.9,1.05
2018-04-13,466,522,32,16,13.8,34,14,2.0,1.3,51.1,43.3,17,9,1,1,10480.6,0.21,0.67,6881.4,0.45,2.39,6588.47,0.23,0.72,14.14,13.9,1.02
2018-04-16,507,482,50,22,6.8,38,16,2.2,1.5,53.9,49.4,20,10,1,1,10528.35,0.46,1.62,6923.11,0.61,2.64,6612.01,0.36,0.1,14.26,13.8,1.03
2018-04-17,511,477,46,14,2.0,35,13,2.2,1.6,56.1,54.3,24,12,2,2,10548.7,0.19,3.47,6941.19,0.26,4.05,6625.48,0.2,1.6,14.04,12.3,1.14
2018-04-18,346,645,36,28,3.0,24,18,0.6,1.7,56.2,41.8,32,9,5,2,10526.2,-0.21,4.28,6930.87,-0.15,5.57,6603.0,-0.34,3.5,14.11,11.6,1.22
2018-04-19,582,407,67,26,-3.2,32,23,0.9,1.6,60.2,53.3,41,11,3,3,10565.3,0.37,4.36,6971.12,0.58,5.88,6660.14,0.87,4.41,13.75,11.6,1.19
2018-04-20,406,585,49,25,-6.9,37,15,2.2,1.7,60.8,47.9,40,11,4,3,10564.05,-0.01,4.03,6950.88,-0.29,5.27,6665.34,0.08,4.08,12.94,11.6,1.12
2018-04-23,544,447,61,12,-7.3,49,11,3.8,1.8,62.2,52.9,64,9,7,3,10584.7,0.2,4.65,6980.74,0.43,6.48,6686.73,0.32,5.74,13.15,11.4,1.15
2018-04-24,430,558,46,33,-7.2,36,13,2.3,1.9,61.9,50.2,93,8,9,3,10614.35,0.28,6.16,6977.83,-0.04,7.9,6672.57,-0.21,7.26,11.9,10.2,1.17
2018-04-25,271,717,37,72,-9.9,28,29,-0.1,1.8,57.3,35.6,84,8,8,3,10570.55,-0.41,4.34,6953.95,-0.34,6.18,6597.22,-1.13,5.34,12.4,9.7,1.28
2018-04-26,445,544,36,38,-8.8,34,45,-1.1,1.5,59.4,37.1,69,12,7,4,10617.8,0.45,4.26,6978.94,0.36,5.32,6607.97,0.16,4.02,12.04,9.7,1.24
2018-04-27,563,424,48,26,-6.8,33,21,1.2,1.4,59.8,45.6,87,11,10,4,10692.3,0.7,5.72,7023.24,0.63,6.44,6636.64,0.43,5.83,12.02,9.2,1.31
2018-04-30,578,415,70,29,-5.4,58,22,3.6,1.6,62.1,55.7,60,12,8,5,10739.35,0.44,5.17,7082.38,0.84,5.69,6704.78,1.03,4.86,12.36,8.9,1.39
2018-05-02,216,776,18,102,-11.4,20,32,-1.2,1.2,59.2,36.5,37,18,6,4,10718.05,-0.2,4.62,6994.93,-1.23,3.57,6631.98,-1.09,2.38,12.84,9.0,1.43
2018-05-03,223,771,20,74,-13.9,15,50,-3.5,0.8,51.2,20.4,35,18,7,4,10679.65,-0.36,5.44,6930.62,-0.92,3.61,6569.59,-0.94,2.43,12.99,7.8,1.67
2018-05-04,376,613,35,30,-18.0,8,31,-2.3,0.5,48.6,20.3,24,21,5,3,10618.25,-0.57,2.84,6907.96,-0.33,1.51,6553.1,-0.25,0.21,13.25,5.4,2.45
2018-05-07,560,424,75,28,-14.8,22,22,0.0,0.3,53.4,34.4,26,22,5,4,10715.5,0.92,3.72,6956.87,0.71,1.8,6592.43,0.6,0.2,13.76,6.0,2.29
2018-05-08,425,563,30,24,-17.2,25,29,-0.4,-0.1,52.7,42.2,27,21,5,4,10717.8,0.02,3.26,6955.61,-0.02,1.5,6622.15,0.45,0.45,14.06,6.0,2.34
2018-05-09,380,609,48,20,-18.2,12,33,-2.1,-0.6,50.5,42.3,28,24,6,4,10741.7,0.22,3.26,6917.65,-0.55,0.77,6607.24,-0.23,0.24,14.27,6.0,2.38
2018-05-10,195,800,22,80,-19.8,4,59,-5.5,-1.1,45.2,23.3,24,25,5,4,10716.55,-0.23,2.87,6825.2,-1.34,-0.67,6503.69,-1.57,-1.34,14.43,6.1,2.37
2018-05-11,433,553,35,36,-20.0,11,60,-4.9,-1.5,44.8,26.0,27,25,5,4,10806.5,0.84,3.33,6849.68,0.36,-0.01,6486.52,-0.26,-1.32,13.98,6.6,2.12
2018-05-14,277,715,23,98,-25.8,11,86,-7.5,-2.4,42.1,24.3,17,33,3,4,10806.6,0.0,3.11,6783.53,-0.97,-1.42,6414.26,-1.11,-2.64,14.25,6.6,2.16
2018-05-15,329,660,20,74,-30.7,12,92,-8.0,-3.5,38.7,22.7,13,35,2,5,10801.85,-0.04,2.6,6730.06,-0.79,-2.79,6355.87,-0.91,-3.87,13.17,6.5,2.03
2018-05-16,393,596,28,47,-27.1,18,90,-7.2,-4.1,36.9,26.4,12,43,1,6,10741.1,-0.56,1.82,6721.38,-0.13,-3.17,6362.74,0.11,-3.97,13.44,7.0,1.92
2018-05-17,553,439,89,21,-20.5,12,38,-2.6,-4.1,38.8,39.1,17,33,2,2,10682.7,-0.54,1.49,6744.39,0.34,-2.69,6410.11,0.74,-2.92,13.41,7.2,1.86
2018-05-18,188,801,16,111,-24.3,12,85,-7.3,-4.6,31.5,25.0,9,37,1,1,10596.4,-0.81,0.29,6661.74,-1.23,-4.44,6286.06,-1.94,-5.62,14.15,7.8,1.81
2018-05-21,161,832,20,241,-32.3,4,138,-13.4,-5.9,23.5,13.2,6,51,1,1,10516.7,-0.75,-0.45,6550.78,-1.67,-5.76,6133.1,-2.43,-7.99,14.41,8.3,1.74
2018-05-22,613,372,75,28,-28.6,11,63,-5.2,-6.4,25.5,23.1,6,43,1,1,10536.7,0.19,-0.45,6571.74,0.32,-5.86,6203.6,1.15,-7.23,13.6,8.3,1.64
2018-05-23,350,638,39,41,-29.1,5,76,-7.1,-6.9,23.4,25.4,6,43,0,1,10430.35,-1.01,-1.73,6539.16,-0.5,-6.29,6185.4,-0.29,-7.3,14.16,8.9,1.59
2018-05-24,441,548,37,41,-24.2,11,81,-7.0,-7.0,22.9,35.2,4,37,0,1,10513.85,0.8,-0.54,6515.26,-0.37,-6.31,6186.86,0.02,-6.22,13.15,9.3,1.41
2018-05-25,689,301,103,14,-19.1,17,31,-1.4,-6.7,27.1,63.6,5,32,0,2,10605.15,0.87,-0.12,6618.31,1.58,-5.17,6268.68,1.32,-5.13,12.65,9.7,1.3
2018-05-28,778,215,193,21,-9.1,18,14,0.4,-5.9,34.2,79.3,10,21,1,2,10688.65,0.79,-0.03,6698.97,1.22,-4.62,6362.52,1.5,-4.13,13.06,9.8,1.33
2018-05-29,417,575,39,51,-7.3,13,22,-0.9,-5.2,33.6,69.7,11,22,1,2,10633.3,-0.52,-0.99,6686.02,-0.19,-5.6,6350.67,-0.19,-5.28,13.07,9.8,1.33
2018-05-30,397,592,42,35,-7.3,14,31,-1.7,-4.6,32.5,57.1,12,22,2,2,10614.35,-0.18,-0.97,6686.52,0.01,-4.41,6337.23,-0.21,-4.44,13.41,9.8,1.37
2018-05-31,318,677,32,85,-12.0,25,63,-3.8,-4.7,31.6,37.8,14,29,2,2,10736.15,1.15,0.53,6676.72,-0.15,-3.66,6289.76,-0.75,-4.26,13.22,10.6,1.25
2018-06-01,193,797,10,132,-11.9,10,84,-7.4,-4.8,26.8,20.7,9,37,1,2,10696.2,-0.37,0.73,6596.25,-1.21,-4.51,6191.24,-1.57,-5.52,13.57,10.5,1.29
2018-06-04,142,850,8,266,-12.3,3,136,-13.3,-4.7,20.1,11.6,5,69,1,2,10628.5,-0.63,-0.81,6525.43,-1.07,-6.2,6038.55,-2.47,-8.4,13.88,10.2,1.36
2018-06-05,133,862,6,346,-22.0,0,181,-18.1,-6.0,15.1,5.5,2,115,0,6,10593.15,-0.33,-1.16,6442.65,-1.27,-7.37,5875.74,-2.7,-11.27,13.32,10.2,1.31
2018-06-06,765,230,155,24,-13.7,3,50,-4.7,-5.8,17.3,22.7,1,84,0,5,10684.65,0.86,-0.53,6525.13,1.28,-5.67,5968.35,1.58,-9.67,12.55,10.7,1.17
2018-06-07,856,138,230,14,-5.5,11,15,-0.4,-5.1,22.2,69.1,5,48,0,4,10768.35,0.78,0.48,6614.34,1.37,-3.09,6095.95,2.14,-6.27,12.78,11.0,1.16
2018-06-08,563,426,83,13,-8.0,12,11,0.1,-5.0,24.8,80.8,7,40,0,3,10767.65,-0.01,-0.36,6648.97,0.52,-2.93,6141.79,0.75,-5.31,12.7,10.6,1.2
2018-06-11,580,408,80,23,-11.9,14,9,0.5,-5.0,25.9,81.3,6,28,1,3,10786.95,0.18,-0.18,6657.04,0.12,-1.86,6166.84,0.41,-3.86,13.18,10.6,1.24
2018-06-12,588,400,66,16,-8.5,23,11,1.2,-4.8,29.2,74.3,9,24,1,3,10842.85,0.52,0.38,6706.6,0.74,-0.35,6205.63,0.63,-2.36,12.73,10.8,1.18
2018-06-13,415,570,47,14,-8.1,18,9,0.9,-4.5,27.2,58.7,12,22,2,2,10856.7,0.13,1.08,6684.37,-0.33,-0.55,6190.95,-0.24,-2.7,12.64,10.6,1.19
2018-06-14,447,537,40,17,-5.4,17,13,0.4,-4.1,27.9,49.5,10,24,1,2,10808.05,-0.45,1.17,6691.34,0.1,-0.79,6182.18,-0.14,-3.56,12.1,10.5,1.15
2018-06-15,355,634,39,23,-2.1,25,27,-0.2,-3.4,27.6,38.0,10,18,0,2,10817.7,0.09,2.09,6659.83,-0.47,-0.03,6143.89,-0.62,-2.26,12.07,10.0,1.21
2018-06-18,284,705,27,41,0.8,15,32,-1.7,-2.2,25.4,28.2,13,14,0,1,10799.85,-0.17,2.69,6636.46,-0.35,1.31,6097.26,-0.76,-0.58,12.38,9.5,1.3
2018-06-19,166,827,18,84,1.4,11,55,-4.4,-0.8,21.6,15.7,8,18,0,2,10710.45,-0.83,1.65,6561.1,-1.14,-0.16,6014.86,-1.35,-3.04,12.92,10.1,1.28
2018-06-20,513,467,50,13,-3.5,12,40,-2.8,-0.6,22.0,24.0,10,19,0,2,10772.05,0.58,3.28,6586.12,0.38,0.72,6026.11,0.19,-2.58,12.17,9.4,1.29
2018-06-21,224,765,16,48,-16.0,5,61,-5.6,-1.2,19.6,17.5,6,17,0,2,10741.1,-0.29,2.16,6553.14,-0.5,0.58,5973.29,-0.88,-3.45,12.45,9.2,1.35
2018-06-22,465,521,24,18,-18.0,7,50,-4.3,-1.6,20.1,29.7,7,22,0,2,10821.85,0.75,2.04,6572.42,0.29,-0.69,5973.61,0.01,-4.71,12.02,9.1,1.32
2018-06-25,236,754,20,56,-24.9,9,86,-7.7,-2.4,18.3,24.5,7,40,0,2,10762.45,-0.55,0.69,6531.71,-0.62,-2.5,5925.99,-0.8,-6.86,12.58,9.0,1.4
2018-06-26,289,704,16,76,-30.9,13,100,-8.7,-3.4,17.0,20.7,4,43,1,1,10769.15,0.06,1.28,6516.56,-0.23,-2.53,5877.61,-0.82,-7.45,12.8,8.8,1.45
2018-06-27,118,880,7,264,-37.0,6,198,-19.2,-5.4,12.9,10.9,3,61,1,1,10671.4,-0.91,0.54,6422.55,-1.44,-3.95,5758.93,-2.02,-9.13,13.51,9.4,1.44
2018-06-28,218,774,16,128,-41.6,2,214,-21.2,-7.6,11.3,7.4,4,61,1,3,10589.1,-0.77,-1.37,6313.7,-1.69,-5.44,5667.96,-1.58,-9.89,13.95,8.8,1.59
2018-06-29,829,165,197,13,-32.2,8,35,-2.7,-7.8,15.7,40.3,5,29,1,2,10714.3,1.18,0.17,6419.84,1.68,-2.67,5786.49,2.09,-6.54,12.94,9.8,1.32
2018-07-02,293,699,34,71,-32.1,9,87,-7.8,-8.4,14.2,34.7,4,24,1,2,10657.3,-0.53,0.27,6391.06,-0.45,-2.06,5733.78,-0.91,-5.05,13.37,9.7,1.38
2018-07-03,529,461,53,27,-24.8,12,69,-5.7,-8.6,16.0,52.4,12,20,3,3,10699.9,0.4,1.01,6432.45,0.65,-0.16,5759.89,0.46,-1.97,13.0,9.7,1.34
2018-07-04,465,518,51,29,-25.8,10,78,-6.8,-9.0,16.9,52.8,9,19,1,3,10769.9,0.65,0.8,6450.46,0.28,-1.14,5785.91,0.45,-3.06,12.66,9.5,1.33
2018-07-05,342,654,29,52,-23.5,6,88,-8.2,-9.2,17.1,37.1,6,30,2,3,10749.75,-0.19,-0.17,6408.9,-0.64,-3.11,5753.69,-0.56,-5.61,12.58,9.1,1.38
2018-07-06,584,406,57,18,-21.1,11,47,-3.6,-9.2,17.0,52.0,6,28,1,2,10772.65,0.21,0.05,6437.59,0.45,-3.18,5783.81,0.52,-5.83,12.44,9.1,1.37
2018-07-09,769,213,126,11,-10.4,19,13,0.6,-8.3,21.4,71.7,6,31,1,1,10852.9,0.74,0.61,6531.97,1.47,-1.88,5877.02,1.61,-4.7,12.39,9.5,1.3
2018-07-10,705,287,95,10,-2.0,20,11,0.9,-7.4,25.9,79.4,5,27,1,1,10947.25,0.87,0.96,6578.74,0.72,-1.91,5939.26,1.06,-4.29,12.4,9.8,1.27
2018-07-11,328,663,40,40,2.2,19,29,-1.0,-5.5,25.0,63.5,6,27,1,1,10948.3,0.01,0.84,6554.97,-0.36,-1.94,5915.62,-0.4,-4.45,12.78,9.8,1.3
2018-07-12,375,612,36,33,5.4,17,37,-2.0,-3.6,25.0,49.0,4,23,1,1,11023.2,0.68,1.99,6531.28,-0.36,-2.39,5916.75,0.02,-4.29,12.51,9.9,1.26
2018-07-13,222,770,16,86,-6.7,16,86,-7.0,-4.1,21.3,23.5,5,23,1,2,11018.9,-0.04,1.86,6468.08,-0.97,-2.88,5808.18,-1.83,-5.46,12.3,9.9,1.24
2018-07-16,106,886,6,312,-10.5,11,196,-18.5,-5.1,15.9,10.6,2,33,0,3,10936.85,-0.74,1.27,6318.27,-2.32,-4.79,5654.24,-2.65,-7.27,12.95,10.3,1.26
2018-07-17,653,337,93,34,-8.0,13,63,-5.0,-5.1,17.8,22.8,2,35,0,3,11008.05,0.65,2.78,6441.0,1.94,-1.83,5716.64,1.1,-4.96,12.83,9.9,1.3
2018-07-18,241,745,22,83,-12.5,10,133,-12.3,-5.6,17.0,19.2,1,38,0,5,10980.45,-0.25,1.93,6380.35,-0.94,-3.12,5661.03,-0.97,-6.06,13.68,9.9,1.38
2018-07-19,252,733,14,105,-14.2,7,181,-17.4,-6.5,15.7,18.3,3,44,0,7,10957.1,-0.21,2.01,6335.12,-0.71,-3.33,5612.2,-0.86,-6.05,13.59,9.8,1.39
2018-07-20,478,510,66,43,-16.3,11,136,-12.5,-7.4,16.1,32.7,6,46,0,5,11010.2,0.48,1.74,6390.71,0.88,-2.76,5632.22,0.36,-5.71,13.54,9.6,1.41
2018-07-23,666,318,104,28,-18.4,18,66,-4.8,-8.0,20.1,52.4,7,34,0,4,11084.75,0.68,2.99,6453.49,0.98,-1.2,5678.83,0.83,-4.17,13.01,9.5,1.37
2018-07-24,839,153,294,3,-15.7,20,13,0.7,-8.0,27.1,82.8,11,22,2,3,11134.3,0.45,3.39,6545.21,1.42,0.44,5808.2,2.28,-1.18,12.47,9.6,1.3
2018-07-25,506,479,68,31,-12.1,18,13,0.5,-7.8,29.2,78.8,14,14,3,1,11132.0,-0.02,4.32,6544.46,-0.01,1.9,5825.54,0.3,1.16,12.21,8.8,1.39
2018-07-26,505,482,66,29,-9.5,18,20,-0.2,-7.6,31.6,73.7,20,15,4,0,11167.3,0.32,5.46,6571.46,0.41,4.08,5848.33,0.39,3.18,12.03,7.9,1.52
2018-07-27,686,299,109,16,-0.1,20,10,1.0,-6.8,37.7,75.6,15,15,4,0,11278.35,0.99,5.26,6628.42,0.87,3.25,5907.71,1.02,2.09,12.31,7.7,1.6
2018-07-30,631,356,128,16,10.5,18,10,0.8,-4.9,45.3,72.5,22,12,4,0,11319.55,0.37,6.21,6640.24,0.18,3.9,5933.52,0.44,3.48,12.59,7.1,1.77
2018-07-31,549,441,79,30,8.4,25,11,1.4,-4.3,48.0,71.6,21,11,4,0,11356.5,0.33,6.14,6665.68,0.38,3.63,5943.02,0.16,3.18,12.48,7.1,1.76
2018-08-01,482,496,73,21,13.3,24,7,1.7,-2.9,49.0,65.2,24,11,4,0,11346.2,-0.09,5.35,6681.47,0.24,3.58,5948.77,0.1,2.81,12.53,7.1,1.76
2018-08-02,443,548,77,21,17.0,15,11,0.4,-1.1,52.2,55.4,44,9,4,0,11244.7,-0.89,4.6,6679.08,-0.04,4.22,5944.01,-0.08,3.31,12.56,8.1,1.55
2018-08-03,726,267,145,13,21.9,32,3,2.9,0.4,60.3,67.0,46,5,5,0,11360.8,1.03,5.46,6743.97,0.97,4.76,6028.64,1.42,4.23,12.08,8.6,1.4
2018-08-06,545,443,109,25,19.5,27,3,2.4,1.2,62.4,65.6,46,5,5,0,11387.1,0.23,4.92,6766.98,0.34,3.6,6050.03,0.35,2.94,12.56,8.4,1.5
2018-08-07,384,610,59,68,10.4,24,4,2.0,1.3,60.1,54.5,36,4,5,0,11389.45,0.02,4.04,6755.7,-0.17,2.69,6021.72,-0.47,1.39,12.58,8.1,1.55
2018-08-08,460,527,55,40,9.4,29,9,2.0,1.4,59.2,49.3,42,4,5,0,11450.0,0.53,4.58,6760.68,0.07,3.14,6039.17,0.29,2.09,12.54,8.1,1.55
2018-08-09,497,491,77,36,9.2,31,6,2.5,1.7,59.3,45.3,48,3,5,0,11470.7,0.18,4.06,6785.4,0.37,3.89,6069.26,0.5,2.58,12.68,7.9,1.61
2018-08-10,292,694,34,83,1.4,22,21,0.1,1.6,56.3,32.9,50,3,8,0,11429.5,-0.36,3.73,6757.15,-0.42,4.47,6006.91,-1.03,3.42,12.85,8.1,1.59
2018-08-13,287,709,31,81,-5.6,20,31,-1.1,1.4,49.8,25.7,63,2,8,0,11355.75,-0.65,3.83,6720.02,-0.55,6.36,5951.14,-0.93,5.25,13.4,8.0,1.68
2018-08-14,525,456,55,41,-6.0,33,24,0.9,1.4,50.7,34.7,60,4,10,0,11435.1,0.7,3.88,6798.17,1.16,5.55,5969.77,0.31,4.43,13.28,8.0,1.66
2018-08-16,380,606,48,53,-8.1,27,29,-0.2,1.2,49.0,32.8,74,4,15,0,11385.05,-0.44,3.68,6789.29,-0.13,6.41,5950.45,-0.32,5.11,13.65,8.2,1.66
2018-08-17,678,309,88,8,-3.4,39,10,2.9,1.4,52.6,52.2,111,1,18,0,11470.75,0.75,4.69,6852.66,0.93,8.17,6007.85,0.96,7.05,13.16,8.3,1.59
2018-08-20,565,422,66,18,-6.5,32,10,2.2,1.4,55.1,62.7,115,0,17,0,11551.75,0.71,4.92,6893.75,0.6,7.87,6020.8,0.22,6.9,13.03,8.4,1.55
2018-08-21,481,510,65,16,-7.9,36,12,2.4,1.4,57.1,62.9,100,0,14,0,11570.9,0.17,4.39,6913.91,0.29,7.13,6047.59,0.44,6.49,12.9,8.3,1.55
2018-08-23,411,576,63,21,-7.2,39,15,2.4,1.4,56.8,53.9,73,1,9,0,11582.75,0.1,4.03,6906.91,-0.1,5.53,6036.24,-0.19,3.93,12.76,8.2,1.56
2018-08-24,361,624,47,28,-9.2,31,21,1.0,1.3,56.1,42.5,72,3,13,0,11557.1,-0.22,3.82,6889.06,-0.26,5.27,6021.91,-0.24,3.37,12.41,8.3,1.5
2018-08-27,576,409,67,22,-7.6,44,12,3.2,1.4,59.7,49.6,75,5,9,0,11691.95,1.17,4.7,6968.9,1.16,6.05,6060.92,0.65,3.64,12.24,9.0,1.36
2018-08-28,388,592,56,35,-5.6,34,24,1.0,1.5,60.8,45.9,70,8,13,0,11738.5,0.4,4.08,6969.45,0.01,5.14,6073.5,0.21,2.81,12.43,8.6,1.45
2018-08-29,463,521,61,27,-2.0,23,26,-0.3,1.6,61.2,48.9,68,8,12,0,11691.9,-0.4,3.29,6997.42,0.4,5.38,6088.14,0.24,2.61,12.44,8.8,1.41
2018-08-30,541,446,65,13,-1.7,23,19,0.4,1.5,62.0,54.1,66,5,10,0,11676.8,-0.13,2.82,7009.08,0.17,5.15,6125.79,0.62,3.08,12.41,8.8,1.41
2018-08-31,525,458,57,20,1.2,36,20,1.6,1.7,65.1,57.0,65,6,10,0,11680.5,0.03,2.95,7034.77,0.37,5.29,6160.43,0.57,3.56,12.6,8.8,1.43
2018-09-03,444,545,54,29,-3.5,25,20,0.5,1.4,65.6,54.1,64,7,10,0,11582.35,-0.84,3.0,7012.29,-0.32,4.99,6152.57,-0.13,3.51,13.39,8.7,1.54
2018-09-04,133,862,15,154,-12.2,12,44,-3.2,0.9,56.2,23.7,45,10,6,0,11520.3,-0.54,1.4,6852.89,-2.27,1.62,6024.29,-2.08,-0.07,13.78,8.4,1.64
2018-09-05,306,689,27,40,-15.7,10,48,-3.8,0.3,53.9,18.8,37,13,6,0,11476.95,-0.38,0.79,6812.04,-0.6,0.67,6008.53,-0.26,-0.69,13.65,8.5,1.61
2018-09-06,628,360,73,9,-11.4,20,31,-1.1,-0.1,55.1,32.1,46,7,4,0,11536.9,0.52,1.29,6836.15,0.35,1.19,6042.68,0.57,0.35,13.72,8.7,1.58
2018-09-07,611,371,96,9,-6.4,26,23,0.3,-0.1,58.0,51.4,46,9,5,0,11589.1,0.45,1.21,6907.06,1.04,2.17,6069.48,0.44,0.5,13.89,8.6,1.62
2018-09-10,251,742,39,47,-13.0,20,47,-2.7,-0.7,53.0,37.5,44,11,5,0,11438.1,-1.3,-0.28,6803.57,-1.5,0.27,5999.73,-1.15,-1.15,15.2,9.9,1.54
2018-09-11,179,814,15,82,-17.3,4,73,-6.9,-1.5,48.6,21.6,38,13,4,0,11287.5,-1.32,-1.24,6720.08,-1.23,-0.55,5917.13,-1.38,-1.49,15.33,10.9,1.41
2018-09-12,379,608,31,35,-19.0,4,86,-8.2,-2.3,46.7,21.1,41,15,5,1,11369.9,0.73,0.12,6733.64,0.2,0.2,5899.47,-0.3,-0.87,14.25,11.0,1.3
2018-09-14,765,228,106,8,-14.6,14,22,-0.8,-2.4,51.7,47.7,50,9,5,0,11515.2,1.28,0.7,6835.75,1.52,0.55,5977.76,1.33,0.13,13.84,11.6,1.19
2018-09-17,400,588,75,27,-17.1,17,28,-1.1,-2.7,50.8,49.1,56,4,9,0,11377.75,-1.19,-0.06,6795.07,-0.6,0.09,5985.88,0.14,0.6,14.5,12.4,1.17
2018-09-18,194,800,21,105,-22.2,8,61,-5.3,-3.3,44.2,30.0,40,15,6,0,11278.9,-0.87,-1.67,6703.21,-1.35,-2.18,5884.93,-1.69,-2.05,14.42,12.4,1.16
2018-09-19,309,683,32,66,-18.6,8,74,-6.6,-3.6,40.6,22.7,34,13,10,0,11234.35,-0.39,-2.75,6640.95,-0.93,-3.67,5834.77,-0.85,-3.09,14.01,12.1,1.16
2018-09-21,137,858,13,402,-22.0,4,172,-16.8,-4.9,30.2,10.8,22,29,4,1,11143.1,-0.81,-3.7,6512.01,-1.94,-5.81,5649.71,-3.17,-6.58,15.54,12.2,1.27
2018-09-24,118,879,11,372,-32.3,2,231,-22.9,-7.1,21.4,4.4,13,49,2,1,10967.4,-1.58,-5.31,6344.01,-2.58,-8.15,5507.92,-2.51,-8.75,17.43,13.1,1.33
2018-09-25,386,611,36,109,-36.9,2,192,-19.0,-9.0,20.4,10.0,15,54,2,2,11067.45,0.91,-4.24,6335.34,-0.14,-8.04,5460.51,-0.86,-9.32,16.68,13.8,1.21
2018-09-26,529,464,71,54,-31.4,3,126,-12.3,-10.0,22.1,19.9,11,55,1,2,11053.8,-0.12,-5.46,6357.95,0.36,-8.77,5457.14,-0.06,-9.96,17.09,12.8,1.34
2018-09-27,188,802,25,192,-31.2,3,220,-21.7,-11.5,18.2,17.6,7,74,1,2,10977.55,-0.69,-6.48,6228.83,-2.03,-10.63,5340.62,-2.14,-12.07,16.92,12.6,1.34
2018-09-28,122,875,15,442,-36.4,0,323,-32.3,-13.9,11.7,10.1,2,137,1,4,10930.45,-0.43,-6.51,6118.61,-1.77,-12.56,5130.04,-3.94,-15.74,17.0,12.6,1.35
2018-10-01,424,568,93,120,-43.2,2,235,-23.3,-16.1,10.7,15.9,4,166,1,5,11008.3,0.71,-5.73,6132.98,0.23,-12.5,5134.1,0.08,-16.19,16.84,13.2,1.28
2018-10-03,568,427,136,56,-39.9,0,117,-11.7,-17.2,11.4,25.3,3,137,1,6,10858.25,-1.36,-7.04,6070.47,-1.02,-13.71,5158.8,0.48,-16.26,18.12,13.6,1.33
2018-10-04,189,803,27,171,-40.0,0,190,-19.0,-18.6,7.4,18.5,5,170,1,6,10599.25,-2.39,-8.49,5948.87,-2.0,-15.17,5049.34,-2.12,-17.93,18.92,15.4,1.23
2018-10-05,155,840,21,219,-43.1,0,304,-30.4,-20.9,4.7,13.1,5,185,1,7,10316.45,-2.67,-10.45,5793.52,-2.61,-15.46,4942.38,-2.12,-17.96,19.73,17.4,1.13
2018-10-08,232,764,29,258,-41.2,0,354,-35.4,-22.8,3.6,10.3,6,238,1,9,10348.05,0.31,-9.84,5692.86,-1.74,-16.43,4851.17,-1.85,-19.26,20.15,17.6,1.14
2018-10-09,394,597,70,104,-35.6,0,276,-27.6,-23.3,3.7,14.5,5,271,1,9,10301.05,-0.45,-10.71,5672.86,-0.35,-17.02,4827.47,-0.49,-20.11,19.76,17.2,1.15
2018-10-10,910,88,475,16,-25.2,0,28,-2.8,-21.7,7.0,66.1,7,182,3,10,10460.1,1.54,-9.74,5890.45,3.84,-14.72,5004.09,3.66,-17.55,17.91,18.4,0.97
2018-10-11,232,760,53,157,-31.1,0,89,-8.9,-21.3,5.5,52.4,6,207,1,10,10234.65,-2.16,-10.52,5767.01,-2.1,-15.24,4916.38,-1.75,-18.06,20.55,19.2,1.07
2018-10-12,886,105,315,5,-17.2,0,10,-1.0,-19.2,8.9,85.7,10,118,3,8,10472.5,2.32,-7.22,5917.3,2.61,-11.95,5040.82,2.53,-14.81,18.63,21.4,0.87
2018-10-15,694,292,183,12,-5.6,1,15,-1.4,-16.2,11.9,85.7,10,89,4,8,10512.5,0.38,-7.54,5969.34,0.88,-11.35,5103.27,1.24,-13.5,18.89,21.2,0.89
2018-10-16,734,251,167,21,0.7,2,16,-1.4,-14.0,15.5,86.7,6,94,0,8,10584.75,0.69,-8.08,6057.43,1.48,-11.39,5181.97,1.54,-13.31,17.37,20.7,0.84
2018-10-17,137,860,11,262,-8.0,0,42,-4.2,-13.2,10.4,49.6,2,122,0,7,10453.05,-1.24,-8.13,5936.94,-1.99,-12.63,5059.86,-2.36,-15.47,17.98,20.7,0.87
2018-10-19,253,739,22,161,-6.7,0,85,-8.5,-12.2,8.9,23.6,0,121,0,8,10303.55,-1.43,-8.65,5853.63,-1.4,-12.67,5004.75,-1.09,-14.96,19.79,21.0,0.94
2018-10-22,223,771,20,149,-5.3,0,124,-12.4,-10.4,7.3,13.7,0,134,0,9,10245.25,-0.57,-8.8,5777.28,-1.3,-13.01,4918.32,-1.73,-15.71,21.36,21.0,1.02
2018-10-23,247,744,18,125,-5.0,0,156,-15.6,-8.4,6.9,10.3,4,101,0,5,10146.8,-0.96,-8.94,5721.56,-0.96,-12.14,4853.5,-1.32,-14.09,19.04,21.0,0.91
2018-10-24,590,391,67,39,-1.0,0,81,-8.1,-6.4,7.0,23.3,5,68,0,6,10224.75,0.77,-6.77,5787.01,1.14,-8.78,4888.62,0.72,-11.24,18.88,21.0,0.9
2018-10-25,291,699,33,90,-13.3,0,148,-14.8,-7.6,6.9,24.5,3,69,0,5,10124.9,-0.98,-8.52,5755.33,-0.55,-9.16,4842.14,-0.95,-11.32,18.96,20.6,0.92
2018-10-26,443,546,56,44,-9.0,0,124,-12.4,-8.0,7.1,33.1,3,80,0,5,10030.0,-0.94,-9.26,5749.24,-0.11,-9.57,4831.37,-0.22,-11.47,19.23,20.6,0.93
2018-10-29,836,161,262,13,-10.1,1,32,-3.1,-8.2,11.1,74.7,8,40,1,4,10250.85,2.2,-6.62,5904.37,2.7,-5.21,4938.41,2.22,-7.53,19.83,22.7,0.87
2018-10-30,617,380,122,22,-11.7,2,28,-2.6,-8.3,13.7,73.8,28,19,3,2,10198.4,-0.51,-6.7,5948.89,0.75,-2.77,4995.3,1.15,-2.63,20.5,22.7,0.9
2018-10-31,686,308,137,24,-12.8,4,29,-2.5,-8.4,18.2,81.5,22,16,1,3,10386.6,1.85,-5.65,6052.68,1.74,-1.31,5056.8,1.23,-1.51,19.8,23.7,0.84
2018-11-01,662,326,135,25,-2.2,8,14,-0.6,-8.1,21.7,82.3,21,11,1,2,10380.45,-0.06,-4.4,6100.66,0.79,0.5,5118.9,1.23,-0.77,19.19,23.3,0.82
2018-11-02,644,344,132,26,5.7,2,9,-0.7,-7.3,26.8,76.2,35,10,4,1,10553.0,1.66,-0.44,6131.41,0.5,3.07,5175.72,1.11,2.5,18.23,22.7,0.8
2018-11-05,472,514,63,59,10.8,5,12,-0.7,-6.1,28.8,66.8,45,10,4,1,10524.0,-0.27,2.01,6106.68,-0.4,5.41,5154.61,-0.41,4.29,19.48,20.5,0.95
2018-11-06,450,531,59,28,14.9,5,13,-0.8,-4.6,29.5,57.1,73,8,4,0,10530.0,0.06,1.76,6079.95,-0.44,6.8,5150.83,-0.07,6.18,18.51,20.4,0.91
2018-11-07,870,120,57,2,20.4,5,2,0.3,-3.8,35.0,74.9,98,6,6,0,10598.4,0.65,2.89,6131.41,0.85,8.08,5208.54,1.12,7.89,17.88,20.4,0.88
2018-11-09,531,456,86,15,25.3,8,2,0.6,-2.3,38.3,67.3,50,4,5,0,10585.2,-0.12,1.2,6191.12,0.97,5.1,5244.03,0.68,4.79,17.77,19.8,0.9
2018-11-12,296,692,50,61,22.3,4,8,-0.4,-1.0,35.3,46.5,63,5,3,0,10482.2,-0.97,2.42,6136.76,-0.88,6.41,5198.53,-0.87,5.74,19.37,18.4,1.05
2018-11-13,477,507,49,41,15.3,8,15,-0.7,-0.8,36.4,44.7,33,5,3,0,10582.5,0.96,1.05,6153.05,0.27,3.98,5205.33,0.13,3.26,18.7,16.8,1.11
2018-11-14,399,583,42,52,11.1,11,18,-0.7,-0.6,37.0,38.8,34,5,3,0,10576.3,-0.06,0.61,6160.09,0.11,3.2,5197.7,-0.15,1.85,18.83,16.8,1.12
2018-11-15,413,576,48,56,5.7,5,32,-2.7,-0.6,36.6,38.7,31,11,1,0,10616.7,0.38,0.3,6189.67,0.48,2.18,5198.38,0.01,0.32,18.46,16.7,1.11
2018-11-16,403,576,37,57,0.6,2,26,-2.4,-0.8,37.0,38.7,33,6,3,0,10682.2,0.62,2.19,6183.65,-0.1,4.16,5183.77,-0.28,2.45,18.35,16.1,1.14
2018-11-19,526,454,52,17,-1.7,7,15,-0.8,-0.8,40.7,44.3,45,4,1,0,10763.4,0.76,4.46,6207.98,0.39,6.05,5203.67,0.38,3.97,19.26,15.1,1.28
2018-11-20,206,778,20,60,-7.0,3,33,-3.0,-1.1,36.1,29.6,55,2,4,0,10656.2,-1.0,4.01,6151.83,-0.9,6.48,5141.76,-1.19,4.54,19.33,15.5,1.25
2018-11-21,501,478,50,13,-6.0,4,36,-3.2,-1.3,37.9,37.3,80,2,7,0,10600.05,-0.53,4.47,6173.57,0.35,7.9,5149.63,0.15,6.1,19.56,15.2,1.29
2018-11-22,344,643,41,25,-16.5,1,39,-3.8,-1.7,38.7,32.5,64,4,5,0,10526.75,-0.69,2.95,6124.12,-0.8,5.83,5130.38,-0.37,4.95,19.16,15.3,1.25
2018-11-26,382,605,42,43,-19.5,5,38,-3.3,-2.1,37.7,32.8,76,2,9,0,10628.6,0.97,4.97,6141.87,0.29,6.72,5113.37,-0.33,5.6,20.4,15.0,1.36
2018-11-27,488,482,47,15,-15.4,6,40,-3.4,-2.4,40.3,40.7,80,3,11,0,10685.6,0.54,6.54,6173.59,0.52,7.38,5134.07,0.4,6.27,18.32,14.3,1.28
2018-11-28,300,683,36,66,-19.0,3,73,-7.0,-3.0,38.3,30.5,47,6,7,1,10728.85,0.4,4.66,6126.88,-0.76,3.77,5104.6,-0.57,3.37,17.96,12.6,1.43
2018-11-29,500,482,50,32,-16.9,3,51,-4.8,-3.4,41.0,40.3,41,5,5,1,10858.7,1.21,6.47,6156.66,0.49,3.49,5108.43,0.08,2.26,18.7,12.7,1.47
2018-11-30,545,433,62,35,-14.2,5,43,-3.8,-3.6,44.1,49.1,33,5,5,1,10876.75,0.17,4.72,6195.77,0.64,2.36,5125.73,0.34,1.36,19.16,11.4,1.68
2018-12-03,532,454,64,23,-11.7,5,33,-2.8,-3.6,47.1,55.4,26,10,5,1,10883.75,0.06,4.85,6230.15,0.55,2.12,5156.19,0.59,0.73,18.22,11.3,1.61
2018-12-04,426,553,41,17,-13.7,4,33,-2.9,-3.8,48.7,53.1,24,14,6,1,10869.5,-0.13,3.0,6227.75,-0.04,1.57,5165.19,0.17,-0.2,18.11,10.1,1.79
2018-12-05,202,786,15,84,-13.8,2,75,-7.3,-4.2,44.6,28.7,23,16,5,1,10782.9,-0.8,2.46,6152.61,-1.21,0.75,5095.57,-1.35,-1.15,18.39,10.5,1.75
2018-12-06,150,842,8,97,-20.9,2,94,-9.2,-4.8,36.9,14.5,14,19,4,1,10601.15,-1.69,0.68,6060.53,-1.5,-0.32,5029.58,-1.3,-2.35,19.31,12.4,1.56
2018-12-07,419,556,24,46,-19.3,2,80,-7.8,-5.2,37.2,17.1,12,23,4,3,10693.7,0.87,0.9,6058.82,-0.03,-1.18,5031.43,0.04,-3.4,18.59,12.5,1.49
2018-12-10,104,889,12,177,-24.9,0,157,-15.7,-6.5,29.3,9.0,9,38,4,3,10488.45,-1.92,-0.91,5938.89,-1.98,-4.07,4939.0,-1.84,-5.82,20.44,14.4,1.42
2018-12-11,771,216,115,12,-19.5,2,46,-4.4,-6.6,36.5,38.3,11,27,3,3,10549.15,0.58,0.64,6028.98,1.52,-1.76,5005.34,1.34,-3.72,17.95,14.1,1.27
2018-12-12,885,108,284,3,-7.8,6,7,-0.1,-5.9,50.7,84.2,12,16,2,2,10737.6,1.79,1.47,6181.01,2.52,0.45,5138.7,2.66,-1.28,15.81,15.1,1.05
2018-12-13,620,357,85,9,-5.4,8,9,-0.1,-5.4,53.5,87.1,13,11,4,2,10791.55,0.5,2.04,6231.29,0.81,1.16,5177.38,0.75,-0.39,15.55,15.1,1.03
2018-12-14,440,543,43,13,-7.5,6,14,-0.8,-5.1,55.0,81.4,16,10,1,3,10805.45,0.13,1.78,6240.42,0.15,0.82,5184.64,0.14,-0.26,15.16,15.1,1.0
2018-12-17,570,407,65,16,-6.7,5,7,-0.2,-4.9,58.6,73.0,20,9,2,3,10888.35,0.77,1.93,6263.38,0.37,1.29,5203.46,0.36,0.38,14.54,15.2,0.96
2018-12-18,565,410,68,12,-3.9,6,10,-0.4,-4.6,62.3,65.9,21,8,2,2,10908.7,0.19,1.35,6279.17,0.25,1.15,5235.89,0.62,0.62,14.58,15.0,0.97
2018-12-19,695,289,130,14,6.0,10,7,0.3,-3.8,69.0,74.7,25,7,3,2,10967.3,0.54,2.92,6353.06,1.18,3.27,5295.49,1.14,2.99,14.66,14.5,1.01
2018-12-20,439,541,56,10,11.9,3,3,0.0,-2.9,68.3,68.4,27,7,5,2,10951.7,-0.14,3.32,6358.01,0.08,2.99,5303.93,0.16,3.0,14.33,14.3,1.0
2018-12-21,222,769,23,59,7.8,4,10,-0.6,-2.2,61.6,38.6,18,7,4,2,10754.0,-1.81,2.16,6269.1,-1.4,2.37,5252.7,-0.97,2.38,15.99,15.7,1.02
2018-12-24,247,735,17,58,10.8,4,19,-1.5,-0.8,54.4,22.9,18,5,5,2,10663.5,-0.84,0.33,6228.43,-0.65,1.41,5203.16,-0.94,1.76,15.75,15.7,1.0
2018-12-26,394,584,24,22,3.3,2,21,-1.9,-0.5,54.4,19.8,14,5,3,2,10729.85,0.62,0.41,6219.24,-0.15,0.74,5196.96,-0.12,1.22,15.92,15.8,1.01
2018-12-27,533,442,33,13,-3.5,4,21,-1.7,-0.7,55.7,32.5,18,3,3,0,10779.8,0.47,0.47,6245.04,0.41,1.93,5206.63,0.19,2.0,16.07,15.8,1.02
2018-12-28,671,306,47,5,-2.5,9,13,-0.4,-0.7,60.5,60.1,25,4,3,0,10859.9,0.74,0.01,6304.56,0.95,2.4,5253.95,0.91,2.85,15.27,15.4,0.99
2018-12-31,604,374,50,10,0.8,5,13,-0.8,-0.7,64.5,72.9,27,4,4,0,10862.55,0.02,-0.13,6339.3,0.55,2.32,5295.48,0.79,3.31,16.0,15.4,1.04
2019-01-01,563,409,45,8,0.7,4,5,-0.1,-0.7,65.3,76.9,25,3,3,0,10910.1,0.44,0.24,6341.68,0.04,1.79,5314.26,0.35,3.07,15.33,15.5,0.99
2019-01-02,237,745,17,26,-5.9,1,12,-1.1,-0.8,60.4,42.5,19,3,3,0,10792.5,-1.08,-0.71,6274.92,-1.05,0.76,5275.18,-0.74,2.13,16.39,16.0,1.02
2019-01-03,262,719,12,35,-14.5,5,19,-1.4,-1.0,56.0,28.6,24,3,3,0,10672.25,-1.11,-1.03,6233.41,-0.66,1.31,5244.91,-0.57,2.93,16.79,16.2,1.04
2019-01-04,492,487,28,12,-13.5,5,16,-1.1,-1.1,55.5,29.8,38,3,3,0,10727.35,0.52,1.19,6260.78,0.44,3.3,5253.02,0.15,4.44,16.16,15.1,1.07
2019-01-07,494,486,42,11,-7.9,3,20,-1.7,-1.2,54.2,37.2,41,2,3,0,10771.8,0.41,0.73,6262.61,0.03,3.36,5256.9,0.07,4.48,16.3,14.9,1.09
2019-01-08,474,503,38,19,-3.3,7,22,-1.5,-1.2,54.9,46.7,63,1,5,0,10802.15,0.28,2.99,6260.25,-0.04,5.41,5264.29,0.14,6.59,15.7,12.9,1.22
2019-01-09,360,616,25,25,-4.0,9,26,-1.7,-1.2,54.3,44.6,47,1,3,0,10855.15,0.49,2.9,6255.75,-0.07,3.76,5257.59,-0.13,5.04,15.27,12.9,1.18
2019-01-10,474,502,34,16,-5.2,14,19,-0.5,-1.0,54.1,47.5,30,2,2,0,10821.6,-0.31,0.78,6283.51,0.44,1.66,5271.36,0.26,2.58,15.35,11.4,1.35
2019-01-11,382,598,35,19,-11.0,9,21,-1.2,-1.1,52.9,41.9,22,2,4,0,10794.95,-0.25,0.03,6277.63,-0.09,0.74,5260.24,-0.21,1.6,15.35,11.3,1.36
2019-01-14,313,668,25,24,-16.8,7,28,-2.1,-1.2,49.3,32.4,18,3,5,0,10737.6,-0.53,-0.63,6256.65,-0.33,0.26,5236.8,-0.45,1.01,16.16,11.5,1.41
2019-01-15,671,306,50,11,-14.7,15,18,-0.3,-1.3,53.7,51.6,19,1,4,1,10886.8,1.39,-0.01,6290.5,0.54,0.43,5284.65,0.91,1.56,15.58,12.2,1.28
2019-01-16,463,511,47,7,-10.1,6,17,-1.1,-1.3,55.9,51.2,18,1,3,1,10890.3,0.03,-0.17,6280.0,-0.17,0.01,5295.55,0.21,1.14,16.08,12.2,1.32
2019-01-17,358,620,23,20,-8.2,2,27,-2.5,-1.4,53.6,43.6,14,1,2,1,10905.2,0.14,-0.57,6264.45,-0.25,-1.39,5278.2,-0.33,-0.33,16.24,12.0,1.35
2019-01-18,233,749,12,45,-13.4,5,45,-4.0,-1.7,48.0,28.3,13,3,2,1,10906.95,0.02,-0.41,6233.05,-0.5,-1.97,5229.4,-0.92,-1.41,16.62,12.0,1.39
2019-01-21,283,699,26,60,-17.6,7,53,-4.6,-2.0,41.3,20.1,16,5,2,0,10961.85,0.5,1.93,6190.15,-0.69,-1.26,5189.15,-0.77,-1.21,18.15,10.1,1.8
2019-01-22,292,693,16,61,-21.3,4,76,-7.2,-2.5,37.4,21.2,15,7,2,0,10922.75,-0.36,2.43,6182.35,-0.13,-0.74,5157.7,-0.61,-0.87,17.99,9.6,1.87
2019-01-23,369,607,25,30,-21.2,3,76,-7.3,-3.1,36.0,23.1,15,7,3,0,10831.5,-0.84,0.95,6168.0,-0.23,-0.82,5150.3,-0.14,-0.9,18.09,10.0,1.81
2019-01-24,327,660,21,66,-24.2,1,87,-8.6,-3.9,34.0,23.8,11,11,2,0,10849.8,0.17,0.65,6150.05,-0.29,-1.52,5130.5,-0.38,-1.46,17.44,9.9,1.76
2019-01-25,187,802,10,113,-28.2,1,133,-13.2,-5.1,27.9,16.2,9,23,2,0,10780.55,-0.64,-0.73,6068.6,-1.32,-3.74,5057.65,-1.42,-3.74,17.69,9.8,1.81
2019-01-28,150,846,10,247,-31.6,1,180,-17.9,-6.7,20.3,9.5,4,36,1,0,10661.55,-1.1,-1.85,5966.5,-1.68,-5.88,4964.75,-1.84,-6.25,18.9,10.5,1.8
2019-01-29,460,529,37,58,-35.9,1,127,-12.6,-7.9,21.1,15.4,4,48,1,0,10652.2,-0.09,-2.36,5979.25,0.21,-5.72,4971.6,0.14,-6.45,18.43,10.3,1.79
2019-01-30,600,381,92,24,-33.3,3,80,-7.7,-8.6,23.0,32.8,6,35,1,0,10651.8,0.0,-1.3,6013.15,0.57,-4.17,4993.9,0.45,-5.33,17.85,9.7,1.84
2019-01-31,613,370,88,24,-28.2,5,65,-6.0,-8.9,26.3,57.1,9,29,0,0,10830.95,1.68,1.49,6044.65,0.52,-3.03,5021.6,0.55,-4.26,17.12,10.7,1.6
2019-02-01,454,528,43,54,-23.8,6,58,-5.2,-9.0,26.0,59.3,4,29,0,1,10893.65,0.58,1.55,6076.05,0.52,-2.95,5024.7,0.06,-4.35,15.72,10.7,1.47
2019-02-04,209,781,18,141,-25.4,5,136,-13.1,-9.9,22.7,33.9,3,47,0,1,10912.25,0.17,1.3,6035.8,-0.66,-3.62,4951.3,-1.46,-5.81,15.72,10.6,1.48
2019-02-05,281,708,18,120,-25.6,7,179,-17.2,-10.9,20.6,26.3,2,66,0,5,10934.35,0.2,1.22,5990.95,-0.74,-4.3,4906.45,-0.91,-6.8,15.78,10.6,1.49
2019-02-06,454,532,48,86,-24.0,12,165,-15.3,-11.7,21.0,29.1,2,73,0,4,11062.45,1.17,1.91,5996.55,0.09,-4.14,4918.9,0.25,-6.44,15.63,11.2,1.4
2019-02-07,639,346,105,32,-17.8,12,67,-5.5,-11.4,23.3,44.5,3,69,1,5,11069.4,0.06,2.29,6037.15,0.68,-3.92,4950.95,0.65,-6.08,15.44,11.1,1.39
2019-02-08,296,697,43,81,-15.6,5,110,-10.5,-11.1,21.0,35.6,3,71,1,5,10943.6,-1.14,1.38,5967.4,-1.16,-4.94,4895.45,-1.12,-6.93,15.57,11.9,1.31
2019-02-11,240,753,30,137,-13.8,2,183,-18.1,-11.1,17.0,24.9,3,82,1,6,10888.8,-0.5,1.41,5875.35,-1.54,-6.09,4817.85,-1.59,-8.0,15.84,11.9,1.33
2019-02-12,389,588,48,57,-15.1,3,141,-13.8,-11.2,16.4,23.8,3,94,1,7,10831.4,-0.53,-0.51,5865.7,-0.16,-6.75,4803.6,-0.3,-9.1,15.75,11.0,1.43
2019-02-13,370,615,41,64,-19.7,7,172,-16.5,-12.1,15.8,23.4,3,102,1,7,10793.65,-0.35,-0.89,5849.3,-0.28,-6.86,4777.8,-0.54,-9.78,15.73,11.1,1.42
2019-02-14,503,480,63,35,-21.9,4,118,-11.4,-12.7,15.8,34.1,3,91,1,7,10746.05,-0.44,-1.46,5872.7,0.4,-6.25,4775.25,-0.05,-9.53,15.77,11.1,1.42
2019-02-15,296,691,33,83,-25.1,1,152,-15.1,-13.7,14.1,27.8,3,95,1,7,10724.4,-0.2,-1.67,5824.55,-0.82,-6.55,4736.15,-0.82,-9.43,16.46,11.1,1.48
2019-02-18,275,712,29,94,-23.8,2,201,-19.9,-14.3,11.9,23.1,2,103,1,8,10640.95,-0.78,-2.93,5762.95,-1.06,-6.9,4695.1,-0.87,-9.52,18.0,11.2,1.61
2019-02-19,575,413,65,21,-17.9,2,103,-10.1,-13.6,13.6,35.0,5,83,1,8,10604.35,-0.34,-2.92,5790.5,0.48,-6.34,4711.85,0.36,-8.64,18.47,11.2,1.65
2019-02-20,678,306,77,15,-13.4,4,47,-4.3,-12.5,16.2,56.0,4,74,1,5,10735.45,1.24,-0.89,5841.25,0.88,-5.3,4758.3,0.99,-7.61,17.06,11.9,1.43
2019-02-21,703,283,126,10,-12.1,7,21,-1.4,-12.1,18.1,75.3,7,48,2,5,10789.85,0.51,-0.55,5895.2,0.92,-4.14,4809.0,1.07,-6.27,16.05,12.0,1.34
2019-02-22,659,324,113,12,-4.8,12,12,0.0,-11.1,21.2,81.5,11,24,3,3,10791.65,0.02,0.1,5922.6,0.46,-2.41,4847.15,0.79,-4.16,15.45,11.8,1.31
2019-02-25,615,361,105,8,2.9,11,9,0.2,-9.2,24.1,79.5,21,13,5,3,10880.1,0.82,2.05,5944.75,0.37,-0.36,4885.2,0.78,-1.6,15.36,11.3,1.36
2019-02-26,295,695,35,57,0.9,9,30,-2.1,-8.1,23.5,53.1,20,17,5,3,10835.3,-0.41,1.72,5939.3,-0.09,-0.67,4856.6,-0.59,-2.31,17.12,11.5,1.49
2019-02-27,458,529,46,27,2.6,6,29,-2.3,-6.6,24.8,45.4,20,20,5,3,10806.65,-0.26,1.45,5962.8,0.4,-0.84,4865.9,0.19,-2.56,18.9,11.5,1.64
2019-02-28,631,340,71,14,5.3,9,12,-0.3,-5.5,28.2,55.5,22,20,5,3,10792.5,-0.13,-0.36,5993.0,0.51,-0.85,4907.55,0.86,-2.27,18.28,9.9,1.85
2019-03-01,857,135,235,8,16.5,13,3,1.0,-3.9,38.7,83.9,30,14,5,2,10863.5,0.66,-0.28,6068.85,1.27,-0.12,5022.65,2.35,-0.04,16.28,10.0,1.63
2019-03-05,889,110,426,2,28.6,19,4,1.5,-1.8,60.3,93.6,56,6,10,0,10987.45,1.14,0.69,6193.2,2.05,2.61,5207.25,3.68,5.17,15.66,10.7,1.46
2019-03-06,631,355,136,4,29.8,15,3,1.2,-0.6,66.7,91.7,79,3,16,0,11053.0,0.6,1.09,6219.9,0.43,3.82,5261.95,1.05,7.25,15.61,10.9,1.43
2019-03-07,432,555,63,39,24.8,16,3,1.3,-0.1,68.2,84.2,82,2,13,0,11058.2,0.05,-0.04,6204.0,-0.26,3.46,5258.15,-0.07,6.9,15.29,10.1,1.51
2019-03-08,393,596,49,24,18.6,21,3,1.8,0.2,65.8,64.2,76,2,12,0,11035.4,-0.21,-0.31,6197.55,-0.1,2.66,5253.8,-0.08,6.12,14.94,10.1,1.48
2019-03-11,788,202,150,12,21.1,25,0,2.5,0.5,74.9,75.1,105,1,8,0,11168.05,1.2,2.05,6317.8,1.94,5.87,5352.65,1.88,9.34,14.9,10.1,1.48
2019-03-12,652,330,107,8,21.8,23,3,2.0,0.7,80.4,82.0,160,1,18,0,11301.2,1.19,3.79,6354.0,0.57,8.15,5410.25,1.08,12.3,15.1,10.5,1.44
2019-03-13,306,686,30,43,22.0,21,4,1.7,1.0,78.5,58.5,147,1,13,0,11341.7,0.36,4.71,6324.3,-0.47,7.82,5390.65,-0.36,12.22,15.28,10.2,1.5
2019-03-14,397,590,51,32,20.8,13,5,0.8,1.4,77.1,49.5,164,0,10,0,11343.25,0.01,5.09,6324.6,0.0,8.13,5388.15,-0.05,12.77,15.15,10.0,1.52
2019-03-15,386,601,37,58,15.7,20,6,1.4,1.5,75.3,39.2,139,0,16,0,11426.85,0.74,6.34,6364.85,0.64,8.38,5360.25,-0.52,12.25,15.87,9.8,1.62
2019-03-18,419,571,31,34,7.0,17,4,1.3,1.6,72.8,34.9,151,2,14,0,11462.2,0.31,6.88,6343.75,-0.33,8.91,5351.35,-0.17,12.99,16.9,9.6,1.76
2019-03-19,533,447,60,18,0.0,21,1,2.0,1.6,74.5,46.4,197,2,20,0,11532.4,0.61,8.38,6378.45,0.55,10.68,5374.95,0.44,14.48,16.49,8.7,1.9
2019-03-20,332,656,28,40,-6.0,11,3,0.8,1.6,74.0,37.7,163,0,17,0,11521.05,-0.1,8.64,6353.5,-0.39,9.72,5356.85,-0.34,13.69,16.03,8.4,1.91
2019-03-22,307,677,24,37,-8.4,7,7,0.0,1.4,70.7,29.5,119,1,9,0,11456.9,-0.56,6.72,6327.05,-0.42,8.32,5328.6,-0.53,11.99,16.28,8.5,1.92
2019-03-25,174,819,12,86,-12.9,2,15,-1.3,1.1,62.1,17.4,63,1,7,0,11354.25,-0.9,5.23,6276.5,-0.8,6.47,5268.2,-1.13,9.55,16.67,9.5,1.75
2019-03-26,634,342,44,20,-15.8,13,9,0.4,0.9,65.2,29.9,51,2,4,0,11483.25,1.14,6.41,6336.9,0.96,7.0,5311.4,0.82,9.58,16.49,10.0,1.65
2019-03-27,509,473,60,27,-18.7,16,15,0.1,0.7,66.9,43.5,57,1,5,0,11445.05,-0.33,5.19,6371.85,0.55,7.18,5365.05,1.01,9.82,17.05,10.0,1.71
2019-03-28,685,294,75,10,-10.9,26,6,2.0,0.8,71.8,65.3,75,2,6,0,11570.0,1.09,6.78,6442.95,1.12,8.48,5406.15,0.77,11.32,16.65,10.1,1.65
2019-03-29,599,393,83,12,-7.0,35,5,3.0,1.0,76.2,74.0,90,4,5,0,11623.9,0.47,7.56,6503.95,0.95,9.08,5438.8,0.6,11.77,17.19,9.9,1.74
2019-04-01,704,285,126,11,-0.6,26,5,2.1,1.0,81.6,81.4,99,4,6,0,11669.15,0.39,8.12,6522.55,0.29,8.84,5490.6,0.95,11.88,18.01,9.7,1.86
2019-04-02,412,573,38,15,-0.7,21,6,1.5,1.1,81.9,69.6,56,4,3,0,11713.2,0.38,7.82,6525.2,0.04,7.52,5485.8,-0.09,9.22,18.08,9.7,1.86
2019-04-03,268,721,31,39,-6.1,12,9,0.3,0.9,79.8,41.7,24,5,3,0,11643.95,-0.59,5.97,6462.75,-0.96,4.35,5433.4,-0.96,4.34,18.78,9.8,1.92
2019-04-04,355,627,34,24,-5.6,6,7,-0.1,0.8,78.3,31.0,24,6,3,1,11598.0,-0.39,4.93,6453.6,-0.14,3.76,5408.1,-0.47,2.78,18.65,10.0,1.86
2019-04-05,642,339,73,8,1.2,15,6,0.9,0.9,80.6,43.2,23,7,3,0,11665.95,0.59,5.5,6497.9,0.69,4.74,5457.0,0.9,3.78,18.39,10.1,1.82
2019-04-08,357,622,39,32,5.0,8,10,-0.2,1.0,78.2,38.0,28,8,3,0,11604.5,-0.53,5.16,6451.9,-0.71,4.1,5439.95,-0.31,3.54,20.15,10.3,1.96
2019-04-09,423,555,34,24,0.7,9,9,0.0,1.0,78.2,44.6,21,11,3,1,11671.95,0.58,4.51,6457.55,0.09,2.21,5433.75,-0.11,1.52,20.28,9.8,2.07
2019-04-10,404,571,28,17,-1.3,13,10,0.3,1.0,77.5,40.2,20,11,2,1,11584.3,-0.75,2.51,6445.95,-0.18,1.45,5442.65,0.16,0.6,21.13,9.7,2.18
2019-04-11,427,552,24,9,-6.5,8,8,0.0,0.8,77.6,38.2,20,11,2,1,11596.7,0.11,2.25,6448.65,0.04,1.97,5447.15,0.08,1.05,20.96,9.6,2.18
2019-04-12,549,425,47,7,-7.3,14,6,0.8,0.6,79.2,50.5,22,9,3,1,11643.45,0.4,2.65,6472.75,0.37,2.34,5480.15,0.61,1.71,21.0,9.7,2.16
2019-04-15,603,379,53,8,-9.2,17,4,1.3,0.5,81.7,61.9,29,9,5,0,11690.35,0.4,2.31,6505.2,0.5,2.21,5510.65,0.56,2.81,21.39,9.5,2.25
2019-04-16,486,492,36,9,-7.7,21,7,1.4,0.5,82.2,59.7,26,6,6,0,11787.15,0.83,2.83,6513.1,0.12,2.67,5527.45,0.3,3.29,21.69,9.8,2.21
2019-04-18,226,763,24,57,-8.5,12,14,-0.2,0.4,75.3,35.8,22,9,7,0,11752.8,-0.29,1.91,6458.25,-0.84,1.25,5461.85,-1.19,1.62,22.74,9.7,2.34
2019-04-22,156,830,10,102,-12.6,2,19,-1.7,0.3,64.6,17.9,17,11,5,1,11594.45,-1.35,0.64,6360.35,-1.52,0.11,5380.0,-1.5,0.43,24.05,11.0,2.19
2019-04-23,370,615,22,25,-18.0,8,18,-1.0,0.1,61.5,18.7,17,9,5,1,11575.95,-0.16,1.04,6367.2,0.11,0.63,5363.95,-0.3,0.66,24.65,10.8,2.28
2019-04-24,584,393,45,10,-13.5,13,14,-0.1,0.1,63.2,30.1,27,7,5,1,11726.15,1.3,3.28,6384.3,0.27,1.72,5396.3,0.6,2.43,23.71,11.1,2.14
2019-04-25,372,600,25,17,-14.4,16,23,-0.7,0.0,60.0,33.9,25,6,5,1,11641.8,-0.72,1.38,6360.15,-0.38,0.37,5395.95,-0.01,1.59,23.23,10.9,2.13
2019-04-26,389,587,17,26,-14.7,18,23,-0.5,-0.1,57.9,39.4,27,7,6,1,11754.65,0.97,2.71,6342.75,-0.27,-0.46,5389.6,-0.12,0.46,21.72,11.2,1.94
2019-04-30,232,763,18,153,-18.8,14,48,-3.4,-0.4,44.9,26.0,16,11,2,1,11748.15,-0.06,1.54,6292.4,-0.79,-2.34,5328.25,-1.14,-1.44,21.83,10.6,2.06
2019-05-02,391,594,32,48,-22.1,14,45,-3.1,-0.8,44.2,24.1,13,12,3,3,11724.75,-0.2,0.87,6256.85,-0.56,-3.8,5320.4,-0.15,-2.18,22.98,10.6,2.17
2019-05-03,366,613,25,30,-26.8,12,33,-2.1,-1.1,41.9,24.9,10,18,3,1,11712.25,-0.11,0.37,6254.5,-0.04,-4.11,5311.6,-0.17,-3.26,24.03,10.5,2.29
2019-05-06,244,742,28,74,-31.7,4,46,-4.2,-1.7,35.8,19.4,11,18,4,1,11598.25,-0.97,-0.98,6209.45,-0.72,-4.84,5269.6,-0.79,-3.94,26.43,11.0,2.4
2019-05-07,261,719,23,58,-30.9,4,54,-5.0,-2.2,30.7,19.8,9,21,4,1,11497.9,-0.87,-1.25,6148.85,-0.98,-4.86,5228.2,-0.79,-3.78,26.48,11.2,2.36
2019-05-08,185,799,13,106,-30.3,4,86,-8.2,-2.8,25.1,12.6,7,29,3,2,11359.45,-1.2,-2.06,6093.7,-0.9,-5.58,5158.35,-1.34,-4.62,26.37,11.9,2.22
2019-05-09,419,570,31,41,-29.4,4,63,-5.9,-3.3,22.9,17.4,7,30,1,2,11301.8,-0.51,-3.12,6080.4,-0.22,-6.43,5142.6,-0.31,-5.76,25.49,11.7,2.18
2019-05-10,484,494,41,27,-31.4,5,53,-4.8,-3.8,23.0,27.6,8,27,1,3,11278.9,-0.2,-2.81,6102.55,0.36,-5.41,5158.0,0.3,-5.18,26.34,11.6,2.27
2019-05-13,140,853,13,214,-36.2,2,132,-13.0,-5.0,17.1,13.3,6,34,2,3,11148.2,-1.16,-4.49,5984.8,-1.93,-7.32,5041.25,-2.26,-7.22,27.38,11.8,2.32
2019-05-14,509,470,64,42,-33.9,5,93,-8.8,-5.9,17.6,26.4,4,35,1,4,11222.05,0.66,-3.13,6007.95,0.39,-6.79,5067.6,0.52,-6.89,27.13,12.0,2.26
2019-05-15,334,650,34,60,-31.7,6,102,-9.6,-6.5,17.0,25.1,5,41,1,3,11157.0,-0.58,-3.79,5975.85,-0.53,-7.33,5035.1,-0.64,-7.56,28.66,12.1,2.37
2019-05-16,485,501,45,37,-29.8,10,92,-8.2,-7.0,17.3,34.5,6,55,1,3,11257.1,0.9,-3.32,5991.5,0.26,-7.44,5042.9,0.15,-7.98,28.37,12.5,2.27
2019-05-17,571,404,74,29,-25.7,12,67,-5.5,-7.3,19.3,53.3,5,51,0,4,11407.15,1.33,-2.42,6049.55,0.97,-7.0,5059.15,0.32,-8.19,28.08,13.5,2.08
2019-05-20,905,86,442,11,-12.5,31,12,1.9,-6.7,32.2,87.9,8,26,0,3,11828.25,3.69,0.35,6270.4,3.65,-3.73,5264.15,4.05,-4.76,23.68,18.7,1.27
2019-05-21,292,696,39,65,-12.0,15,19,-0.4,-6.3,29.4,77.3,5,24,0,3,11709.1,-1.01,-0.37,6210.15,-0.96,-3.84,5231.15,-0.63,-4.22,25.65,19.0,1.35
2019-05-22,563,416,53,17,-4.4,13,20,-0.7,-5.5,32.0,71.0,8,18,1,3,11737.9,0.25,1.24,6212.4,0.04,-2.33,5252.4,0.41,-2.37,27.63,18.4,1.5
2019-05-23,442,545,45,37,-3.9,13,28,-1.5,-5.1,31.6,54.8,11,22,0,4,11657.05,-0.69,0.7,6205.4,-0.11,-2.54,5244.55,-0.15,-2.23,19.41,18.6,1.04
2019-05-24,866,127,299,12,3.6,36,8,2.8,-4.3,45.2,77.6,16,19,0,2,11844.1,1.6,1.01,6323.25,1.9,-0.96,5374.4,2.48,-0.41,16.47,18.9,0.87
2019-05-27,766,225,260,23,16.1,51,5,4.6,-2.5,57.7,85.5,22,13,2,2,11924.75,0.68,2.43,6425.6,1.62,1.03,5464.95,1.68,1.28,16.19,18.8,0.86
2019-05-28,507,475,90,42,16.1,31,4,2.7,-1.4,59.9,82.3,28,10,0,2,11928.75,0.03,1.48,6439.65,0.22,1.53,5479.15,0.26,1.66,15.92,18.5,0.86
2019-05-29,326,663,38,47,15.9,21,4,1.7,-0.3,56.8,66.0,30,6,1,1,11861.1,-0.57,0.96,6400.15,-0.61,1.71,5444.3,-0.64,2.18,16.41,18.6,0.88
2019-05-30,466,510,40,38,15.6,24,10,1.4,0.7,57.5,50.4,29,8,0,2,11945.9,0.71,1.89,6438.25,0.6,2.9,5451.5,0.13,2.46,15.61,18.8,0.83
2019-05-31,321,672,25,78,10.4,26,15,1.1,1.4,53.6,32.3,22,11,3,3,11922.8,-0.19,1.8,6442.2,0.06,3.0,5412.9,-0.71,1.91,16.07,18.8,0.85
2019-06-03,481,491,39,25,2.1,33,23,1.0,1.3,53.4,38.2,30,10,4,3,12088.55,1.39,4.23,6495.05,0.82,4.6,5416.2,0.06,2.78,15.97,18.9,0.84
2019-06-04,384,597,27,33,4.0,24,22,0.2,1.3,52.5,37.9,30,11,6,3,12021.65,-0.55,4.56,6488.8,-0.1,5.53,5412.9,-0.06,3.53,15.63,18.7,0.84
2019-06-06,193,798,13,137,-3.5,11,38,-2.7,1.1,46.5,21.0,33,14,6,3,11843.75,-1.48,4.26,6393.0,-1.48,4.91,5325.7,-1.61,3.24,15.53,19.0,0.82
2019-06-07,380,606,23,59,-4.7,17,44,-2.7,1.0,42.4,22.3,34,21,4,3,11870.65,0.23,5.03,6383.95,-0.14,4.99,5320.05,-0.11,3.45,14.86,18.8,0.79
2019-06-10,352,631,20,82,-14.9,16,56,-4.0,0.3,40.9,22.7,30,25,4,4,11922.7,0.44,5.71,6391.6,0.12,4.74,5284.7,-0.66,2.46,14.98,18.7,0.8
2019-06-11,473,515,44,44,-20.8,22,49,-2.7,-0.4,40.8,31.9,39,24,3,3,11965.6,0.36,7.33,6429.3,0.59,7.43,5293.55,0.17,5.0,14.49,17.9,0.81
2019-06-12,330,660,20,35,-24.4,15,50,-3.5,-1.0,39.0,34.5,35,25,4,4,11906.2,-0.5,6.1,6376.55,-0.82,6.14,5273.05,-0.39,4.05,14.12,18.1,0.78
2019-06-13,305,680,26,56,-24.8,7,72,-6.5,-1.8,36.4,29.1,32,24,4,5,11914.05,0.07,6.79,6358.8,-0.28,6.41,5244.9,-0.53,4.17,13.66,17.9,0.76
2019-06-14,250,738,14,52,-29.2,9,91,-8.2,-2.8,33.4,19.0,21,29,5,6,11823.3,-0.76,5.03,6306.35,-0.82,5.25,5212.3,-0.62,3.36,13.9,18.1,0.77
2019-06-17,175,818,7,141,-32.1,5,124,-11.9,-4.1,28.3,13.6,15,37,3,9,11672.15,-1.28,2.32,6231.1,-1.19,3.0,5137.15,-1.44,1.54,14.65,18.4,0.8
2019-06-18,357,627,20,86,-34.7,3,136,-13.3,-5.5,27.1,16.4,13,55,3,14,11691.5,0.17,-1.16,6223.5,-0.12,-0.75,5111.95,-0.49,-2.89,14.6,13.0,1.12
2019-06-19,225,771,13,175,-38.0,2,185,-18.3,-7.4,24.6,14.8,9,61,2,18,11691.45,0.0,-0.15,6166.85,-0.91,-0.7,5041.8,-1.37,-3.62,14.73,12.5,1.18
2019-06-20,689,299,109,31,-28.1,10,59,-4.9,-7.6,27.8,38.9,8,58,3,16,11831.75,1.2,0.8,6250.55,1.36,0.61,5093.2,1.02,-3.03,14.0,13.2,1.06
2019-06-21,476,510,62,28,-26.2,3,59,-5.6,-7.9,28.7,46.8,10,54,3,12,11724.1,-0.91,0.58,6252.65,0.03,0.76,5092.15,-0.02,-2.91,14.61,13.3,1.1
2019-06-24,392,591,42,38,-25.4,6,62,-5.6,-8.0,27.5,44.8,9,61,3,13,11699.65,-0.21,-1.22,6236.25,-0.26,-1.38,5080.1,-0.24,-5.48,15.22,12.0,1.27
2019-06-25,526,457,50,44,-24.3,7,65,-5.8,-8.4,29.8,53.8,7,78,0,19,11796.45,0.83,-1.08,6275.95,0.64,-2.33,5101.45,0.42,-6.65,15.01,12.1,1.24
2019-06-26,621,355,92,17,-18.3,17,41,-2.4,-8.3,32.7,60.1,5,70,1,14,11847.55,0.43,-0.68,6323.85,0.76,-1.8,5127.45,0.51,-6.42,14.75,12.3,1.2
2019-06-27,598,390,71,27,-12.5,20,26,-0.6,-7.7,34.5,64.9,5,63,1,14,11841.55,-0.05,-0.16,6355.3,0.5,-0.7,5141.35,0.27,-5.56,14.65,12.1,1.21
2019-06-28,441,543,49,40,-8.6,17,32,-1.5,-7.0,35.8,59.2,6,63,0,12,11788.85,-0.45,-1.31,6346.55,-0.14,-1.42,5138.55,-0.05,-5.74,14.95,11.9,1.26
2019-07-01,507,470,42,36,-1.8,21,38,-1.7,-6.0,36.7,57.3,8,52,1,13,11865.6,0.65,-0.48,6360.05,0.21,-1.28,5163.45,0.48,-4.61,14.6,12.1,1.21
2019-07-02,454,529,41,31,0.1,20,29,-0.9,-4.7,38.2,50.7,9,48,1,10,11910.3,0.38,-1.47,6378.9,0.3,-1.79,5156.4,-0.14,-4.8,14.25,11.1,1.28
2019-07-03,538,435,40,14,6.6,19,27,-0.8,-3.0,40.9,55.2,10,47,2,9,11916.75,0.05,-0.87,6388.45,0.15,-1.55,5170.55,0.27,-4.48,13.7,10.9,1.26
2019-07-04,495,481,38,24,2.9,19,23,-0.4,-2.5,42.4,54.8,8,41,2,9,11946.75,0.25,0.87,6379.35,-0.14,-0.21,5186.75,0.31,-2.61,13.53,9.5,1.42
2019-07-05,178,811,14,122,-3.1,2,56,-5.4,-2.5,35.4,25.7,8,39,1,7,11811.15,-1.14,-0.5,6283.45,-1.5,-1.57,5120.25,-1.28,-3.76,13.07,10.4,1.26
2019-07-08,109,886,9,249,-8.9,3,122,-11.9,-3.1,24.4,8.5,9,42,0,8,11558.6,-2.14,-3.05,6130.45,-2.43,-4.09,5009.3,-2.17,-5.21,13.85,12.7,1.09
2019-07-09,482,498,43,40,-9.8,5,91,-8.6,-3.4,25.2,14.7,7,42,0,7,11555.9,-0.02,-3.42,6148.7,0.3,-4.36,5014.7,0.11,-5.27,13.69,12.6,1.09
2019-07-10,297,683,19,61,-16.3,3,108,-10.5,-4.2,23.4,14.7,6,47,1,7,11498.9,-0.49,-3.42,6095.25,-0.87,-4.41,4979.0,-0.71,-5.58,13.64,12.6,1.08
2019-07-11,540,440,45,29,-17.4,5,82,-7.7,-4.9,24.9,30.9,6,39,2,6,11582.9,0.73,-2.78,6138.3,0.71,-3.47,4996.95,0.36,-4.73,12.47,12.9,0.97
2019-07-12,485,498,49,28,-16.5,4,77,-7.3,-5.5,26.3,46.5,7,33,2,4,11552.5,-0.26,-2.29,6161.8,0.38,-2.29,5015.85,0.38,-3.77,12.0,12.7,0.94
2019-07-15,302,682,21,64,-20.6,7,107,-10.0,-6.4,23.6,36.0,11,30,2,5,11588.35,0.31,-0.72,6118.3,-0.71,-1.81,4975.8,-0.8,-3.14,12.02,12.0,1.0
2019-07-16,485,498,33,45,-20.0,7,107,-10.0,-7.3,25.5,41.2,13,26,2,5,11662.6,0.64,-0.25,6158.15,0.65,-1.05,4975.8,0.0,-2.66,11.56,12.3,0.94
2019-07-17,448,533,45,40,-21.9,7,87,-8.0,-8.0,26.6,40.4,17,23,2,5,11687.5,0.21,-0.03,6142.8,-0.25,-0.39,4975.8,0.0,-1.31,11.8,12.3,0.96
2019-07-18,176,807,15,103,-28.3,4,161,-15.7,-9.5,20.6,22.8,11,35,0,5,11596.9,-0.78,-1.98,6054.8,-1.43,-3.13,4924.45,-1.03,-3.31,11.75,11.7,1.0
2019-07-19,142,847,10,177,-29.1,0,222,-22.2,-11.2,15.5,12.0,6,45,1,5,11419.25,-1.53,-2.6,5942.95,-1.85,-4.95,4841.05,-1.69,-4.93,12.52,12.5,1.0
2019-07-22,280,708,25,123,-25.6,1,226,-22.5,-12.3,12.4,11.7,11,54,1,5,11346.2,-0.64,-3.02,5904.9,-0.64,-5.31,4772.4,-1.42,-6.06,13.01,12.6,1.03
2019-07-23,521,459,74,31,-24.8,4,118,-11.4,-12.5,14.0,21.7,8,43,1,5,11331.05,-0.13,-3.95,5883.9,-0.36,-6.25,4797.5,0.53,-5.96,13.43,12.1,1.11
2019-07-24,249,744,29,115,-25.9,2,200,-19.8,-13.5,10.9,20.6,7,61,2,3,11271.3,-0.53,-4.86,5803.5,-1.37,-8.23,4737.8,-1.24,-7.6,12.76,11.9,1.07
2019-07-25,438,538,43,75,-27.9,5,168,-16.3,-14.3,12.9,29.3,6,78,1,4,11252.15,-0.17,-4.98,5830.5,0.47,-8.26,4724.4,-0.28,-8.11,12.64,11.9,1.06
2019-07-26,571,416,71,47,-26.2,4,103,-9.9,-14.6,12.8,43.7,7,68,0,4,11284.3,0.29,-4.28,5857.9,0.47,-7.7,4726.45,0.04,-8.02,12.13,12.0,1.01
2019-07-29,224,764,20,131,-27.8,0,205,-20.5,-15.6,11.8,28.3,6,84,0,5,11189.2,-0.84,-5.7,5807.8,-0.86,-8.68,4678.0,-1.03,-9.4,13.06,11.7,1.12
2019-07-30,139,858,20,296,-34.9,0,313,-31.3,-17.8,9.7,13.8,5,140,0,5,11085.4,-0.93,-6.93,5713.15,-1.63,-10.44,4567.55,-2.36,-11.42,13.61,11.7,1.16
2019-07-31,524,463,80,79,-33.4,4,186,-18.2,-18.8,9.6,25.6,3,138,0,5,11118.0,0.29,-6.7,5772.9,1.05,-9.64,4581.6,0.31,-11.39,13.59,11.8,1.15
2019-08-01,252,739,22,135,-32.0,1,243,-24.2,-19.6,8.4,15.7,2,173,0,7,10980.0,-1.24,-8.09,5720.85,-0.9,-10.32,4523.55,-1.27,-12.79,14.56,12.0,1.21
2019-08-02,405,583,46,83,-26.7,2,211,-20.9,-19.5,8.6,25.5,3,152,0,10,10997.35,0.16,-6.89,5713.2,-0.13,-9.08,4496.85,-0.59,-12.18,15.19,11.8,1.29
2019-08-05,211,784,36,209,-28.1,0,298,-29.8,-20.2,7.0,19.5,3,146,0,9,10862.6,-1.23,-6.02,5634.05,-1.39,-8.1,4405.5,-2.03,-12.05,16.59,10.3,1.61
2019-08-06,767,219,187,25,-23.3,5,72,-6.7,-19.8,9.9,46.0,5,118,0,8,10948.25,0.79,-5.26,5733.3,1.76,-6.76,4478.85,1.66,-10.69,16.12,11.0,1.47
2019-08-07,451,531,73,82,-19.1,3,108,-10.5,-18.8,10.9,49.6,7,102,0,9,10855.5,-0.85,-5.6,5707.35,-0.45,-6.36,4471.55,-0.16,-10.19,16.74,11.2,1.49
2019-08-08,609,375,83,39,-15.8,7,81,-7.4,-17.9,12.2,61.7,4,102,0,8,11032.45,1.63,-4.75,5742.95,0.62,-6.44,4506.65,0.78,-9.81,16.09,12.6,1.28
2019-08-09,668,313,155,34,-13.8,8,52,-4.4,-17.4,16.1,74.3,5,90,0,9,11109.65,0.7,-3.83,5798.2,0.96,-5.9,4546.45,0.88,-9.36,15.85,13.0,1.22
2019-08-13,229,763,46,201,-13.7,2,123,-12.1,-16.6,14.2,38.8,5,101,0,9,10925.85,-1.65,-5.72,5692.85,-1.82,-6.95,4480.6,-1.45,-9.95,17.78,13.9,1.28
2019-08-14,553,433,87,60,-5.3,5,90,-8.5,-14.3,16.7,44.3,5,95,1,8,11029.4,0.95,-5.43,5740.6,0.84,-6.78,4495.65,0.34,-9.65,16.36,14.2,1.15
2019-08-16,445,535,53,72,-6.9,9,93,-8.4,-13.3,15.6,42.1,7,96,1,8,11047.8,0.17,-5.47,5757.2,0.29,-6.28,4502.25,0.15,-9.52,16.65,14.2,1.17
2019-08-19,508,468,56,43,-1.6,7,81,-7.4,-11.6,17.0,47.1,9,80,1,9,11053.9,0.06,-4.68,5774.5,0.3,-4.63,4526.05,0.53,-8.09,16.75,14.1,1.19
2019-08-20,294,692,24,85,-3.8,5,116,-11.1,-10.6,16.9,38.6,12,71,0,8,11017.0,-0.33,-3.52,5732.8,-0.72,-3.54,4493.45,-0.72,-7.18,16.63,13.2,1.26
2019-08-21,185,807,17,199,-4.3,7,204,-19.7,-9.6,14.5,19.6,14,85,2,6,10918.7,-0.89,-3.77,5655.1,-1.36,-4.23,4412.5,-1.8,-7.54,17.02,13.4,1.27
2019-08-22,126,868,9,322,-17.2,4,311,-30.7,-12.0,11.5,10.5,8,129,2,7,10741.35,-1.62,-5.2,5558.95,-1.7,-5.52,4316.45,-2.18,-10.03,17.85,14.3,1.25
2019-08-23,602,381,128,52,-14.2,3,132,-12.9,-12.3,13.7,22.3,12,108,2,9,10829.35,0.82,-3.92,5607.9,0.88,-3.37,4343.75,0.63,-8.32,17.35,14.8,1.17
2019-08-26,793,197,237,25,-10.5,7,44,-3.7,-11.9,17.3,58.6,15,81,1,9,11057.85,2.11,-1.73,5682.95,1.34,-2.53,4433.5,2.07,-6.16,16.66,16.9,0.99
2019-08-27,754,229,247,26,-8.8,12,21,-0.9,-11.5,21.5,80.2,19,64,1,9,11105.35,0.43,-1.59,5731.65,0.86,-2.16,4500.25,1.51,-4.79,16.01,16.9,0.95
2019-08-28,316,678,54,111,-7.1,11,35,-2.4,-10.6,19.9,69.2,18,64,4,9,11046.1,-0.53,-1.28,5682.7,-0.85,-2.15,4476.55,-0.53,-4.31,16.84,16.8,1.0
2019-08-29,304,682,34,69,-12.1,8,56,-4.8,-10.2,18.7,45.7,22,53,4,7,10948.3,-0.89,-1.24,5659.8,-0.4,-0.93,4438.85,-0.84,-2.82,16.43,16.7,0.98
2019-08-30,626,351,91,27,-8.5,15,36,-2.1,-9.6,22.4,50.3,21,46,3,6,11023.25,0.68,-0.85,5712.7,0.93,-1.04,4479.0,0.9,-2.24,16.28,16.9,0.96
2019-09-03,203,786,28,108,-14.7,4,75,-7.1,-9.5,18.3,25.5,20,43,4,5,10797.9,-2.04,-1.66,5626.85,-1.5,-1.64,4416.2,-1.4,-2.37,18.06,17.9,1.01
2019-09-04,533,444,73,32,-9.8,5,49,-4.4,-8.9,19.9,37.1,25,39,5,5,10844.65,0.43,-1.39,5646.5,0.35,-1.17,4426.25,0.23,-1.57,17.24,18.0,0.96
2019-09-05,659,315,76,16,-0.2,3,24,-2.1,-7.1,22.3,54.7,29,32,6,5,10847.9,0.03,-0.14,5659.95,0.24,0.46,4456.3,0.68,1.15,17.27,17.4,0.99
2019-09-06,700,282,118,18,11.5,6,17,-1.1,-4.2,27.9,70.0,29,34,2,4,10946.2,0.91,-0.02,5696.7,0.65,-0.64,4505.05,1.09,0.58,16.28,17.5,0.93
2019-09-09,673,316,135,25,12.8,15,24,-0.9,-3.0,33.9,78.5,38,28,4,4,11003.05,0.52,1.36,5758.0,1.08,0.89,4537.45,0.72,1.47,15.85,17.3,0.92
2019-09-11,767,221,284,16,12.3,10,10,0.0,-2.6,45.2,84.5,49,22,7,4,11035.7,0.3,0.03,5803.45,0.79,1.05,4608.35,1.56,2.26,15.37,16.4,0.94
2019-09-12,492,497,99,37,7.0,7,8,-0.1,-2.5,47.6,79.2,50,21,5,4,10982.8,-0.48,-1.14,5787.5,-0.27,-0.18,4618.6,0.22,1.59,14.9,16.2,0.92
2019-09-13,636,348,98,13,13.5,8,10,-0.2,-2.3,52.9,77.9,68,19,8,3,11075.9,0.85,1.37,5817.6,0.52,2.19,4646.1,0.6,3.69,14.12,15.3,0.92
2019-09-16,520,465,127,26,17.8,6,9,-0.3,-1.8,56.7,67.1,76,17,9,3,11003.5,-0.65,-0.23,5812.4,-0.09,1.25,4664.15,0.39,3.75,14.95,15.2,0.98
2019-09-17,172,820,22,209,8.6,6,19,-1.3,-1.8,49.0,29.5,53,18,4,3,10817.6,-1.69,-2.08,5707.4,-1.81,-0.87,4571.2,-1.99,1.53,16.02,16.3,0.98
2019-09-18,511,471,55,43,14.8,7,22,-1.5,-1.2,52.0,34.8,51,18,5,2,10840.65,0.21,-1.93,5726.75,0.34,-0.83,4577.8,0.14,1.14,15.35,16.3,0.94
2019-09-19,164,825,18,161,7.3,1,46,-4.5,-1.2,44.1,17.5,44,16,3,2,10704.8,-1.25,-2.83,5641.15,-1.49,-1.6,4512.65,-1.42,0.43,15.55,16.8,0.93
2019-09-20,827,168,391,42,10.5,26,20,0.6,-0.9,62.8,65.2,92,13,10,2,11274.2,5.32,3.26,5959.15,5.64,5.38,4668.95,3.46,5.81,15.4,25.1,0.61
2019-09-23,746,246,280,34,11.3,51,14,3.7,-0.5,71.0,79.9,200,13,20,2,11600.2,2.89,8.0,6121.55,2.73,10.12,4819.9,3.23,11.66,16.79,25.8,0.65
2019-09-24,427,564,86,60,6.4,30,16,1.4,-0.2,70.4,75.9,177,15,24,2,11588.2,-0.1,7.01,6090.7,-0.5,8.61,4820.85,0.02,10.98,16.73,25.8,0.65
2019-09-25,226,763,24,155,-4.5,14,33,-1.9,-0.4,65.9,51.6,113,21,15,2,11440.2,-1.28,3.46,5993.95,-1.59,5.47,4742.85,-1.62,6.98,16.17,25.6,0.63
2019-09-26,561,421,75,39,-3.0,26,30,-0.4,-0.4,67.1,44.3,80,19,10,3,11571.2,1.15,4.19,6041.65,0.8,5.41,4766.5,0.5,5.92,16.34,25.8,0.63
2019-09-27,329,662,44,88,-9.2,28,38,-1.0,-0.5,65.3,31.6,93,20,13,2,11512.4,-0.51,4.22,5989.75,-0.86,5.4,4730.8,-0.75,5.68,16.12,25.8,0.62
2019-09-30,247,749,30,217,-14.8,16,63,-4.7,-1.0,58.6,25.2,82,29,9,2,11474.45,-0.33,4.81,5912.2,-1.29,4.46,4677.4,-1.13,5.37,15.87,25.5,0.62
2019-10-01,174,819,22,204,-14.8,9,89,-8.0,-1.6,51.0,15.4,58,34,8,2,11359.9,-1.0,3.05,5815.55,-1.63,1.8,4598.05,-1.7,2.66,16.76,25.9,0.65
2019-10-03,349,634,51,75,-18.0,10,71,-6.1,-2.1,49.2,15.4,60,31,11,2,11314.0,-0.4,4.78,5810.65,-0.08,3.27,4576.85,-0.46,3.64,17.7,24.6,0.72
2019-10-04,310,676,21,68,-15.1,2,75,-7.3,-2.4,46.5,16.0,50,32,8,2,11174.75,-1.23,3.04,5764.15,-0.8,2.08,4535.9,-0.89,2.48,17.58,25.1,0.7
2019-10-07,291,693,22,110,-25.7,6,104,-9.8,-3.4,41.8,16.9,33,37,6,2,11126.4,-0.43,2.57,5748.2,-0.28,1.56,4488.4,-1.05,0.72,17.83,25.2,0.71
2019-10-09,580,403,77,45,-28.9,11,65,-5.4,-4.3,44.0,36.5,28,41,3,2,11313.3,1.68,3.35,5813.65,1.14,2.05,4515.85,0.61,0.24,17.16,25.7,0.67
2019-10-10,287,695,21,83,-31.6,11,99,-8.8,-5.3,40.3,30.7,20,47,2,4,11234.55,-0.7,2.1,5758.8,-0.94,0.01,4492.55,-0.52,-0.99,17.23,25.8,0.67
2019-10-11,489,499,37,48,-26.3,11,82,-7.1,-5.9,42.3,39.1,19,63,2,7,11305.05,0.63,2.44,5771.1,0.21,-0.56,4506.85,0.32,-2.2,17.14,25.9,0.66
2019-10-14,525,464,54,45,-27.1,15,80,-6.5,-6.5,43.7,49.0,19,68,2,8,11341.15,0.32,3.26,5786.7,0.27,-0.01,4507.55,0.02,-2.4,17.43,25.8,0.68
2019-10-15,475,498,47,60,-24.0,18,82,-6.4,-7.0,44.2,49.0,19,73,2,11,11428.3,0.77,3.18,5803.55,0.29,-0.24,4504.8,-0.06,-3.04,16.85,25.8,0.65
2019-10-16,483,495,66,56,-19.1,14,67,-5.3,-7.1,44.9,52.1,17,78,1,14,11464.0,0.31,4.19,5793.3,-0.18,-0.33,4513.8,0.2,-3.22,16.36,25.6,0.64
2019-10-17,654,326,106,26,-9.4,24,33,-0.9,-6.4,50.1,64.1,25,59,2,12,11586.35,1.07,7.11,5888.7,1.65,3.18,4557.7,0.97,-0.3,15.88,24.7,0.64
2019-10-18,757,228,187,22,-1.3,35,25,1.0,-5.6,58.8,79.4,30,50,4,11,11661.85,0.65,7.58,5991.95,1.75,4.63,4643.2,1.88,1.43,15.93,24.7,0.64
2019-10-22,487,497,114,56,2.3,42,23,1.9,-4.7,58.6,70.9,39,45,2,9,11588.35,-0.63,8.25,5999.0,0.12,6.34,4681.85,0.83,3.75,16.81,24.3,0.69
2019-10-23,475,501,63,50,6.1,32,26,0.6,-3.7,59.7,65.1,23,50,2,8,11604.1,0.14,2.93,6006.55,0.13,0.8,4687.4,0.12,0.4,16.54,16.4,1.01
2019-10-24,381,605,53,80,2.1,29,39,-1.0,-3.2,57.4,49.1,17,45,1,8,11582.6,-0.19,-0.15,5994.15,-0.21,-2.08,4664.75,-0.48,-3.22,16.24,13.0,1.25
2019-10-25,384,592,48,60,4.1,24,33,-0.9,-2.5,55.7,37.8,13,48,1,7,11583.9,0.01,-0.04,5985.4,-0.15,-1.73,4645.8,-0.41,-3.63,15.32,13.0,1.18
2019-10-29,776,214,244,22,9.8,57,18,3.9,-1.4,63.6,69.1,25,45,5,6,11786.85,1.37,3.03,6093.5,1.0,1.66,4726.8,0.61,-0.34,16.42,13.4,1.23
2019-10-30,574,412,109,24,10.8,43,13,3.0,-0.4,66.3,72.4,24,38,5,6,11844.1,0.49,2.36,6122.35,0.47,1.34,4756.85,0.64,-0.2,16.66,13.0,1.28
2019-10-31,624,367,121,22,13.6,44,14,3.0,0.5,70.5,75.9,30,38,3,6,11877.45,0.28,3.17,6201.65,1.3,3.54,4789.75,0.69,1.25,16.28,12.8,1.27
2019-11-01,533,451,112,22,14.5,33,8,2.5,1.3,71.5,70.3,42,28,8,5,11890.6,0.11,3.63,6222.5,0.34,5.25,4817.6,0.58,3.0,15.73,12.6,1.25
2019-11-04,556,421,117,30,12.6,38,9,2.9,1.7,73.2,63.0,77,24,14,3,11941.3,0.43,5.12,6216.3,-0.1,6.89,4839.0,0.44,5.24,15.93,11.9,1.34
2019-11-05,301,682,51,81,3.5,21,17,0.4,1.6,68.7,45.2,70,16,13,3,11917.2,-0.2,5.33,6158.45,-0.93,5.99,4794.3,-0.92,4.75,15.92,11.7,1.36
2019-11-06,431,548,73,53,2.4,24,16,0.8,1.5,68.0,39.8,74,15,13,4,11966.05,0.41,7.08,6150.6,-0.13,6.7,4772.15,-0.46,5.21,15.78,10.3,1.53
2019-11-07,502,478,88,36,2.9,29,17,1.2,1.6,66.8,43.8,91,12,16,4,12012.05,0.38,7.96,6191.5,0.66,7.71,4796.4,0.51,6.86,15.21,9.9,1.54
2019-11-08,319,668,58,50,1.7,19,21,-0.2,1.7,62.7,33.7,73,12,18,4,11908.15,-0.86,5.26,6153.5,-0.61,5.85,4774.25,-0.46,5.72,15.86,9.6,1.65
2019-11-11,469,503,79,48,3.4,33,22,1.1,1.9,62.4,39.6,100,12,24,4,11913.45,0.04,6.04,6186.45,0.54,7.43,4778.35,0.09,6.36,16.25,9.0,1.81
2019-11-13,289,701,61,133,-6.3,19,40,-2.1,1.3,55.9,30.3,90,10,19,3,11840.45,-0.61,4.74,6137.8,-0.79,6.35,4739.65,-0.81,5.17,16.46,9.4,1.75
2019-11-14,360,629,58,103,-10.6,25,43,-1.8,0.8,53.3,30.1,86,10,16,4,11872.1,0.27,4.68,6153.0,0.25,6.33,4739.5,0.0,5.15,15.65,9.4,1.66
2019-11-15,429,559,66,77,-14.5,16,35,-1.9,0.3,53.5,34.0,90,10,15,3,11895.45,0.2,4.09,6169.8,0.27,6.31,4733.65,-0.12,5.08,15.03,9.2,1.63
2019-11-18,452,530,75,48,-16.1,21,32,-1.1,-0.1,54.2,39.2,93,14,17,3,11884.5,-0.09,3.67,6210.8,0.66,7.21,4742.3,0.18,5.06,15.76,9.3,1.69
2019-11-19,461,526,76,50,-18.1,19,40,-2.1,-0.6,54.5,44.2,95,16,18,3,11940.1,0.47,3.05,6227.6,0.27,5.76,4755.05,0.27,4.33,15.41,8.7,1.77
2019-11-20,462,519,64,39,-14.9,17,36,-1.9,-0.8,53.9,46.1,73,15,14,3,11999.1,0.49,2.89,6238.0,0.17,4.11,4757.8,0.06,2.47,15.16,8.6,1.76
2019-11-21,365,619,72,46,-16.2,11,22,-1.1,-1.0,52.5,41.0,54,13,12,2,11968.4,-0.26,3.28,6193.0,-0.72,3.23,4743.55,-0.3,1.32,14.98,8.3,1.8
2019-11-22,432,549,58,37,-17.7,8,32,-2.4,-1.4,51.5,39.5,56,11,13,2,11914.4,-0.45,2.67,6196.5,0.06,3.16,4744.35,0.02,1.21,14.87,8.6,1.73
2019-11-25,633,357,93,25,-11.4,14,18,-0.4,-1.4,54.1,52.7,69,11,16,3,12073.75,1.34,4.24,6256.85,0.97,4.38,4785.45,0.87,2.59,15.0,9.5,1.58
2019-11-26,369,619,38,61,-13.6,10,26,-1.6,-1.6,51.2,44.9,65,9,17,3,12037.7,-0.3,3.92,6210.4,-0.74,3.76,4764.5,-0.44,2.55,14.84,9.6,1.55
2019-11-27,492,488,64,22,-9.4,12,15,-0.3,-1.5,51.6,50.3,56,9,16,2,12100.7,0.52,2.66,6255.3,0.72,2.66,4767.6,0.07,0.86,14.62,7.8,1.87
2019-11-28,511,479,76,21,-6.4,17,16,0.1,-1.3,52.6,53.8,58,13,14,3,12151.15,0.42,2.59,6307.55,0.84,3.02,4797.05,0.62,0.85,13.99,7.8,1.79
2019-11-29,446,539,55,18,-6.0,10,14,-0.4,-1.1,53.6,48.2,47,10,16,1,12056.05,-0.78,1.5,6321.65,0.22,1.93,4831.05,0.71,0.86,13.9,8.4,1.65
2019-12-02,326,656,40,60,-8.5,15,19,-0.4,-1.1,51.1,39.9,41,13,14,2,12048.2,-0.07,1.33,6288.2,-0.53,1.06,4795.85,-0.73,-0.45,14.2,8.4,1.69
2019-12-03,246,745,24,93,-12.9,8,33,-2.5,-1.1,46.3,25.3,35,20,9,3,11994.2,-0.45,0.44,6230.55,-0.92,0.23,4757.75,-0.79,-1.68,14.56,8.5,1.71
2019-12-04,538,441,53,27,-11.3,17,26,-0.9,-1.0,47.3,32.5,34,17,10,2,12043.2,0.41,1.06,6267.7,0.6,1.77,4775.0,0.36,-0.4,13.32,8.6,1.55
2019-12-05,392,588,56,26,-10.8,11,32,-2.1,-1.1,47.8,34.4,36,19,9,3,12018.4,-0.21,0.44,6253.95,-0.22,1.68,4781.35,0.13,0.19,14.31,8.5,1.68
2019-12-06,230,764,23,97,-14.9,10,53,-4.3,-1.3,42.7,24.5,31,23,8,3,11921.5,-0.81,-0.75,6174.4,-1.27,-0.28,4732.0,-1.03,-1.34,13.64,8.9,1.53
2019-12-09,386,598,36,56,-19.8,8,54,-4.6,-1.7,41.7,27.5,30,27,9,5,11937.5,0.13,0.25,6176.25,0.03,0.37,4699.4,-0.69,-1.57,14.6,8.3,1.76
2019-12-10,206,788,17,105,-23.1,7,77,-7.0,-2.2,37.1,17.0,23,32,9,5,11856.8,-0.68,-0.48,6108.15,-1.1,-1.27,4655.95,-0.92,-2.56,14.29,8.7,1.64
2019-12-11,395,591,28,68,-25.1,13,77,-6.4,-2.9,35.9,21.7,20,34,7,6,11910.15,0.45,0.59,6142.75,0.57,0.08,4642.9,-0.28,-2.04,13.38,8.5,1.57
2019-12-12,653,336,70,20,-22.3,14,39,-2.5,-3.1,38.9,44.8,22,29,6,3,11971.8,0.52,0.84,6186.5,0.71,0.54,4668.2,0.54,-1.5,13.35,8.7,1.53
2019-12-13,694,288,105,17,-17.3,18,19,-0.1,-3.1,45.0,65.7,23,20,4,2,12086.7,0.96,1.61,6243.0,0.91,1.19,4707.25,0.84,-0.56,13.3,9.3,1.43
2019-12-16,405,586,52,29,-15.8,18,20,-0.2,-3.1,43.6,62.3,25,16,3,2,12053.95,-0.27,1.43,6215.8,-0.44,0.08,4704.15,-0.07,-0.8,13.42,9.3,1.44
2019-12-17,600,382,81,15,-8.6,19,14,0.5,-2.8,46.4,66.8,25,17,3,2,12165.0,0.92,1.88,6247.15,0.5,0.31,4736.85,0.7,-0.38,12.52,9.7,1.29
2019-12-18,434,552,56,33,-10.8,17,19,-0.2,-2.7,47.7,56.7,28,16,2,2,12221.65,0.47,1.85,6231.0,-0.26,-0.11,4738.05,0.03,-0.42,12.34,9.7,1.27
2019-12-19,475,502,42,31,-9.1,19,20,-0.1,-2.5,47.8,51.7,23,12,2,2,12259.7,0.31,2.43,6240.0,0.14,0.76,4737.85,0.0,-0.12,12.12,9.6,1.26
2019-12-20,452,523,41,20,-4.5,23,17,0.6,-2.0,46.5,49.8,21,14,3,2,12271.8,0.1,3.0,6239.15,-0.01,0.69,4741.1,0.07,-0.07,12.33,9.4,1.31
2019-12-23,409,567,40,27,-3.9,19,21,-0.2,-1.6,45.8,43.8,18,16,2,3,12262.75,-0.07,1.57,6228.1,-0.18,-0.46,4741.45,0.01,-0.92,11.96,8.3,1.44
2019-12-24,406,571,40,17,0.3,13,24,-1.1,-1.0,44.8,41.6,18,16,4,3,12214.55,-0.39,1.47,6221.1,-0.11,0.17,4743.4,0.04,-0.44,11.63,8.4,1.38
2019-12-26,509,472,84,21,2.6,21,15,0.6,-0.3,46.8,46.7,26,13,5,3,12126.55,-0.72,0.21,6229.8,0.14,-0.41,4756.15,0.27,-0.24,11.12,8.6,1.29
2019-12-27,634,348,81,15,2.3,23,10,1.3,0.1,51.5,62.8,30,17,7,3,12245.8,0.98,0.78,6285.95,0.9,-0.34,4795.3,0.82,-0.04,10.53,9.2,1.14
2019-12-30,599,386,84,26,0.3,28,10,1.8,0.3,55.2,67.0,29,17,9,3,12255.85,0.08,1.66,6311.8,0.41,-0.16,4834.3,0.81,0.07,11.01,8.7,1.27
2019-12-31,487,493,75,21,2.1,18,11,0.7,0.4,55.3,65.8,31,16,7,3,12168.45,-0.71,1.0,6321.6,0.16,0.53,4857.4,0.48,1.28,11.67,9.1,1.28
2020-01-01,557,419,87,14,1.3,26,4,2.2,0.6,58.4,65.3,47,13,11,2,12182.5,0.12,1.57,6343.95,0.35,1.82,4892.7,0.73,2.84,11.6,8.9,1.3
2020-01-02,756,229,197,9,7.7,42,5,3.7,1.0,69.3,78.4,54,14,10,3,12282.2,0.82,1.98,6422.85,1.24,2.48,4971.55,1.61,4.12,11.49,9.2,1.25
2020-01-03,421,562,58,34,6.6,27,5,2.2,1.2,69.3,67.9,50,12,9,2,12226.65,-0.45,1.73,6394.5,-0.44,2.25,4983.1,0.23,4.22,12.7,9.4,1.35
2020-01-06,91,901,21,288,-0.8,8,8,0.0,1.1,53.3,24.1,50,14,10,1,11993.05,-1.91,0.6,6258.8,-2.12,1.37,4887.9,-1.91,3.29,14.78,11.4,1.3
2020-01-07,717,261,96,18,5.4,25,2,2.3,1.4,58.2,36.5,54,11,12,1,12052.95,0.5,0.97,6303.85,0.72,2.07,4946.35,1.2,5.25,14.61,11.5,1.27
2020-01-08,363,622,56,38,4.4,23,4,1.9,1.7,57.8,30.8,72,9,14,1,12025.35,-0.23,1.42,6315.4,0.18,3.39,4945.65,-0.01,6.22,15.64,11.3,1.38
2020-01-09,836,153,154,16,10.9,38,0,3.8,2.0,68.7,73.7,104,7,18,1,12215.9,1.58,2.57,6403.55,1.4,4.25,5037.25,1.85,8.49,14.0,12.4,1.13
2020-01-10,540,433,80,35,9.1,31,2,2.9,2.2,70.7,78.3,93,6,16,1,12256.8,0.33,2.38,6422.95,0.3,3.82,5071.2,0.67,8.63,14.08,12.4,1.14
2020-01-13,672,311,116,24,10.6,43,2,4.1,2.4,75.0,79.7,110,5,19,1,12329.55,0.59,2.01,6465.75,0.67,3.57,5119.65,0.96,8.76,14.28,12.1,1.18
2020-01-14,590,388,86,31,12.6,58,3,5.5,2.9,77.7,78.0,114,6,15,1,12362.3,0.27,2.56,6511.1,0.7,4.75,5147.55,0.54,9.43,13.91,12.0,1.16
2020-01-15,608,374,97,21,13.6,60,3,5.7,3.2,81.5,75.5,116,6,11,1,12343.3,-0.15,1.47,6571.15,0.92,5.19,5195.9,0.94,9.69,14.12,11.7,1.21
2020-01-16,591,383,109,18,10.4,62,4,5.8,3.4,83.8,75.0,135,7,12,1,12355.5,0.1,1.1,6625.75,0.83,6.34,5233.95,0.73,10.47,14.18,11.6,1.22
2020-01-17,487,501,72,32,11.7,58,2,5.6,3.8,84.6,65.7,139,6,13,1,12352.35,-0.03,0.76,6655.8,0.45,6.66,5253.75,0.38,10.89,14.13,11.6,1.22
2020-01-20,284,701,33,83,15.6,36,7,2.9,4.1,81.7,42.9,113,6,13,1,12224.55,-1.03,-0.39,6626.65,-0.44,6.21,5226.3,-0.52,10.23,15.41,12.2,1.26
2020-01-21,402,588,51,35,9.2,38,8,3.0,4.1,79.9,35.0,121,8,12,2,12169.85,-0.45,-0.76,6619.45,-0.11,6.28,5226.3,0.0,10.23,15.86,12.3,1.29
2020-01-22,375,605,49,32,9.5,23,8,1.5,4.1,79.0,32.5,113,7,9,2,12106.9,-0.52,-0.88,6606.05,-0.2,6.19,5218.75,-0.14,10.02,16.36,12.3,1.33
2020-01-23,616,366,64,22,5.1,52,4,4.8,4.2,79.7,46.2,102,6,10,2,12180.35,0.61,0.44,6689.7,1.27,7.38,5252.25,0.64,10.43,15.86,12.3,1.29
2020-01-24,571,405,81,22,5.7,59,5,5.4,4.4,80.9,59.5,100,5,13,1,12248.25,0.56,0.02,6742.45,0.79,7.26,5280.0,0.53,10.11,15.56,11.9,1.31
2020-01-27,357,635,54,49,-0.7,52,9,4.3,4.4,78.7,47.7,84,8,12,1,12119.0,-1.06,-1.12,6732.3,-0.15,6.66,5276.1,-0.07,9.14,17.18,12.5,1.37
2020-01-28,296,695,29,65,-6.7,36,10,2.6,4.2,75.2,35.9,66,9,11,1,12055.8,-0.52,-0.93,6721.15,-0.17,6.32,5263.95,-0.23,8.37,17.3,12.4,1.4
2020-01-29,544,440,68,43,-8.0,55,8,4.7,4.1,75.7,39.1,66,10,10,2,12129.5,0.61,-0.44,6739.45,0.27,6.23,5266.55,0.05,7.64,16.5,12.6,1.31
2020-01-30,218,774,26,104,-15.6,32,17,1.5,3.6,70.0,24.7,37,9,6,2,12035.8,-0.77,-2.01,6691.15,-0.72,4.18,5203.95,-1.19,4.67,16.8,12.4,1.35
2020-01-31,329,653,33,63,-18.7,29,25,0.4,3.1,65.2,25.1,32,10,6,2,11962.1,-0.61,-2.16,6661.75,-0.44,4.18,5200.75,-0.06,4.37,17.37,12.5,1.39
2020-02-03,173,819,37,425,-21.0,21,50,-2.9,2.5,46.6,14.7,33,12,5,3,11707.9,0.39,-2.38,6559.65,0.87,4.81,5066.05,-0.08,3.64,15.78,12.9,1.22
2020-02-04,780,209,173,26,-13.4,38,20,1.8,2.4,55.6,31.7,37,13,5,2,11979.65,2.32,-0.61,6630.75,1.08,5.19,5157.95,1.81,4.28,14.38,15.4,0.93
2020-02-05,610,376,116,38,-8.8,53,15,3.8,2.6,59.3,53.8,48,14,9,4,12089.15,0.91,0.53,6702.25,1.08,6.13,5198.4,0.78,5.11,14.17,15.8,0.9
2020-02-06,590,398,121,18,-9.4,52,9,4.3,2.6,64.0,67.6,38,12,8,3,12137.95,0.4,-0.64,6740.1,0.56,5.26,5239.75,0.8,4.02,13.78,14.7,0.94
2020-02-07,478,504,93,27,-11.3,60,13,4.7,2.5,63.2,69.3,41,13,10,4,12098.35,-0.33,-1.29,6792.2,0.77,5.75,5259.25,0.37,3.71,13.75,14.7,0.94
2020-02-10,307,683,73,78,-12.3,49,24,2.5,2.3,58.0,44.8,46,14,10,4,12031.5,-0.55,-2.42,6746.25,-0.68,4.34,5224.55,-0.66,2.05,14.21,14.6,0.97
2020-02-11,433,549,68,59,-9.4,48,26,2.2,2.3,57.8,39.8,41,20,11,4,12107.9,0.63,-2.06,6751.2,0.07,3.69,5228.4,0.07,1.57,13.88,14.8,0.94
2020-02-12,370,617,65,78,-12.9,53,34,1.9,2.0,52.7,35.3,41,23,9,4,12201.2,0.77,-1.15,6740.1,-0.16,2.57,5217.5,-0.21,0.42,13.62,15.1,0.9
2020-02-13,413,572,73,60,-9.0,56,31,2.5,2.1,50.7,36.8,40,23,8,4,12174.65,-0.22,-1.46,6732.3,-0.12,1.61,5210.9,-0.13,-0.44,13.37,15.1,0.89
2020-02-14,306,678,49,86,-9.5,40,50,-1.0,2.0,47.0,30.2,32,30,8,3,12113.45,-0.5,-1.93,6690.35,-0.62,0.52,5197.65,-0.25,-1.07,13.62,15.2,0.9
2020-02-17,250,735,38,135,-7.8,25,67,-4.2,1.8,44.0,23.7,36,32,8,4,12045.8,-0.56,-1.46,6630.65,-0.89,0.06,5139.9,-1.11,-1.65,14.42,14.9,0.97
2020-02-18,324,668,52,75,-17.0,27,72,-4.5,1.2,41.1,22.5,42,41,9,3,11992.5,-0.44,-1.46,6592.6,-0.57,-0.41,5113.8,-0.51,-2.15,14.51,14.9,0.97
2020-02-19,714,270,128,18,-14.9,52,23,2.9,1.1,44.1,45.1,51,35,9,2,12125.9,1.11,0.16,6687.65,1.44,1.24,5183.2,1.36,-0.68,14.02,15.3,0.92
2020-02-20,504,475,100,21,-16.5,48,29,1.9,0.9,45.9,54.1,42,32,10,2,12080.85,-0.37,-0.82,6738.1,0.75,0.72,5203.65,0.39,-0.93,13.7,15.2,0.9
2020-02-24,173,820,38,170,-22.7,27,72,-4.5,-0.0,38.9,31.1,39,48,8,2,11829.4,-2.08,-3.42,6620.55,-1.74,-1.81,5116.25,-1.68,-3.1,17.0,16.7,1.02
2020-02-25,337,650,37,59,-22.1,20,72,-5.2,-0.8,36.8,25.2,33,52,9,2,11797.9,-0.27,-2.65,6591.25,-0.44,-2.1,5102.35,-0.27,-3.29,16.9,16.4,1.03
2020-02-26,258,730,39,91,-25.7,16,101,-8.5,-1.9,33.9,18.4,34,65,9,2,11678.5,-1.01,-3.13,6515.5,-1.15,-3.06,5072.25,-0.59,-3.64,18.26,16.6,1.1
2020-02-27,276,710,41,100,-27.5,13,120,-10.7,-3.1,31.3,18.7,28,70,7,2,11633.3,-0.39,-4.09,6469.3,-0.71,-4.01,5022.55,-0.98,-4.63,17.77,16.4,1.08
2020-02-28,58,940,5,519,-34.8,1,209,-20.8,-5.5,22.1,5.6,22,108,6,2,11201.75,-3.71,-6.93,6276.0,-2.99,-6.2,4831.05,-3.81,-7.17,23.24,20.7,1.12
2020-03-02,310,675,35,143,-34.7,4,154,-15.0,-6.9,19.6,6.4,19,112,4,2,11132.75,-0.62,-6.93,6234.45,-0.66,-6.41,4774.9,-1.16,-8.19,25.2,20.7,1.22
2020-03-03,609,378,121,47,-27.5,8,97,-8.9,-7.3,22.1,21.9,26,57,4,2,11303.3,1.53,-3.46,6342.05,1.73,-3.32,4830.2,1.16,-4.66,24.54,20.6,1.19
2020-03-04,202,794,23,200,-30.0,3,168,-16.5,-8.5,18.4,20.2,18,95,2,4,11251.0,-0.46,-6.08,6244.95,-1.53,-5.82,4754.95,-1.56,-7.81,24.23,18.4,1.32
2020-03-05,555,432,63,39,-33.2,6,89,-8.3,-9.7,18.3,36.9,14,109,2,4,11269.0,0.16,-6.78,6260.15,0.24,-6.6,4775.95,0.44,-8.13,23.25,17.9,1.3
2020-03-06,136,861,17,353,-40.8,3,233,-23.0,-12.1,15.5,18.1,11,184,0,7,10989.45,-2.48,-9.46,6135.45,-1.99,-8.97,4665.95,-2.3,-10.95,25.64,19.2,1.34
2020-03-09,59,939,13,640,-43.1,0,339,-33.9,-15.1,9.0,3.7,5,300,0,9,10451.45,-4.9,-13.61,5878.6,-4.19,-13.45,4448.45,-4.66,-15.42,30.8,25.0,1.23
2020-03-11,422,568,92,136,-41.4,3,231,-22.8,-16.8,8.7,7.9,6,298,0,9,10458.4,0.07,-13.07,5835.15,-0.74,-13.51,4436.1,-0.28,-15.09,31.56,25.2,1.25
2020-03-12,14,986,5,915,-46.4,0,533,-53.3,-21.3,2.6,1.1,2,538,0,22,9590.15,-8.3,-20.79,5378.45,-7.83,-20.33,4043.4,-8.85,-22.66,41.16,37.3,1.1
2020-03-13,577,412,260,153,-40.4,0,235,-23.5,-22.6,3.9,7.7,2,501,0,24,9955.2,3.81,-18.41,5501.75,2.29,-18.37,4070.9,0.68,-21.98,51.47,40.7,1.26
2020-03-16,85,911,29,692,-39.9,0,456,-45.6,-25.1,2.4,3.6,3,629,0,34,9197.4,-7.61,-24.45,5179.45,-5.86,-23.07,3849.9,-5.43,-26.12,58.88,47.3,1.24
2020-03-17,266,719,59,303,-40.8,0,425,-42.5,-27.8,1.8,6.3,3,660,1,37,8967.05,-2.5,-25.97,5053.75,-2.43,-24.46,3760.2,-2.33,-27.66,62.93,47.4,1.33
2020-03-18,78,911,21,650,-51.4,0,564,-56.4,-32.6,0.7,6.0,2,757,1,62,8468.8,-5.56,-29.69,4782.15,-5.37,-27.88,3531.15,-6.09,-31.3,63.96,49.5,1.29
2020-03-19,165,825,51,557,-52.1,0,567,-56.7,-36.6,0.6,4.6,3,799,1,103,8263.45,-2.42,-31.09,4590.2,-4.01,-30.37,3345.9,-5.25,-34.57,72.2,49.3,1.46
2020-03-20,703,282,395,102,-49.1,0,186,-18.6,-37.6,0.8,25.6,3,779,0,92,8745.45,5.83,-27.88,4790.3,4.36,-28.37,3421.0,2.24,-34.0,67.1,55.3,1.21
2020-03-23,7,991,3,947,-51.7,0,728,-72.8,-42.6,0.6,2.3,1,921,0,280,7610.25,-12.98,-37.01,4165.9,-13.03,-38.17,2996.4,-12.41,-42.42,71.99,70.1,1.03
2020-03-24,425,563,151,310,-44.3,0,444,-44.4,-43.7,0.7,6.9,1,903,0,274,7801.05,2.51,-34.05,4208.9,1.03,-36.43,2967.45,-0.97,-42.0,83.61,72.1,1.16
2020-03-25,689,297,342,119,-38.9,0,189,-18.9,-43.3,0.6,26.2,1,873,0,221,8317.85,6.62,-29.5,4347.05,3.28,-34.05,3041.55,2.5,-40.39,77.63,78.0,1.0
2020-03-26,787,206,509,50,-23.4,0,71,-7.1,-38.6,0.9,59.3,0,821,0,153,8641.45,3.89,-26.01,4506.8,3.67,-30.83,3147.2,3.47,-37.95,71.53,80.4,0.89
2020-03-27,509,479,193,139,-24.7,0,76,-7.6,-37.1,0.8,75.2,0,808,0,134,8660.25,0.22,-25.56,4489.05,-0.39,-30.61,3174.85,0.88,-36.79,70.39,80.6,0.87
2020-03-30,301,686,116,304,-20.3,0,142,-14.2,-33.9,1.0,54.1,0,784,0,108,8281.1,-4.38,-26.07,4383.25,-2.36,-30.16,3101.1,-2.32,-35.81,71.89,80.9,0.89
2020-03-31,800,188,404,41,-9.6,2,63,-6.1,-30.3,1.4,68.5,1,694,0,81,8597.75,3.82,-22.77,4493.25,2.51,-27.93,3201.6,3.24,-32.95,64.41,83.0,0.78
2020-04-01,456,529,147,146,-2.0,0,70,-7.0,-25.3,0.9,58.8,0,724,0,85,8253.8,-4.0,-26.98,4411.65,-1.82,-30.44,3170.3,-0.98,-34.37,60.05,82.8,0.73
2020-04-03,438,546,185,154,3.5,0,95,-9.5,-20.6,1.7,51.5,1,681,0,76,8083.8,-2.06,-28.15,4352.35,-1.34,-30.31,3135.4,-1.1,-34.06,55.3,82.7,0.67
2020-04-07,879,116,529,29,6.9,8,35,-2.7,-19.0,4.2,80.4,0,594,0,60,8792.2,8.76,-21.98,4561.85,4.81,-27.13,3244.5,3.48,-32.07,51.8,90.0,0.58
2020-04-08,645,334,289,51,19.9,9,23,-1.4,-11.9,6.1,80.5,5,499,2,39,8748.75,-0.49,-20.39,4637.1,1.65,-24.42,3299.6,1.7,-29.28,52.24,89.9,0.58
2020-04-09,861,131,478,8,28.5,7,9,-0.2,-7.5,8.6,90.2,22,309,2,22,9111.9,4.15,-12.82,4786.25,3.22,-18.58,3412.7,3.43,-23.28,49.75,90.5,0.55
2020-04-13,422,566,190,169,23.2,6,26,-2.0,-5.8,9.3,79.2,21,308,5,24,8993.85,-1.3,-14.0,4733.05,-1.11,-18.89,3398.4,-0.42,-23.39,51.46,90.5,0.57
2020-04-15,591,400,247,78,19.3,5,10,-0.5,-5.1,11.4,69.7,66,147,20,12,8925.3,-0.76,-6.93,4795.6,1.32,-10.84,3434.65,1.07,-15.06,49.74,85.5,0.58
2020-04-16,716,271,284,24,23.4,6,5,0.1,-4.4,15.2,75.3,70,138,13,9,8992.8,0.76,-9.67,4869.9,1.55,-11.48,3504.25,2.03,-13.92,46.1,84.3,0.55
2020-04-17,779,206,343,13,33.0,2,1,0.1,-2.9,18.6,81.6,134,73,19,3,9266.75,3.05,0.75,4978.15,2.22,-3.89,3609.65,3.01,-6.24,42.59,80.4,0.53
2020-04-20,546,434,247,66,28.0,3,2,0.1,-2.3,22.3,77.1,170,55,29,2,9261.85,-0.05,3.29,5001.85,0.48,-1.03,3633.45,0.66,-3.37,43.46,79.8,0.54
2020-04-21,151,844,63,472,21.8,4,13,-0.9,-1.7,17.5,36.4,200,43,37,1,8981.45,-3.03,6.05,4856.8,-2.9,1.56,3506.75,-3.49,-0.69,45.2,77.7,0.58
2020-04-22,516,460,148,68,23.4,6,9,-0.3,-0.8,21.5,36.2,284,21,64,0,9187.3,2.29,11.18,4890.55,0.69,6.54,3523.5,0.48,5.31,42.82,77.3,0.55
2020-04-23,628,360,181,39,18.5,4,6,-0.2,-0.5,23.7,42.8,247,20,54,0,9313.9,1.38,6.5,4945.55,1.12,3.24,3570.75,1.34,4.38,39.23,75.0,0.52
2020-04-24,204,794,71,264,9.5,5,25,-2.0,-0.6,21.0,27.9,455,11,130,0,9154.4,-1.71,20.29,4859.25,-1.75,16.64,3504.3,-1.86,16.95,39.12,53.8,0.73
2020-04-27,586,393,163,48,4.1,14,19,-0.5,-0.6,25.7,44.7,502,7,160,0,9282.3,1.4,18.99,4941.0,1.68,17.39,3533.0,0.82,19.06,38.04,53.6,0.71
2020-04-28,524,450,129,44,6.3,5,13,-0.8,-0.5,27.8,48.2,455,3,148,0,9380.9,1.06,12.78,4996.9,1.13,14.95,3558.7,0.73,17.0,35.36,49.4,0.72
2020-04-29,633,342,164,23,7.3,8,7,0.1,-0.4,32.2,60.3,408,3,106,0,9553.35,1.84,10.55,5058.3,1.23,12.24,3590.55,0.89,14.09,33.84,48.2,0.7
2020-04-30,589,383,155,34,4.9,3,2,0.1,-0.4,35.3,70.8,415,3,97,0,9859.9,3.21,13.85,5149.6,1.8,14.71,3615.75,0.7,13.89,33.99,49.1,0.69
2020-05-04,108,885,38,516,-8.6,8,22,-1.4,-0.6,26.5,20.2,345,5,89,0,9293.5,-5.74,12.23,4950.3,-3.87,12.94,3502.0,-3.15,12.93,43.67,51.3,0.85
2020-05-05,253,724,37,107,-14.4,7,31,-2.4,-0.8,26.2,13.0,246,5,65,0,9205.6,-0.95,7.07,4918.05,-0.65,9.45,3459.05,-1.23,8.04,43.61,50.1,0.87
2020-05-06,432,548,89,79,-8.7,6,29,-2.3,-1.0,27.4,19.9,258,5,56,0,9270.9,0.71,12.32,4943.65,0.52,12.06,3472.65,0.39,9.54,41.25,47.3,0.87
2020-05-07,410,568,85,55,-10.8,8,21,-1.3,-1.1,30.1,24.2,262,2,49,0,9199.05,-0.78,13.8,4919.85,-0.48,13.04,3479.5,0.2,10.97,39.93,46.6,0.86
2020-05-08,347,633,73,66,-16.3,5,26,-2.1,-1.3,30.8,30.3,166,5,32,0,9251.5,0.57,5.22,4902.25,-0.36,7.46,3453.4,-0.75,6.44,38.41,36.5,1.05
2020-05-11,460,517,85,61,-11.0,7,25,-1.8,-1.2,32.9,38.8,125,8,30,0,9239.2,-0.13,5.61,4921.85,0.4,6.14,3440.3,-0.38,4.26,38.04,36.4,1.05
2020-05-12,341,638,52,82,-15.9,2,28,-2.6,-1.5,33.7,33.8,79,13,26,0,9196.55,-0.46,0.93,4889.6,-0.66,2.16,3412.6,-0.81,-0.0,38.21,33.6,1.14
2020-05-13,806,176,256,20,-10.3,1,6,-0.5,-1.4,42.1,67.9,90,10,26,0,9383.55,2.03,4.33,4983.1,1.91,5.28,3490.8,2.29,2.72,38.84,33.9,1.15
2020-05-14,304,677,76,74,-17.0,4,16,-1.2,-1.6,41.7,53.9,76,11,23,0,9142.75,-2.57,2.44,4960.85,-0.45,3.45,3458.8,-0.92,0.7,38.18,35.2,1.08
2020-05-15,438,538,76,39,-20.1,4,17,-1.3,-1.7,44.1,49.6,62,10,20,0,9136.85,-0.06,1.6,4948.05,-0.26,1.6,3461.15,0.07,-1.23,38.02,35.1,1.08
2020-05-18,106,887,33,435,-20.1,4,61,-5.7,-2.1,34.5,16.4,46,34,16,0,8823.25,-3.43,-4.79,4753.85,-3.92,-4.51,3352.5,-3.14,-7.12,40.92,35.5,1.15
2020-05-19,428,548,45,84,-16.6,5,47,-4.2,-2.3,36.0,16.4,48,48,7,0,8879.1,0.63,-4.13,4766.7,0.27,-4.7,3352.5,0.0,-7.73,39.45,35.7,1.11
2020-05-20,635,338,113,37,-12.5,5,23,-1.8,-2.3,40.8,32.7,53,24,11,0,9066.55,2.11,0.95,4834.15,1.42,-0.47,3394.0,1.24,-3.22,35.81,34.9,1.03
2020-05-21,591,383,136,34,-8.8,8,22,-1.4,-2.3,44.9,51.7,45,21,9,0,9106.25,0.44,-0.88,4873.9,0.82,-0.34,3416.35,0.66,-3.04,32.99,33.9,0.97
2020-05-22,334,639,62,71,-9.0,9,39,-3.0,-2.4,44.8,48.6,37,23,11,0,9039.25,-0.74,-2.95,4849.0,-0.51,-1.95,3402.05,-0.42,-4.72,32.38,33.6,0.96
2020-05-26,496,470,115,53,-8.2,8,28,-2.0,-2.4,50.3,51.3,41,23,12,1,9029.05,-0.11,-1.37,4903.8,1.13,0.92,3422.7,0.61,-2.33,31.47,33.0,0.95
2020-05-27,580,384,144,30,-3.2,7,15,-0.8,-2.2,55.3,57.2,44,19,13,0,9314.95,3.17,0.35,4920.5,0.34,-0.41,3440.75,0.53,-2.61,31.27,34.6,0.9
2020-05-28,736,235,186,18,-4.5,7,3,0.4,-2.1,62.5,75.4,54,14,18,0,9490.1,1.88,1.16,4991.0,1.43,-0.12,3498.4,1.68,-1.69,30.02,35.0,0.86
2020-05-29,638,341,170,53,2.2,15,8,0.7,-1.9,67.8,77.8,52,20,19,1,9580.3,0.95,0.28,5053.7,1.26,-0.09,3538.75,1.15,-1.44,30.22,34.6,0.87
2020-06-01,856,131,363,8,10.4,13,3,1.0,-1.7,79.4,90.0,61,14,21,2,9826.15,2.57,-0.34,5199.9,2.89,0.98,3651.95,3.2,1.0,30.74,33.9,0.91
2020-06-02,737,243,280,9,23.2,11,2,0.9,-1.0,85.1,91.0,95,5,26,1,9979.1,1.56,7.38,5269.55,1.34,6.45,3733.15,2.22,6.6,30.12,26.1,1.15
2020-06-03,640,347,227,19,27.3,15,0,1.5,-0.4,89.3,86.4,125,4,29,0,10061.55,0.83,9.3,5305.55,0.68,7.88,3781.45,1.29,9.32,30.04,25.7,1.17
2020-06-04,452,536,161,54,23.5,16,3,1.3,-0.1,88.6,73.2,139,4,33,0,10029.1,-0.32,8.18,5293.15,-0.23,7.07,3781.4,0.0,8.89,29.69,25.8,1.15
2020-06-05,843,149,390,6,28.4,15,1,1.4,0.1,93.9,87.5,223,4,42,0,10142.15,1.13,10.25,5385.65,1.75,9.47,3887.7,2.81,11.73,28.68,25.6,1.12
2020-06-08,626,369,251,36,34.0,16,0,1.6,0.6,95.1,81.0,263,5,52,1,10167.45,0.25,9.9,5409.85,0.45,10.35,3931.3,1.12,13.84,29.65,25.6,1.16
2020-06-09,316,679,92,181,30.1,15,1,1.4,0.9,93.5,60.5,236,6,53,0,10046.65,-1.19,8.74,5384.15,-0.48,9.39,3888.85,-1.08,13.04,30.21,26.2,1.15
2020-06-10,586,401,166,54,30.0,20,0,2.0,1.2,94.3,60.7,269,2,64,0,10116.15,0.69,10.0,5443.85,1.11,11.34,3920.9,0.82,14.89,29.44,26.0,1.13
2020-06-11,262,731,71,140,20.3,13,1,1.2,1.3,92.2,33.9,194,2,47,0,9902.0,-2.12,5.53,5375.75,-1.25,7.88,3876.85,-1.12,11.06,29.66,26.9,1.1
2020-06-12,483,508,98,37,17.1,15,0,1.5,1.4,92.1,38.3,222,1,50,0,9972.9,0.72,9.08,5426.05,0.94,9.38,3871.3,-0.14,11.93,30.82,24.7,1.25
2020-06-15,450,541,132,53,8.9,16,1,1.5,1.4,89.6,41.1,227,1,59,0,9813.7,-1.6,7.41,5369.45,-1.04,8.52,3884.65,0.34,12.24,32.58,25.7,1.27
2020-06-16,384,607,112,77,1.7,23,1,2.2,1.6,89.0,35.3,294,1,79,0,9914.0,1.02,12.36,5399.55,0.56,13.58,3881.7,-0.08,15.79,32.97,21.3,1.55
2020-06-17,530,458,137,47,-0.5,24,0,2.4,1.7,88.8,45.7,332,0,85,0,9881.15,-0.33,11.29,5418.05,0.34,13.66,3904.8,0.6,16.47,33.36,21.6,1.54
2020-06-18,761,228,227,32,5.7,27,0,2.7,1.8,91.7,71.7,377,0,97,0,10091.65,2.13,11.31,5483.8,1.21,13.44,3959.9,1.41,16.67,31.46,21.6,1.46
2020-06-19,663,329,210,31,2.1,29,1,2.8,1.9,92.8,79.1,386,0,112,0,10244.4,1.51,12.5,5553.35,1.27,13.94,4026.8,1.69,17.87,29.97,21.9,1.37
2020-06-22,666,319,223,26,3.0,27,0,2.7,2.0,94.5,80.6,447,1,130,0,10311.2,0.65,14.07,5639.55,1.55,16.3,4105.4,1.95,20.67,30.46,21.3,1.43
2020-06-23,725,263,257,20,11.3,37,0,3.7,2.3,96.2,85.8,493,0,158,0,10471.0,1.55,15.97,5730.25,1.61,16.85,4169.05,1.55,21.81,29.34,21.3,1.38
2020-06-24,281,710,89,176,5.1,15,0,1.5,2.2,95.0,56.5,441,0,134,0,10305.3,-1.58,10.63,5667.95,-1.09,15.19,4110.3,-1.41,19.46,29.58,20.9,1.42
2020-06-25,530,456,143,47,10.5,21,0,2.1,2.3,93.9,52.1,410,0,123,0,10288.9,-0.16,8.42,5721.95,0.95,14.65,4125.55,0.37,17.93,29.73,20.4,1.46
2020-06-26,519,465,136,27,11.3,21,0,2.1,2.4,94.4,49.8,393,0,118,0,10383.0,0.91,8.38,5726.45,0.08,13.31,4148.5,0.56,17.23,28.74,20.4,1.41
2020-06-29,276,718,83,158,7.8,21,0,2.1,2.4,91.5,33.1,301,1,82,0,10312.4,-0.68,4.95,5642.6,-1.46,8.51,4097.85,-1.22,12.21,28.91,19.1,1.51
2020-06-30,350,640,63,111,7.2,20,3,1.7,2.4,90.1,29.7,234,0,65,0,10302.1,-0.1,3.24,5626.2,-0.29,6.77,4067.25,-0.75,8.95,29.12,18.5,1.57
2020-07-01,525,467,123,61,7.0,24,2,2.2,2.4,89.7,36.1,212,1,52,0,10430.05,1.24,3.66,5640.35,0.25,6.31,4095.45,0.69,8.3,28.12,18.7,1.5
2020-07-02,621,365,134,35,4.2,21,1,2.0,2.3,91.5,53.4,232,1,52,0,10551.7,1.17,5.21,5701.25,1.08,7.71,4130.8,0.86,9.24,26.51,18.9,1.4
2020-07-03,482,498,88,56,0.7,22,1,2.1,2.2,91.5,60.5,160,2,46,0,10607.35,0.53,4.59,5739.35,0.67,6.57,4142.15,0.27,6.55,25.77,18.7,1.38
2020-07-06,649,332,152,48,0.4,27,1,2.6,2.2,93.0,71.8,143,3,44,0,10763.65,1.47,5.86,5829.95,1.58,7.77,4207.45,1.58,7.02,25.2,19.2,1.31
2020-07-07,468,527,127,59,-4.8,30,1,2.9,2.1,92.9,63.1,173,2,49,1,10799.65,0.33,7.5,5859.55,0.51,8.83,4236.5,0.69,8.94,25.1,18.4,1.36
2020-07-08,368,625,85,87,-3.1,19,1,1.8,2.2,92.5,49.6,153,3,38,1,10705.75,-0.87,5.83,5826.05,-0.57,7.02,4224.95,-0.27,7.75,26.1,18.8,1.39
2020-07-09,563,423,75,48,-2.4,30,1,2.9,2.2,92.3,54.1,171,5,35,1,10813.45,1.01,9.2,5835.75,0.17,8.56,4260.1,0.83,9.89,24.91,16.6,1.5
2020-07-10,276,719,45,71,-7.4,30,1,2.9,2.3,90.3,35.2,159,6,31,1,10768.05,-0.42,7.97,5796.75,-0.67,6.83,4246.2,-0.33,9.68,24.94,16.9,1.48
2020-07-13,374,609,88,67,-5.3,29,1,2.8,2.4,88.8,36.0,156,7,29,1,10802.7,0.32,10.08,5785.25,-0.2,7.74,4245.9,-0.01,9.3,25.25,15.2,1.66
2020-07-14,205,786,58,147,-8.2,26,1,2.5,2.5,85.2,25.2,137,10,27,1,10607.35,-1.81,6.99,5721.95,-1.09,5.97,4190.5,-1.3,7.96,26.64,17.1,1.56
2020-07-15,364,626,57,85,-11.4,20,1,1.9,2.4,82.4,23.8,112,9,18,2,10618.2,0.1,7.46,5702.3,-0.34,5.25,4187.75,-0.07,7.25,26.29,16.9,1.56
2020-07-16,411,580,64,82,-15.7,28,1,2.7,2.5,80.5,30.8,87,12,16,2,10739.95,1.15,6.42,5724.85,0.4,4.4,4184.8,-0.07,5.68,25.36,15.9,1.59
2020-07-17,714,268,151,22,-11.0,26,0,2.6,2.6,84.1,55.1,71,14,16,2,10901.7,1.51,6.42,5791.25,1.16,4.28,4239.95,1.32,5.29,24.16,15.9,1.52
2020-07-20,598,390,135,22,-12.1,44,0,4.4,2.7,84.9,69.5,71,16,12,2,11022.2,1.11,6.9,5845.1,0.93,3.64,4279.4,0.93,4.24,24.71,16.1,1.53
2020-07-21,515,471,117,29,-11.1,39,1,3.8,2.8,84.5,68.7,51,15,11,2,11162.25,1.27,6.6,5853.4,0.14,2.15,4294.9,0.36,3.02,24.43,15.9,1.54
2020-07-22,353,636,66,42,-11.4,27,0,2.7,2.9,84.6,53.6,60,17,10,1,11132.6,-0.27,8.03,5851.6,-0.03,3.24,4287.15,-0.18,4.3,24.89,14.4,1.73
2020-07-23,555,416,104,35,-11.4,30,2,2.8,2.9,83.3,54.3,61,18,11,2,11215.45,0.74,9.01,5892.5,0.7,2.98,4318.4,0.73,4.67,24.64,14.3,1.72
2020-07-24,285,703,65,49,-11.1,31,1,3.0,2.9,80.8,35.2,51,21,10,2,11194.15,-0.19,7.81,5879.35,-0.22,2.67,4306.1,-0.28,3.8,24.54,14.3,1.72
2020-07-27,224,762,47,142,-14.1,30,1,2.9,2.9,73.3,25.1,56,29,13,2,11131.8,-0.56,7.95,5812.8,-1.13,3.02,4269.0,-0.86,4.18,25.02,14.2,1.76
2020-07-28,550,429,100,46,-7.1,35,2,3.3,3.0,73.1,33.5,69,32,11,3,11300.55,1.52,9.69,5855.45,0.73,4.07,4312.6,1.02,6.03,23.64,14.6,1.62
2020-07-29,527,455,112,35,-3.8,20,1,1.9,3.0,73.7,43.5,69,29,11,3,11202.85,-0.86,7.41,5881.05,0.44,4.27,4316.75,0.1,5.4,24.11,15.0,1.61
2020-07-30,308,681,64,84,-5.8,29,2,2.7,3.0,69.2,35.5,58,33,12,4,11102.15,-0.9,5.22,5837.0,-0.75,2.38,4287.65,-0.67,3.8,24.73,15.3,1.62
2020-07-31,447,540,98,47,-11.2,41,1,4.0,3.1,66.2,41.2,57,31,13,3,11073.45,-0.26,4.39,5866.7,0.51,2.22,4320.4,0.76,4.3,24.19,15.4,1.57
2020-08-03,514,468,152,49,-12.8,54,4,5.0,3.2,63.9,47.2,69,26,17,3,10891.6,-1.64,1.19,5870.4,0.06,0.69,4367.9,1.1,3.81,25.19,16.0,1.57
2020-08-04,688,298,186,18,-9.4,56,2,5.4,3.4,67.7,63.3,79,16,18,3,11095.25,1.87,2.74,5929.5,1.01,1.19,4433.25,1.5,4.64,23.82,17.2,1.38
2020-08-05,601,375,152,20,-4.3,54,1,5.3,3.6,70.0,72.7,88,16,19,2,11101.65,0.06,3.7,5960.15,0.52,2.3,4475.8,0.96,5.94,23.57,16.8,1.4
2020-08-06,588,397,143,30,-3.8,59,0,5.9,3.9,69.9,74.7,99,15,19,0,11200.15,0.89,3.58,6026.65,1.12,3.27,4505.7,0.67,5.77,23.15,16.8,1.38
2020-08-07,619,361,163,29,3.0,55,0,5.5,4.2,72.5,75.5,109,12,19,0,11214.05,0.12,4.14,6102.65,1.26,5.28,4542.8,0.82,6.99,22.58,16.6,1.36
2020-08-10,644,335,201,26,11.5,95,0,9.5,4.9,76.5,77.9,129,12,19,0,11270.15,0.5,4.33,6176.55,1.21,6.76,4614.3,1.57,8.68,22.51,16.6,1.36
2020-08-11,521,466,123,49,10.8,56,0,5.6,5.1,78.0,70.3,150,12,29,0,11322.5,0.46,6.74,6154.3,-0.36,7.56,4628.75,0.31,10.46,21.36,14.8,1.44
2020-08-12,495,492,118,36,10.1,36,0,3.6,5.3,79.1,64.8,150,8,31,0,11308.4,-0.12,6.5,6156.65,0.04,7.97,4644.55,0.34,10.91,20.85,14.9,1.4
2020-08-13,544,437,141,33,14.9,43,1,4.2,5.4,81.6,62.3,163,6,36,0,11300.45,-0.07,5.22,6246.25,1.46,9.11,4687.15,0.92,12.0,20.57,14.6,1.41
2020-08-14,257,733,59,120,11.1,32,1,3.1,5.3,77.2,38.5,128,5,30,0,11178.4,-1.08,2.54,6199.3,-0.75,7.05,4650.85,-0.77,9.69,21.67,14.6,1.48
2020-08-17,608,369,133,24,13.0,43,2,4.1,5.2,78.7,51.7,143,6,29,0,11247.1,0.61,2.04,6225.7,0.43,6.51,4697.75,1.01,9.78,21.31,14.2,1.5
2020-08-18,721,264,152,18,13.7,48,0,4.8,5.2,83.3,69.9,159,4,30,0,11385.35,1.23,2.0,6305.3,1.28,7.72,4758.75,1.3,10.8,20.43,14.2,1.44
2020-08-19,646,343,156,15,14.5,53,0,5.3,5.2,87.9,77.6,173,4,31,0,11408.4,0.2,2.48,6348.9,0.69,8.5,4821.15,1.31,12.46,19.96,14.1,1.42
2020-08-20,525,467,139,19,13.1,46,0,4.6,5.0,87.6,75.0,181,3,33,0,11312.2,-0.84,0.86,6399.4,0.8,8.6,4844.8,0.49,12.19,20.62,14.3,1.44
2020-08-21,629,357,174,21,13.3,66,0,6.6,5.1,89.8,76.0,214,1,47,0,11371.6,0.53,1.59,6446.75,0.74,9.65,4915.95,1.47,14.16,19.94,14.4,1.38
2020-08-24,555,425,170,29,11.5,71,0,7.1,4.9,91.0,70.7,268,1,61,0,11466.45,0.83,3.01,6504.45,0.9,11.9,4990.55,1.52,16.9,19.23,14.4,1.34
2020-08-25,393,596,118,33,8.9,66,0,6.6,5.0,89.8,61.0,260,1,57,0,11472.25,0.05,1.52,6526.45,0.34,11.46,5009.3,0.38,16.15,19.32,13.5,1.43
2020-08-26,604,378,151,18,11.1,61,0,6.1,5.3,91.1,65.3,286,2,61,0,11549.6,0.67,3.1,6559.8,0.51,11.54,5059.35,1.0,17.2,19.3,13.2,1.46
2020-08-27,427,561,104,38,8.7,45,0,4.5,5.3,90.9,57.9,292,2,65,0,11559.25,0.08,4.12,6570.4,0.16,12.56,5072.05,0.25,18.29,18.9,12.6,1.5
2020-08-28,335,652,69,54,10.3,21,0,2.1,5.2,90.7,43.2,298,0,59,0,11647.6,0.76,5.18,6609.4,0.59,12.66,5061.35,-0.21,17.15,18.35,12.6,1.46
2020-08-31,50,949,12,661,-1.1,4,0,0.4,4.8,77.5,8.1,167,0,37,0,11387.5,-2.23,4.55,6362.05,-3.74,8.38,4833.8,-4.5,10.67,22.84,13.9,1.64
2020-09-01,447,543,61,84,-6.6,7,0,0.7,4.4,76.1,10.7,147,1,29,0,11470.25,0.73,3.38,6410.5,0.76,8.11,4843.5,0.2,9.25,21.8,12.7,1.72
2020-09-02,736,253,147,30,-4.8,22,0,2.2,4.1,79.8,27.9,140,1,31,0,11535.0,0.56,3.9,6506.7,1.5,9.17,4918.65,1.55,9.89,21.11,12.8,1.65
2020-09-03,576,414,90,30,-3.8,26,0,2.6,3.9,80.5,50.0,139,1,29,0,11527.45,-0.07,2.92,6562.15,0.85,8.89,4949.1,0.62,9.84,20.5,12.5,1.64
2020-09-04,197,795,40,55,-12.5,16,0,1.6,3.4,76.6,39.7,98,3,21,0,11333.85,-1.68,1.07,6459.85,-1.56,5.85,4896.15,-1.07,7.78,22.15,14.1,1.57
2020-09-07,361,626,55,31,-16.4,26,0,2.6,2.9,72.6,32.3,86,1,13,0,11355.05,0.19,0.75,6414.65,-0.7,3.85,4901.7,0.11,6.23,22.01,14.0,1.57
2020-09-08,244,745,40,91,-19.4,18,0,1.8,2.5,66.8,21.7,65,2,12,0,11317.35,-0.33,-0.05,6336.8,-1.21,2.97,4856.1,-0.93,4.91,22.72,14.0,1.62
2020-09-09,227,769,20,107,-27.1,17,1,1.6,2.0,58.8,17.8,50,7,11,0,11278.0,-0.35,-0.27,6298.4,-0.61,2.3,4787.7,-1.41,3.08,22.23,14.1,1.58
2020-09-10,754,233,122,15,-20.5,25,0,2.5,1.8,64.7,39.6,53,7,12,0,11449.25,1.52,1.32,6370.0,1.14,1.98,4852.2,1.35,3.52,21.26,15.0,1.42
2020-09-11,515,468,63,10,-16.9,25,0,2.5,1.9,66.5,51.2,58,7,14,0,11464.45,0.13,2.56,6408.05,0.6,3.37,4861.2,0.19,4.52,20.71,14.4,1.44
2020-09-14,782,205,278,20,-2.1,62,0,6.2,2.4,73.7,82.4,75,6,14,0,11440.05,-0.21,1.72,6582.85,2.73,5.74,5107.9,5.07,8.73,21.19,14.4,1.47
2020-09-15,592,393,115,19,0.8,68,0,6.8,3.0,75.9,83.2,72,6,14,0,11521.8,0.71,1.2,6662.1,1.2,5.66,5174.05,1.3,8.73,20.6,13.9,1.48
2020-09-16,519,464,100,22,-3.4,67,0,6.7,3.5,77.2,76.0,62,6,13,1,11604.55,0.72,1.72,6683.25,0.32,5.27,5193.1,0.37,7.71,19.66,14.1,1.39
2020-09-17,311,674,53,34,-8.7,52,0,5.2,3.8,73.9,54.3,61,8,11,1,11516.1,-0.76,1.8,6656.4,-0.4,4.02,5163.35,-0.57,6.58,20.1,14.0,1.44
2020-09-18,410,572,74,32,-4.3,58,0,5.8,4.2,71.9,42.0,47,8,11,1,11504.95,-0.1,1.17,6646.2,-0.15,3.09,5151.5,-0.23,4.79,20.05,14.0,1.43
2020-09-21,62,936,13,511,-10.4,16,3,1.3,4.0,54.9,10.0,26,13,9,1,11250.55,-2.21,-1.88,6419.75,-3.41,-1.3,4956.8,-3.78,-0.68,22.19,15.8,1.4
2020-09-22,170,823,17,193,-12.0,13,4,0.9,3.9,46.2,7.4,24,26,5,1,11153.65,-0.86,-2.78,6312.75,-1.67,-3.27,4865.5,-1.84,-2.87,21.41,16.0,1.34
2020-09-23,474,510,54,51,-6.9,18,5,1.3,3.9,45.8,12.3,21,29,6,1,11131.85,-0.2,-3.62,6289.35,-0.37,-4.12,4865.8,0.01,-3.83,20.99,15.8,1.33
2020-09-24,103,893,17,260,-20.0,10,8,0.2,3.7,35.9,7.1,17,47,3,1,10805.55,-2.93,-6.52,6156.7,-2.11,-6.3,4751.65,-2.35,-6.32,23.51,18.6,1.26
2020-09-25,893,98,267,13,-12.5,19,0,1.9,3.6,45.2,47.9,24,30,5,1,11050.25,2.26,-5.13,6309.85,2.49,-4.53,4873.9,2.57,-3.7,20.68,20.4,1.01
2020-09-28,851,140,245,7,-11.2,42,0,4.2,3.4,53.9,87.3,52,19,10,1,11227.55,1.6,-1.4,6481.5,2.72,1.88,5016.95,2.94,3.79,19.57,20.0,0.98
2020-09-29,389,593,72,21,-15.2,35,0,3.5,3.1,53.0,78.6,54,17,7,1,11222.4,-0.05,-2.16,6473.95,-0.12,0.99,5004.75,-0.24,3.33,19.78,19.7,1.0
2020-09-30,415,565,75,27,-17.3,34,0,3.4,2.8,53.3,70.8,48,15,7,1,11247.55,0.22,-2.49,6481.45,0.12,-0.39,5000.7,-0.08,1.67,19.53,19.6,1.0
2020-10-01,623,355,91,16,-11.0,32,0,3.2,2.6,57.4,65.4,47,18,10,1,11416.95,1.51,-0.96,6530.1,0.75,-0.49,5039.55,0.78,1.83,18.35,20.4,0.9
2020-10-05,554,433,130,21,-8.1,51,0,5.1,2.5,58.1,60.6,53,16,14,1,11503.35,0.76,1.5,6525.0,-0.08,1.01,5065.25,0.51,3.45,19.71,19.7,1.0
2020-10-06,571,410,99,13,2.2,47,0,4.7,2.8,62.0,64.1,57,15,14,1,11662.4,1.38,2.71,6560.7,0.55,2.28,5092.35,0.54,3.89,19.64,20.2,0.97
2020-10-07,306,683,60,61,5.0,37,2,3.5,3.1,57.8,47.7,51,14,14,1,11738.85,0.66,3.72,6525.1,-0.54,2.97,5068.4,-0.47,4.37,20.06,20.2,0.99
2020-10-08,375,608,45,51,3.0,34,2,3.2,3.3,54.7,37.3,59,13,13,1,11834.6,0.82,4.94,6517.95,-0.11,3.49,5053.4,-0.3,5.55,20.38,20.2,1.01
2020-10-09,411,576,43,32,9.3,30,3,2.7,3.5,53.6,36.2,54,15,11,0,11914.2,0.67,4.06,6502.45,-0.24,2.08,5037.45,-0.32,3.82,20.38,19.7,1.03
2020-10-12,260,727,26,86,-3.4,22,3,1.9,3.5,47.1,24.7,51,22,11,0,11930.95,0.14,4.07,6469.65,-0.5,0.96,5003.15,-0.68,2.92,21.13,19.7,1.07
2020-10-13,397,586,58,39,-12.4,26,4,2.2,3.3,45.8,29.5,32,20,5,0,11934.5,0.03,4.32,6439.25,-0.47,-2.18,4996.6,-0.13,-2.18,20.72,19.7,1.05
2020-10-14,434,548,56,31,-11.5,21,6,1.5,3.1,46.5,36.2,28,22,3,0,11971.05,0.31,3.9,6429.15,-0.16,-3.5,5000.4,0.08,-3.36,20.21,19.6,1.03
2020-10-15,181,812,26,97,-16.3,6,6,0.0,2.8,37.9,17.2,26,23,5,0,11680.35,-2.43,0.65,6331.65,-1.52,-5.26,4922.2,-1.56,-5.22,22.06,21.6,1.02
2020-10-16,632,341,83,19,-16.0,27,5,2.2,2.7,41.6,37.3,30,21,4,0,11762.45,0.7,2.14,6396.0,1.02,-3.91,4987.9,1.33,-3.4,21.65,21.5,1.01
2020-10-19,597,390,94,22,-15.2,28,3,2.5,2.4,44.0,53.9,29,17,4,0,11873.05,0.94,3.2,6434.55,0.6,-3.18,5016.35,0.57,-2.62,21.82,21.7,1.01
2020-10-20,490,486,79,22,-16.7,27,1,2.6,2.2,45.2,58.4,39,14,6,0,11896.8,0.2,5.74,6468.1,0.52,0.75,5029.25,0.26,1.46,22.69,19.8,1.15
2020-10-21,481,500,65,23,-13.2,22,1,2.1,2.1,45.0,60.0,52,11,12,0,11937.65,0.34,7.03,6480.15,0.19,2.65,5029.15,0.0,3.36,22.92,19.3,1.19
2020-10-22,523,464,115,25,-10.2,35,0,3.5,2.1,46.5,58.0,52,7,12,0,11896.45,-0.35,6.87,6524.6,0.69,3.74,5068.15,0.78,4.16,22.64,19.4,1.17
2020-10-23,641,347,118,13,-5.6,32,1,3.1,2.2,50.2,65.5,88,5,16,0,11930.35,0.28,10.41,6568.75,0.68,6.69,5103.95,0.71,7.41,21.83,14.9,1.47
2020-10-26,237,755,33,85,-6.2,25,2,2.3,2.2,44.7,40.3,53,6,15,0,11767.75,-1.36,6.49,6473.55,-1.45,2.59,5048.95,-1.08,3.59,22.83,14.8,1.54
2020-10-27,475,506,62,38,-4.6,27,3,2.4,2.2,46.1,42.3,47,10,13,1,11889.4,1.03,5.89,6546.65,1.13,1.01,5058.85,0.2,0.84,22.2,14.3,1.55
2020-10-28,265,719,37,54,-8.0,22,4,1.8,2.3,42.4,28.3,40,14,12,1,11729.6,-1.34,4.52,6493.25,-0.82,0.3,5017.1,-0.83,0.25,23.28,15.4,1.51
2020-10-29,307,681,36,51,-5.4,23,4,1.9,2.4,39.1,24.7,42,12,10,1,11670.8,-0.5,3.76,6469.3,-0.37,-0.19,4975.45,-0.83,-0.5,24.02,15.6,1.54
2020-10-30,494,483,66,20,-8.2,27,4,2.3,2.4,40.5,32.6,40,10,10,2,11642.4,-0.24,1.97,6494.7,0.39,-0.54,4976.7,0.03,-1.25,24.75,14.9,1.66
2020-11-02,333,642,49,65,-13.4,16,5,1.1,2.3,38.1,30.1,31,12,8,3,11669.15,0.23,1.44,6507.25,0.19,-0.27,4912.75,-1.28,-3.01,25.21,14.7,1.71
2020-11-03,543,437,64,32,-12.4,17,7,1.0,2.2,39.9,43.1,29,13,8,3,11813.5,1.24,1.3,6555.7,0.74,-0.08,4925.1,0.25,-3.28,24.24,14.6,1.66
2020-11-04,488,483,40,25,-12.1,21,2,1.9,2.1,41.0,50.3,31,13,6,3,11908.5,0.8,1.45,6588.35,0.5,0.97,4926.15,0.02,-2.81,23.2,14.6,1.59
2020-11-05,784,200,124,14,-6.9,35,2,3.3,2.1,49.9,72.1,33,10,5,4,12120.3,1.78,2.41,6703.75,1.75,2.85,5006.85,1.64,-0.92,20.97,15.6,1.34
2020-11-06,604,378,84,21,-7.5,30,2,2.8,2.1,55.4,76.7,39,9,5,3,12263.55,1.18,2.93,6748.45,0.67,3.78,5031.55,0.49,-0.12,20.5,16.0,1.28
2020-11-09,587,399,95,35,-0.5,44,5,3.9,2.2,58.9,73.2,43,11,7,3,12461.05,1.61,4.44,6803.85,0.82,5.17,5052.25,0.41,0.98,20.11,16.8,1.2
2020-11-10,406,572,78,94,-1.8,25,3,2.2,2.2,56.6,58.2,42,12,6,3,12631.1,1.36,5.84,6817.1,0.19,5.87,5043.05,-0.18,0.93,21.58,17.2,1.25
2020-11-11,530,446,64,30,3.6,24,4,2.0,2.2,59.4,54.5,44,11,8,3,12749.15,0.93,6.5,6834.6,0.26,6.31,5070.95,0.55,1.41,22.03,17.4,1.27
2020-11-12,617,362,110,16,9.8,43,3,4.0,2.5,63.1,62.5,67,9,9,3,12690.8,-0.46,8.65,6870.65,0.53,8.51,5129.85,1.16,4.22,20.62,14.4,1.43
2020-11-13,589,388,114,13,11.7,63,3,6.0,2.8,67.5,65.8,80,8,8,3,12719.95,0.23,8.14,6935.2,0.94,8.43,5178.2,0.94,3.82,19.7,14.3,1.38
2020-11-17,707,275,195,15,19.2,80,2,7.8,3.5,72.7,79.6,99,8,16,3,12874.2,0.74,8.43,7062.35,1.24,9.76,5251.85,0.5,4.69,19.8,14.5,1.37
2020-11-18,576,410,129,21,19.7,68,2,6.6,4.1,76.4,78.5,113,8,22,2,12938.25,0.5,8.75,7163.65,1.43,10.75,5282.45,0.58,5.03,19.12,14.5,1.32
2020-11-19,395,587,72,41,17.8,41,3,3.8,4.2,77.0,62.6,103,7,19,2,12771.7,-1.29,6.99,7131.7,-0.45,10.05,5281.95,-0.01,5.03,19.57,15.7,1.25
2020-11-20,574,409,102,19,13.6,64,2,6.2,4.5,78.2,62.9,111,5,23,2,12859.05,0.68,8.09,7194.85,0.89,10.27,5338.35,1.07,5.33,19.62,15.5,1.27
2020-11-23,617,368,138,21,13.8,78,2,7.6,5.0,81.3,64.3,114,4,19,2,12926.45,0.52,8.35,7279.5,1.18,10.82,5427.4,1.67,6.34,20.8,15.5,1.34
2020-11-24,578,410,109,36,13.6,66,2,6.4,5.3,84.2,68.4,126,3,22,2,13055.15,1.0,10.94,7340.0,0.83,13.38,5475.85,0.89,8.46,21.06,14.2,1.48
2020-11-25,264,725,60,66,10.7,27,1,2.6,5.3,81.7,46.5,126,3,24,2,12858.4,-1.51,8.15,7227.55,-1.53,10.4,5424.2,-0.94,7.22,23.13,15.7,1.47
2020-11-26,670,307,116,19,13.5,45,1,4.4,5.5,85.0,58.3,142,2,27,1,12987.0,1.0,10.72,7278.15,0.7,12.09,5466.05,0.77,8.95,20.02,14.4,1.39
2020-11-27,663,315,150,26,14.4,72,1,7.1,5.9,88.1,71.5,173,1,31,1,12968.95,-0.14,11.12,7455.6,2.44,15.25,5604.3,2.53,12.64,19.82,14.2,1.4
2020-12-01,669,317,176,16,15.9,93,1,9.2,6.2,90.0,78.4,198,1,36,1,13109.05,1.08,12.6,7521.3,0.88,15.81,5669.5,1.16,13.92,20.18,14.0,1.44
2020-12-02,537,445,120,10,12.5,87,1,8.6,6.2,91.2,78.2,227,1,40,0,13113.75,0.04,12.38,7566.8,0.6,16.28,5686.3,0.3,15.75,19.91,14.1,1.41
2020-12-03,696,293,166,10,14.9,100,1,9.9,6.6,92.9,80.4,262,1,53,0,13133.9,0.15,11.18,7597.8,0.41,15.9,5736.05,0.87,16.47,19.0,13.9,1.37
2020-12-04,489,497,102,40,16.7,96,1,9.5,7.2,93.2,71.5,272,1,53,0,13258.55,0.95,11.34,7625.9,0.37,15.75,5764.9,0.5,17.03,18.03,14.0,1.29
2020-12-07,708,277,202,17,19.4,113,1,11.2,7.7,95.4,77.3,286,1,51,0,13355.75,0.73,10.19,7706.6,1.06,14.96,5844.0,1.37,16.72,18.03,13.2,1.37
2020-12-08,347,645,91,46,13.9,60,1,5.9,7.5,94.4,61.3,270,1,50,0,13392.95,0.28,9.21,7701.55,-0.07,14.12,5828.6,-0.26,15.84,18.62,13.0,1.43
2020-12-09,553,438,128,24,13.4,86,1,8.5,7.7,95.8,60.4,271,1,53,0,13529.1,1.02,8.57,7745.05,0.56,13.83,5872.95,0.76,16.24,18.92,12.5,1.51
2020-12-10,303,692,52,48,14.1,57,1,5.6,8.0,94.0,42.6,243,1,49,0,13478.3,-0.38,6.71,7688.15,-0.73,12.78,5835.55,-0.64,15.71,18.71,12.2,1.53
2020-12-11,523,465,111,16,11.0,56,0,5.6,8.1,94.1,46.5,247,1,59,0,13513.85,0.26,6.0,7705.05,0.22,12.74,5865.25,0.51,15.66,18.79,12.0,1.57
2020-12-14,611,378,148,19,9.9,78,0,7.8,8.2,94.2,59.1,274,1,65,0,13558.15,0.33,6.83,7749.1,0.57,12.79,5912.6,0.81,15.26,19.4,11.7,1.66
2020-12-15,429,565,83,30,5.0,73,0,7.3,8.0,94.2,55.9,258,1,58,0,13567.85,0.07,6.67,7771.35,0.29,12.06,5925.1,0.21,14.42,19.35,11.7,1.65
2020-12-16,607,380,101,21,6.4,102,1,10.1,8.1,95.0,68.8,235,1,56,0,13682.7,0.85,6.28,7858.7,1.12,11.28,5981.8,0.96,13.9,19.2,11.4,1.68
2020-12-17,352,644,47,54,-0.6,72,1,7.1,7.9,94.9,52.5,190,2,47,0,13740.7,0.42,6.2,7843.3,-0.2,9.49,5980.0,-0.03,13.21,19.16,11.4,1.68
2020-12-18,346,645,41,52,-3.5,59,1,5.8,7.5,94.2,40.5,182,3,37,0,13760.55,0.14,7.74,7831.75,-0.15,9.82,5957.85,-0.37,12.8,18.62,9.8,1.9
2020-12-21,40,959,8,726,-17.0,6,1,0.5,6.4,79.5,6.4,91,3,19,0,13328.4,-3.14,3.65,7492.05,-4.34,4.13,5665.45,-4.91,6.13,23.19,15.9,1.46
2020-12-22,622,369,117,43,-11.5,15,1,1.4,6.0,81.7,12.5,88,3,19,0,13466.3,1.03,4.18,7538.5,0.62,3.56,5718.9,0.94,5.37,21.99,16.1,1.37
2020-12-23,926,70,330,6,-4.1,61,2,5.9,5.7,90.0,55.7,115,3,23,1,13601.1,1.0,4.18,7711.85,2.3,5.07,5881.8,2.85,7.41,20.5,16.1,1.27
2020-12-24,553,432,71,19,1.0,56,1,5.5,5.7,90.6,76.9,122,3,30,1,13749.25,1.09,6.93,7733.6,0.28,7.0,5926.55,0.76,9.26,19.97,15.1,1.32
2020-12-28,742,248,156,8,5.4,93,1,9.2,6.1,93.4,91.6,146,3,35,1,13873.2,0.9,6.82,7813.85,1.04,7.36,6027.05,1.7,10.26,20.43,15.0,1.36
2020-12-29,409,576,87,10,1.4,82,0,8.2,6.1,93.0,78.5,128,3,35,1,13932.6,0.43,7.43,7806.95,-0.09,4.71,6027.05,0.0,7.54,20.79,14.9,1.4
2020-12-30,514,469,85,12,3.2,81,0,8.1,6.2,93.3,67.5,108,2,30,1,13981.95,0.35,6.66,7833.2,0.34,4.15,6062.65,0.59,6.93,21.11,14.7,1.44
2020-12-31,511,471,75,9,1.3,86,0,8.6,6.0,93.2,64.7,110,4,34,1,13981.75,0.0,6.62,7862.9,0.38,3.91,6076.2,0.22,6.86,21.1,14.7,1.44
2021-01-01,679,304,95,9,8.0,99,0,9.9,6.3,94.5,72.4,97,4,28,1,14018.5,0.26,6.74,7953.3,1.15,4.68,6146.15,1.15,7.15,19.56,14.7,1.33
2021-01-04,684,300,144,6,14.8,163,1,16.2,7.4,95.8,79.5,116,3,31,1,14132.9,0.82,6.59,8068.05,1.44,5.8,6226.5,1.31,8.01,20.03,14.6,1.37
2021-01-05,501,483,109,20,24.2,135,1,13.4,8.6,95.5,72.2,111,4,30,1,14199.5,0.47,6.32,8131.15,0.78,5.51,6264.5,0.61,7.2,20.46,14.5,1.41
2021-01-06,365,627,77,34,19.0,105,1,10.4,9.5,94.8,58.1,110,5,29,1,14146.25,-0.38,5.62,8160.6,0.36,5.96,6248.7,-0.25,7.21,21.0,14.7,1.43
2021-01-07,593,393,123,15,12.5,128,1,12.7,10.2,95.4,61.5,107,4,24,1,14137.35,-0.06,4.5,8264.0,1.27,6.7,6319.45,1.13,7.6,20.62,14.5,1.42
2021-01-08,549,437,101,22,12.4,133,1,13.2,11.0,95.8,63.7,123,3,26,1,14347.25,1.48,6.45,8349.1,1.03,8.6,6364.05,0.71,9.06,20.64,15.0,1.38
2021-01-11,378,612,69,49,5.1,122,1,12.1,11.3,95.5,51.9,117,3,24,2,14484.75,0.96,7.18,8332.7,-0.2,8.15,6359.15,-0.08,8.42,22.38,15.2,1.47
2021-01-12,533,455,86,27,7.6,87,1,8.6,11.3,95.1,53.7,102,7,14,2,14563.45,0.54,7.41,8371.95,0.47,8.04,6377.4,0.29,7.86,22.85,15.2,1.5
2021-01-13,289,704,46,39,3.0,59,0,5.9,11.1,93.7,37.3,92,6,17,1,14564.85,0.01,7.35,8328.3,-0.52,7.17,6360.45,-0.27,7.35,23.29,15.2,1.53
2021-01-14,452,526,48,30,1.8,45,0,4.5,10.7,92.9,38.7,76,6,11,1,14595.6,0.21,6.67,8335.15,0.08,6.06,6388.4,0.44,6.8,23.03,15.1,1.53
2021-01-15,197,793,32,41,-7.9,31,0,3.1,10.0,89.6,23.1,70,4,15,1,14433.7,-1.11,5.04,8246.85,-1.06,5.15,6320.55,-1.06,5.69,24.01,15.9,1.51
2021-01-18,152,845,28,141,-18.7,19,0,1.9,8.6,81.2,14.1,61,5,16,1,14281.3,-1.06,3.78,8091.95,-1.88,3.32,6203.9,-1.85,4.13,24.4,16.6,1.47
2021-01-19,844,148,126,10,-11.9,51,0,5.1,7.8,85.6,37.3,150,3,23,1,14521.15,1.68,8.95,8266.15,2.15,10.33,6307.75,1.67,11.34,22.9,11.7,1.96
2021-01-20,520,466,80,12,-8.7,66,0,6.6,7.4,85.4,50.6,136,3,26,1,14644.7,0.85,8.75,8341.65,0.91,10.65,6333.55,0.41,10.75,21.55,11.6,1.86
2021-01-21,259,729,47,71,-15.4,40,0,4.0,6.5,80.1,37.1,79,3,15,0,14590.35,-0.37,7.27,8255.0,-1.04,7.04,6306.45,-0.43,7.22,22.18,11.7,1.9
2021-01-22,219,776,42,78,-22.1,39,0,3.9,5.6,73.3,25.5,63,3,13,0,14371.9,-1.5,4.53,8151.2,-1.26,5.4,6262.7,-0.69,5.67,22.42,13.1,1.71
2021-01-25,220,774,27,110,-25.3,31,0,3.1,4.7,64.6,17.2,45,5,6,0,14238.9,-0.93,2.64,8064.3,-1.07,3.21,6199.7,-1.01,2.86,23.25,13.4,1.74
2021-01-27,319,676,39,90,-29.7,11,0,1.1,3.9,58.0,17.0,33,6,5,0,13967.5,-1.91,0.25,7948.9,-1.43,1.82,6186.15,-0.22,2.64,24.39,15.2,1.6
2021-01-28,498,490,66,29,-25.4,12,0,1.2,3.5,57.2,26.5,34,7,3,0,13817.55,-1.07,-1.18,7900.75,-0.61,0.86,6160.05,-0.42,1.61,24.29,15.6,1.56
2021-01-29,397,594,43,53,-26.7,15,0,1.5,3.2,54.0,33.8,31,7,3,0,13634.6,-1.32,-2.48,7883.4,-0.22,0.26,6139.65,-0.33,1.04,25.34,16.3,1.55
2021-02-01,776,216,215,23,-15.1,40,0,4.0,3.2,64.1,70.8,42,10,5,0,14281.2,4.74,1.87,8118.05,2.98,2.07,6262.4,2.0,1.89,23.32,23.5,0.99
2021-02-02,672,316,149,19,-4.6,75,0,7.5,3.8,68.2,77.9,36,9,6,1,14647.85,2.57,3.64,8305.1,2.3,2.94,6339.95,1.24,1.82,23.35,24.9,0.94
2021-02-03,668,316,135,14,-8.1,93,0,9.3,4.2,72.5,83.0,40,8,6,1,14789.95,0.97,4.16,8420.2,1.39,3.55,6429.75,1.42,2.64,23.75,25.1,0.95
2021-02-04,684,305,147,17,-4.8,123,0,12.3,4.8,76.4,84.3,57,7,10,1,14895.65,0.71,5.3,8525.95,1.26,4.48,6518.15,1.37,4.31,23.12,25.0,0.92
2021-02-05,356,636,60,54,-2.9,89,0,8.9,5.3,70.0,62.3,49,6,10,1,14924.25,0.19,5.57,8448.35,-0.91,2.23,6533.75,0.24,3.39,23.42,25.0,0.94
2021-02-08,625,362,150,35,5.3,137,0,13.7,6.3,72.3,63.8,54,6,15,1,15115.8,1.28,5.36,8576.1,1.51,2.72,6633.1,1.52,4.23,23.96,24.9,0.96
2021-02-09,356,633,51,48,8.1,69,0,6.9,6.6,69.8,49.2,50,8,12,1,15109.3,-0.04,4.31,8579.85,0.04,2.97,6604.0,-0.44,3.85,24.27,24.8,0.98
2021-02-10,464,525,66,36,11.0,96,0,9.6,7.5,67.5,47.5,50,10,10,1,15106.5,-0.02,3.73,8639.85,0.7,3.2,6631.2,0.41,3.98,23.95,24.7,0.97
2021-02-11,589,390,119,23,12.9,116,0,11.6,8.5,69.2,57.5,64,6,12,1,15173.3,0.44,4.18,8655.3,0.18,3.93,6723.3,1.39,5.7,23.05,24.8,0.93
2021-02-12,394,596,78,32,12.9,94,0,9.4,9.3,67.6,48.0,72,7,9,1,15163.3,-0.07,3.89,8646.0,-0.11,3.73,6713.8,-0.14,5.09,23.05,24.8,0.93
2021-02-15,442,552,93,56,6.2,98,0,9.8,9.9,65.9,48.4,86,4,11,1,15314.7,1.0,6.1,8748.8,1.19,6.09,6732.8,0.28,6.52,21.48,24.4,0.88
2021-02-16,423,568,70,32,1.2,80,0,8.0,10.0,65.3,45.6,108,7,16,1,15313.45,-0.01,7.23,8794.3,0.52,8.68,6748.15,0.23,8.77,21.78,23.9,0.91
2021-02-17,490,496,110,21,-2.4,88,0,8.8,9.9,66.1,48.0,104,4,18,1,15208.9,-0.68,4.74,8819.95,0.29,6.7,6773.9,0.38,7.39,21.51,23.7,0.91
2021-02-18,547,437,130,23,-5.1,96,0,9.6,9.6,68.3,55.4,111,4,22,0,15118.95,-0.59,3.24,8856.65,0.42,6.17,6832.25,0.86,7.87,21.54,23.7,0.91
2021-02-19,295,696,51,64,-6.3,56,0,5.6,9.3,64.7,43.5,110,5,25,0,14981.75,-0.91,2.68,8737.65,-1.34,5.85,6775.65,-0.83,7.44,22.25,24.0,0.93
2021-02-22,228,765,48,111,-14.3,51,0,5.1,8.4,58.0,26.0,109,7,28,0,14675.7,-2.04,2.11,8632.05,-1.21,5.9,6709.55,-0.98,7.14,25.47,24.5,1.04
2021-02-23,626,361,130,21,-8.9,73,0,7.3,8.5,61.9,38.6,131,6,31,0,14707.8,0.22,3.29,8715.85,0.97,8.08,6769.1,0.89,9.18,25.23,24.2,1.04
2021-02-24,680,304,105,18,-4.5,82,0,8.2,8.3,64.5,57.2,165,6,35,0,14982.0,1.86,7.26,8800.25,0.97,10.71,6855.8,1.28,10.82,24.17,23.6,1.02
2021-02-25,677,314,152,9,-2.9,141,0,14.1,8.6,67.9,76.4,181,2,38,0,15097.35,0.77,9.26,8925.25,1.42,12.97,6967.3,1.63,13.1,22.89,23.0,1.0
2021-02-26,240,751,51,84,-6.0,64,0,6.4,8.3,64.1,49.2,173,3,45,0,14529.15,-3.76,6.56,8816.05,-1.22,11.83,6892.75,-1.07,12.27,28.14,27.0,1.04
2021-03-01,696,292,170,13,-0.8,117,0,11.7,8.5,68.4,59.2,164,2,45,0,14761.55,1.6,3.36,8950.15,1.52,10.25,7017.45,1.81,12.06,25.63,22.3,1.15
2021-03-02,645,348,135,14,3.6,129,0,12.9,9.0,71.8,68.6,164,2,39,0,14919.1,1.07,1.85,9091.0,1.57,9.46,7102.85,1.22,12.03,23.61,20.7,1.14
2021-03-03,641,350,152,22,6.6,136,0,13.6,9.5,76.4,77.1,170,3,36,0,15245.6,2.19,3.08,9235.7,1.59,9.69,7169.15,0.93,11.5,22.09,21.8,1.01
2021-03-04,540,447,111,13,6.4,154,0,15.4,10.0,76.9,76.1,154,3,34,0,15080.75,-1.08,1.24,9281.25,0.49,8.86,7238.95,0.97,11.06,24.15,22.1,1.09
2021-03-05,196,802,32,106,4.3,49,0,4.9,10.0,73.2,40.6,146,2,26,0,14938.1,-0.95,0.09,9100.75,-1.94,7.72,7128.95,-1.52,9.11,25.56,22.4,1.14
2021-03-08,521,466,103,17,10.3,87,0,8.7,10.3,74.0,44.2,140,2,30,0,14956.2,0.12,-1.06,9134.4,0.37,6.51,7173.05,0.62,8.14,24.68,21.9,1.13
2021-03-09,323,671,43,58,4.1,69,0,6.9,10.3,71.4,33.6,131,2,29,0,15098.4,0.95,-0.07,9100.55,-0.37,6.07,7112.4,-0.85,7.7,22.5,22.2,1.01
2021-03-10,557,432,81,12,1.6,73,0,7.3,10.2,73.9,43.0,141,2,25,0,15174.8,0.51,0.45,9169.25,0.75,6.13,7187.95,1.06,8.4,20.75,22.3,0.93
2021-03-12,355,637,52,37,-4.8,63,0,6.3,9.4,70.9,40.0,123,1,20,0,15030.95,-0.95,-0.94,9144.4,-0.27,5.65,7212.8,0.35,7.28,21.71,22.5,0.96
2021-03-15,313,683,59,48,-3.4,65,0,6.5,9.4,67.9,32.7,108,3,24,0,14929.5,-0.67,-1.54,9081.95,-0.68,5.04,7159.7,-0.74,6.64,21.23,22.6,0.94
2021-03-16,446,544,80,32,-8.4,69,0,6.9,8.9,68.7,37.0,112,3,22,0,14910.45,-0.13,-2.64,9109.3,0.3,4.12,7178.65,0.26,6.62,20.19,22.2,0.91
2021-03-17,115,884,14,221,-19.1,14,0,1.4,7.8,59.3,16.1,79,2,13,0,14721.3,-1.27,-3.87,8907.45,-2.22,1.29,7018.6,-2.23,4.01,20.16,22.6,0.89
2021-03-18,172,823,15,178,-28.5,11,2,0.9,6.5,50.2,9.9,63,4,10,0,14557.85,-1.11,-4.28,8783.1,-1.4,-0.42,6918.35,-1.43,2.13,20.08,22.8,0.88
2021-03-19,559,427,74,37,-28.1,24,3,2.1,5.2,52.4,21.1,60,6,6,0,14744.0,1.28,-2.48,8857.3,0.84,0.01,6948.8,0.44,1.71,19.99,23.3,0.86
2021-03-22,583,399,104,17,-20.2,39,1,3.8,5.1,54.1,37.7,63,5,14,0,14736.4,-0.05,-1.64,8929.0,0.81,2.19,6966.45,0.25,2.82,20.49,23.1,0.89
2021-03-23,581,404,90,17,-19.0,41,1,4.0,4.6,57.2,59.1,82,5,18,0,14814.75,0.53,0.95,8991.3,0.7,4.16,7014.6,0.69,4.55,20.67,22.0,0.94
2021-03-24,159,836,13,123,-22.3,18,4,1.4,4.1,48.7,32.3,58,7,9,0,14549.4,-1.79,-1.08,8828.45,-1.81,1.29,6881.35,-1.9,1.66,22.46,22.9,0.98
2021-03-25,123,874,6,187,-31.1,7,4,0.3,3.4,40.8,12.7,44,11,5,0,14324.9,-1.54,-4.39,8669.85,-1.8,-1.48,6749.85,-1.91,-1.55,22.7,22.4,1.01
2021-03-26,670,310,96,22,-24.6,22,3,1.9,2.9,44.5,27.7,38,13,5,0,14507.3,1.27,-3.91,8802.25,1.53,-1.38,6828.5,1.17,-1.99,20.65,22.7,0.91
2021-03-30,589,399,97,31,-19.0,41,4,3.7,2.6,49.8,46.2,44,15,10,0,14845.1,2.33,2.17,8954.05,1.72,1.57,6916.0,1.28,0.34,20.65,20.0,1.03
2021-03-31,508,482,62,26,-17.8,44,4,4.0,2.4,50.4,56.6,37,17,8,1,14690.7,-1.04,-0.48,8988.9,0.39,0.43,6952.55,0.53,-0.92,20.65,19.6,1.05
2021-04-01,844,152,276,4,-3.2,61,2,5.9,2.8,59.5,89.8,35,13,7,1,14867.35,1.2,-0.35,9129.65,1.57,0.43,7089.2,1.97,-0.19,19.99,19.7,1.01
2021-04-05,226,768,68,127,-2.1,38,0,3.8,3.1,51.9,50.5,27,16,5,1,14637.8,-1.54,-3.99,9004.6,-1.37,-2.5,6976.85,-1.58,-2.68,21.22,18.6,1.14
2021-04-06,594,391,106,12,-1.4,59,1,5.8,3.5,55.2,54.5,31,18,5,0,14683.5,0.31,-2.63,9062.0,0.64,-2.36,7051.85,1.07,-2.58,20.84,18.4,1.13
2021-04-07,697,285,117,13,0.9,71,0,7.1,3.8,58.7,67.4,38,12,8,0,14819.05,0.92,-0.8,9171.85,1.21,0.78,7149.35,1.38,0.29,20.25,18.5,1.09
2021-04-08,615,375,126,11,1.5,106,0,10.6,4.5,63.8,69.1,46,11,8,0,14873.8,0.37,-0.55,9226.95,0.6,1.01,7225.2,1.06,0.73,20.31,18.5,1.1
2021-04-09,509,474,86,13,8.7,95,0,9.5,5.3,65.1,70.8,51,11,13,1,14834.85,-0.26,-1.75,9240.75,0.15,1.54,7264.0,0.54,2.13,19.79,18.2,1.09
2021-04-12,33,967,11,728,6.8,8,3,0.5,5.3,40.2,9.9,24,19,1,1,14310.8,-3.53,-5.69,8762.3,-5.18,-4.44,6872.25,-5.39,-4.39,23.0,21.9,1.05
2021-04-13,792,204,151,27,9.1,20,1,1.9,5.3,47.1,18.4,28,17,3,1,14504.8,1.36,-3.5,8887.35,1.43,-2.81,6987.55,1.68,-3.12,20.46,22.5,0.91
2021-04-15,357,633,61,40,4.4,32,2,3.0,5.2,45.1,21.3,32,15,3,1,14581.45,0.53,-2.33,8890.3,0.03,-2.11,6965.35,-0.32,-2.71,20.89,22.5,0.93
2021-04-16,638,346,79,11,7.1,44,2,4.2,5.2,47.4,42.8,33,17,6,0,14617.85,0.25,-1.96,8982.1,1.03,-1.4,7024.75,0.85,-2.14,20.4,22.5,0.91
2021-04-19,138,859,32,250,-7.0,21,7,1.4,4.8,37.5,27.9,44,20,4,0,14359.45,-1.77,-2.46,8808.85,-1.93,-1.11,6883.9,-2.01,-1.92,22.49,23.0,0.98
2021-04-20,584,396,87,12,0.3,34,3,3.1,4.7,40.2,32.3,61,11,12,0,14296.4,-0.44,-1.8,8828.4,0.22,0.52,6936.2,0.76,0.26,22.43,22.7,0.99
2021-04-22,597,388,128,14,0.3,55,2,5.3,4.7,43.4,46.6,75,8,16,0,14406.15,0.77,-2.29,8863.7,0.4,0.07,6987.25,0.74,0.55,23.03,22.4,1.03
2021-04-23,500,483,75,21,-3.6,42,2,4.0,4.4,43.8,54.9,68,8,14,0,14341.35,-0.45,-2.68,8892.85,0.33,-0.4,7015.95,0.41,0.71,22.69,22.4,1.01
2021-04-26,646,344,112,11,-3.0,64,1,6.3,3.9,47.8,72.3,80,7,17,0,14485.0,1.0,-2.23,8963.15,0.79,-0.31,7092.45,1.09,1.11,23.5,22.6,1.04
2021-04-27,712,273,134,19,1.0,74,0,7.4,3.7,52.6,78.6,92,4,24,0,14653.05,1.16,0.71,9092.85,1.45,2.99,7213.55,1.71,4.83,23.08,22.1,1.04
2021-04-28,641,349,120,19,13.3,74,0,7.4,4.4,57.9,82.0,130,3,29,0,14864.55,1.44,3.77,9189.3,1.06,5.99,7270.8,0.79,7.72,22.58,21.8,1.04
2021-04-29,389,605,74,28,5.3,78,0,7.8,5.0,57.0,67.6,125,2,29,0,14894.9,0.2,2.67,9168.3,-0.23,4.16,7293.05,0.31,6.8,23.31,21.5,1.08
2021-04-30,384,606,64,31,5.8,75,0,7.5,5.4,55.9,52.3,129,1,29,0,14631.1,-1.77,-1.44,9128.7,-0.43,1.95,7271.15,-0.3,5.14,23.03,20.9,1.1
2021-05-03,615,371,161,18,5.3,133,1,13.2,6.3,59.5,56.0,157,0,43,0,14634.15,0.02,-0.38,9165.9,0.41,1.97,7364.85,1.29,5.93,23.69,20.6,1.15
2021-05-04,359,630,60,85,9.8,59,1,5.8,6.8,57.9,46.5,112,1,20,0,14496.5,-0.94,-2.49,9137.85,-0.31,0.09,7317.65,-0.64,3.22,23.01,20.3,1.13
2021-05-05,642,342,113,17,10.9,93,1,9.2,7.4,61.0,58.3,140,0,26,0,14617.85,0.84,-0.14,9214.8,0.84,2.33,7365.75,0.66,5.57,21.96,19.8,1.11
2021-05-06,526,456,113,17,9.6,98,1,9.7,7.8,62.4,62.1,134,3,30,0,14724.8,0.73,0.28,9280.05,0.71,2.41,7422.0,0.76,5.25,22.04,20.0,1.1
2021-05-07,528,460,109,32,10.1,109,1,10.8,8.5,63.6,62.7,122,3,33,0,14823.15,0.67,0.03,9249.65,-0.33,0.85,7474.2,0.7,4.54,20.82,19.8,1.05
2021-05-10,667,325,200,12,10.5,164,1,16.3,9.5,68.1,73.3,134,3,37,0,14942.35,0.8,0.46,9308.2,0.63,0.88,7588.0,1.52,5.02,20.23,20.0,1.01
2021-05-11,578,416,133,21,7.7,145,1,14.4,10.2,70.7,71.6,139,2,37,0,14850.75,-0.61,0.11,9384.05,0.81,1.55,7650.3,0.82,5.32,19.83,20.1,0.99
2021-05-12,377,620,77,76,2.3,69,1,6.8,10.2,70.3,56.8,205,2,48,0,14696.5,-1.04,2.7,9323.95,-0.64,6.41,7597.4,-0.69,10.55,20.08,15.6,1.29
2021-05-14,281,717,46,113,0.1,50,1,4.9,9.9,68.9,39.4,172,2,31,0,14677.8,-0.13,1.19,9188.35,-1.45,3.39,7523.1,-0.98,7.66,20.27,14.9,1.36
2021-05-17,707,275,175,34,6.7,94,0,9.4,10.1,75.1,54.7,195,2,37,0,14923.15,1.67,2.34,9340.6,1.66,5.07,7620.3,1.29,9.4,19.61,15.9,1.23
2021-05-18,619,367,132,27,6.8,100,0,10.0,9.7,78.9,65.2,184,2,41,0,15108.1,1.24,3.35,9494.85,1.65,5.71,7715.7,1.25,9.84,19.24,16.4,1.17
2021-05-19,555,436,111,19,10.7,105,0,10.5,10.2,80.9,69.1,240,3,61,0,15030.15,-0.52,4.67,9495.0,0.0,7.79,7760.25,0.58,12.73,19.32,14.9,1.3
2021-05-20,431,557,94,27,6.4,92,0,9.2,10.2,82.5,64.2,238,1,47,0,14906.05,-0.83,4.26,9482.0,-0.14,7.4,7775.3,0.19,12.1,19.65,15.2,1.29
2021-05-21,620,373,108,25,8.2,101,0,10.1,10.2,84.6,65.0,221,1,44,0,15175.3,1.81,5.34,9551.5,0.73,7.76,7834.1,0.76,12.12,19.08,16.1,1.19
2021-05-24,588,405,140,26,9.3,146,0,14.6,10.6,86.7,63.7,243,2,38,0,15197.7,0.15,5.97,9621.35,0.73,8.19,7894.5,0.77,12.52,19.13,15.9,1.2
2021-05-25,488,510,106,35,5.7,107,0,10.7,10.1,88.0,62.6,232,4,46,0,15208.45,0.07,4.99,9616.0,-0.06,7.28,7906.6,0.15,11.48,18.84,15.7,1.2
2021-05-26,583,409,147,20,5.8,125,0,12.5,9.9,89.0,64.8,223,3,47,0,15301.45,0.61,4.43,9631.25,0.16,5.92,7959.55,0.67,10.34,20.87,15.4,1.36
2021-05-27,475,515,75,41,7.8,103,0,10.3,10.2,90.3,59.5,197,3,41,0,15337.85,0.24,3.18,9683.05,0.54,5.37,8012.8,0.67,10.21,19.91,14.7,1.35
2021-05-28,336,659,55,74,9.0,55,0,5.5,10.3,89.7,47.6,181,2,39,0,15435.65,0.64,3.63,9675.45,-0.08,5.53,7971.9,-0.51,9.31,17.4,14.8,1.18
2021-05-31,525,464,103,43,5.2,79,0,7.9,10.1,91.4,50.1,179,1,35,0,15582.8,0.95,6.5,9714.95,0.41,6.42,8004.75,0.41,10.09,16.89,13.1,1.29
2021-06-01,301,694,60,71,-1.2,58,0,5.8,9.7,89.1,36.2,148,1,30,0,15574.85,-0.05,6.43,9696.5,-0.19,5.79,7951.3,-0.67,7.96,17.39,13.1,1.33
2021-06-02,746,247,152,7,2.6,99,0,9.9,9.7,91.2,59.7,183,0,38,0,15576.2,0.01,7.45,9822.0,1.29,7.49,8048.6,1.22,9.99,17.21,12.3,1.4
2021-06-03,672,321,134,8,7.4,119,0,11.9,9.9,93.0,75.4,182,0,38,0,15690.35,0.73,7.34,9907.55,0.87,7.52,8138.8,1.12,10.5,15.75,12.2,1.29
2021-06-04,526,466,119,11,5.5,124,0,12.4,10.2,93.1,72.8,194,0,42,0,15670.25,-0.13,6.42,9974.0,0.67,7.48,8181.0,0.52,10.23,15.94,12.3,1.3
2021-06-07,681,311,178,16,7.4,172,0,17.2,10.4,94.8,80.8,218,0,47,0,15751.65,0.52,6.26,10097.95,1.24,9.17,8300.7,1.46,11.06,15.57,12.2,1.28
2021-06-08,501,491,110,16,7.7,164,0,16.4,11.0,95.5,71.2,191,0,48,0,15740.1,-0.07,5.34,10162.6,0.64,9.18,8343.05,0.51,9.95,15.23,12.2,1.25
2021-06-09,253,741,49,73,1.1,78,0,7.8,10.5,93.5,43.7,143,0,38,0,15635.35,-0.67,5.28,10088.95,-0.72,7.51,8240.05,-1.23,7.71,14.75,12.2,1.21
2021-06-10,831,168,158,3,8.1,171,0,17.1,11.2,94.2,64.9,198,0,42,0,15737.75,0.65,7.09,10236.95,1.47,9.79,8373.1,1.61,10.21,15.0,11.3,1.33
2021-06-11,458,536,93,19,10.6,131,0,13.1,12.0,93.8,60.1,217,0,51,0,15799.35,0.39,7.64,10262.4,0.25,11.69,8402.9,0.36,11.69,14.1,11.1,1.27
2021-06-14,367,625,79,40,7.4,116,0,11.6,12.3,93.0,49.2,178,0,47,0,15811.85,0.08,5.96,10233.45,-0.28,9.56,8362.8,-0.48,9.74,14.72,10.1,1.46
2021-06-15,561,427,99,19,12.6,129,0,12.9,13.0,93.2,59.5,177,0,46,0,15869.25,0.36,5.04,10292.1,0.57,8.4,8404.45,0.5,8.93,14.61,9.4,1.55
2021-06-16,282,714,58,36,3.3,88,0,8.8,12.9,92.1,39.3,158,0,42,0,15767.55,-0.64,4.91,10200.75,-0.89,7.43,8352.75,-0.62,7.64,14.87,9.6,1.55
2021-06-17,295,699,47,47,-4.2,88,0,8.8,12.6,89.8,32.3,148,0,40,0,15691.4,-0.48,5.27,10096.0,-1.03,6.48,8300.9,-0.62,6.76,15.29,9.1,1.68
2021-06-18,235,762,44,53,-10.1,60,0,6.0,12.0,86.5,22.5,130,0,36,0,15683.35,-0.05,3.35,10004.4,-0.91,4.74,8241.25,-0.72,5.2,14.8,7.2,2.06
2021-06-21,625,368,122,18,-11.2,91,0,9.1,11.2,87.6,38.6,139,0,40,0,15746.5,0.4,3.61,10067.8,0.63,4.64,8305.35,0.78,5.2,15.06,7.2,2.09
2021-06-22,590,403,104,15,-9.5,101,0,10.1,10.5,89.3,55.2,148,0,41,0,15772.75,0.17,3.71,10084.45,0.17,4.87,8379.4,0.89,5.98,14.74,7.2,2.05
2021-06-23,333,660,56,36,-7.9,84,0,8.4,10.6,88.3,48.3,128,3,35,0,15686.95,-0.54,2.52,10071.65,-0.13,4.57,8350.4,-0.35,4.91,15.37,7.4,2.08
2021-06-24,362,633,45,46,-17.2,67,0,6.7,9.6,86.4,43.9,118,2,34,0,15790.45,0.66,2.95,10047.15,-0.24,3.76,8332.95,-0.21,4.0,15.1,7.7,1.96
2021-06-25,562,428,84,31,-15.1,83,1,8.2,9.1,87.4,50.3,123,2,36,0,15860.35,0.44,2.75,10137.3,0.9,4.77,8363.1,0.36,4.91,13.37,7.5,1.78
2021-06-28,547,447,106,30,-11.5,98,0,9.8,8.9,87.7,53.1,137,3,33,0,15814.7,-0.29,1.49,10187.75,0.5,4.87,8406.5,0.52,5.02,13.4,7.0,1.91
2021-06-29,405,590,94,22,-14.7,95,0,9.5,8.5,86.6,50.5,144,5,42,0,15748.45,-0.42,1.11,10144.6,-0.42,4.62,8398.05,-0.1,5.62,13.0,7.2,1.81
2021-06-30,471,518,92,32,-10.8,100,1,9.9,8.7,85.9,53.9,139,5,39,0,15721.5,-0.17,0.93,10182.05,0.37,3.67,8452.25,0.65,5.02,13.05,7.3,1.79
2021-07-01,500,490,83,34,-6.7,110,2,10.8,8.9,85.9,51.6,118,5,33,0,15680.0,-0.26,-0.07,10160.45,-0.21,2.55,8502.1,0.59,4.46,12.84,6.9,1.86
2021-07-02,601,384,105,14,0.7,124,1,12.3,9.5,87.0,59.9,127,4,35,0,15722.2,0.27,0.33,10224.15,0.63,2.51,8580.75,0.93,4.89,12.09,6.9,1.75
2021-07-05,668,326,161,22,1.6,156,1,15.5,10.1,88.5,70.6,119,4,34,0,15834.35,0.71,0.53,10266.55,0.41,1.67,8677.3,1.13,4.54,12.07,7.1,1.7
2021-07-06,355,636,68,68,-3.1,86,1,8.5,10.0,86.1,56.8,108,5,28,0,15818.25,-0.1,0.5,10275.45,0.09,1.11,8631.65,-0.53,3.46,12.28,7.2,1.71
2021-07-07,554,439,77,33,1.3,106,1,10.5,10.2,87.2,58.5,119,4,29,0,15879.65,0.39,1.56,10323.6,0.47,2.33,8688.85,0.66,5.45,12.21,6.8,1.8
2021-07-08,355,633,64,30,1.3,82,1,8.1,10.3,84.8,45.9,98,6,25,0,15727.9,-0.96,-0.06,10281.8,-0.4,0.44,8684.75,-0.05,3.72,13.56,7.3,1.86
2021-07-09,566,426,80,5,1.3,109,0,10.9,10.6,83.7,50.8,114,6,27,0,15689.8,-0.24,-0.69,10329.35,0.46,0.65,8732.4,0.55,3.92,12.94,7.2,1.8
2021-07-12,575,415,118,13,1.9,146,0,14.6,11.1,84.7,60.3,120,5,27,0,15692.6,0.02,-0.75,10371.65,0.41,1.35,8826.85,1.08,5.55,12.99,7.2,1.8
2021-07-13,523,471,89,21,4.3,151,0,15.1,11.6,85.9,63.3,111,4,26,0,15812.35,0.76,-0.36,10401.2,0.28,1.06,8901.45,0.85,5.91,12.62,7.7,1.64
2021-07-14,482,510,81,23,4.5,143,0,14.3,12.1,86.1,64.3,116,4,28,0,15853.95,0.26,0.55,10435.85,0.33,2.3,8917.1,0.18,6.76,12.59,7.3,1.72
2021-07-15,432,563,82,32,3.1,139,0,13.9,12.4,85.2,53.2,125,2,22,0,15924.2,0.44,1.48,10472.3,0.35,3.73,8979.1,0.7,8.17,12.27,7.2,1.7
2021-07-16,490,503,83,16,0.8,132,0,13.2,12.5,84.9,52.1,163,2,29,0,15923.4,-0.01,1.53,10501.05,0.27,4.96,9057.05,0.87,9.9,11.71,7.2,1.63
2021-07-19,393,598,70,23,-4.7,125,0,12.5,12.2,81.3,41.5,140,3,29,0,15752.4,-1.07,0.04,10434.45,-0.63,3.64,9054.5,-0.03,9.02,12.68,8.2,1.55
2021-07-20,157,841,29,141,-8.7,59,0,5.9,11.9,74.5,23.3,100,5,25,0,15632.1,-0.76,-0.89,10292.8,-1.36,2.07,8904.6,-1.66,6.27,13.21,8.6,1.54
2021-07-22,735,261,155,21,-5.1,130,0,13.0,12.2,77.8,44.4,121,5,28,0,15824.05,1.23,0.87,10404.7,1.09,3.31,9046.45,1.59,8.34,11.89,9.5,1.25
2021-07-23,398,596,60,48,-4.3,93,0,9.3,12.3,76.8,44.4,130,5,25,1,15856.05,0.2,0.42,10418.5,0.13,3.7,9026.25,-0.22,8.32,11.76,9.2,1.28
2021-07-26,488,507,102,37,-5.9,115,0,11.5,12.3,75.5,50.3,131,3,29,1,15824.45,-0.2,-0.23,10423.15,0.04,2.82,9059.2,0.37,8.32,12.45,9.1,1.37
2021-07-27,390,605,97,33,-9.7,105,1,10.4,11.9,74.4,46.9,141,2,27,0,15746.45,-0.49,-0.43,10376.15,-0.45,1.85,9052.45,-0.07,7.68,13.23,9.2,1.44
2021-07-28,345,649,65,39,-13.2,86,1,8.5,11.3,71.2,39.1,127,3,26,1,15709.4,-0.24,-0.25,10335.35,-0.39,1.88,9005.95,-0.51,7.24,13.69,9.1,1.5
2021-07-29,603,391,134,30,-10.8,127,1,12.6,11.1,73.3,53.6,134,5,27,1,15778.45,0.44,0.36,10411.35,0.74,2.25,9087.2,0.9,7.51,12.95,9.2,1.41
2021-07-30,518,472,81,30,-9.1,102,0,10.2,10.7,74.1,55.5,129,3,23,1,15763.05,-0.1,0.53,10506.15,0.91,3.4,9131.3,0.49,7.4,12.8,9.2,1.39
2021-08-02,654,335,146,12,-5.7,156,0,15.6,11.0,75.6,68.9,141,5,28,0,15885.15,0.77,1.04,10644.9,1.32,4.12,9206.2,0.82,7.29,12.81,9.5,1.35
2021-08-03,485,505,83,34,-3.9,149,1,14.8,11.2,75.8,65.8,129,6,23,0,16130.75,1.55,1.87,10666.15,0.2,3.89,9183.55,-0.25,5.83,13.75,10.7,1.29
2021-08-04,224,774,29,144,-2.6,59,2,5.7,11.2,72.2,41.2,119,10,19,0,16258.8,0.79,2.79,10561.7,-0.98,2.79,9081.3,-1.11,5.21,13.21,10.9,1.21
2021-08-05,323,675,42,74,-10.8,48,2,4.6,10.3,69.5,30.9,91,9,17,0,16294.6,0.22,2.61,10564.4,0.03,2.33,9032.05,-0.54,3.95,12.87,10.9,1.18
2021-08-06,519,468,73,20,-8.3,59,0,5.9,10.0,68.6,30.7,105,8,15,0,16238.2,-0.35,3.24,10567.4,0.03,2.78,9044.2,0.13,4.14,12.61,10.3,1.22
2021-08-09,298,696,40,103,-12.1,53,3,5.0,9.3,63.8,26.8,88,16,13,1,16258.25,0.12,3.62,10498.4,-0.65,1.64,8949.55,-1.05,2.49,12.61,10.2,1.24
2021-08-10,124,875,17,375,-17.5,23,3,2.0,8.5,51.4,13.2,50,19,8,0,16280.1,0.13,3.74,10379.65,-1.13,0.08,8718.0,-2.59,-1.23,12.71,10.2,1.25
2021-08-11,342,652,53,80,-17.5,21,4,1.7,7.8,47.8,14.5,45,23,5,0,16282.25,0.01,2.97,10336.3,-0.42,-0.62,8671.25,-0.54,-2.59,12.71,9.9,1.28
2021-08-12,837,159,282,8,-12.9,52,2,5.0,7.1,56.8,51.0,53,10,6,0,16364.4,0.5,3.22,10443.1,1.03,0.07,8868.65,2.28,-0.54,12.37,10.0,1.24
2021-08-13,412,581,69,38,-15.0,47,3,4.4,6.5,54.5,56.5,59,10,5,0,16529.1,1.01,3.8,10430.15,-0.12,-0.4,8862.5,-0.07,-1.3,12.99,10.4,1.25
2021-08-16,273,723,42,94,-22.7,41,6,3.5,5.3,51.0,43.2,50,18,5,0,16563.05,0.21,4.02,10394.75,-0.34,-1.01,8786.1,-0.86,-2.99,13.46,10.4,1.29
2021-08-17,341,656,48,65,-25.7,49,7,4.2,4.2,47.8,35.2,45,22,4,0,16614.6,0.31,5.47,10432.15,0.36,-0.02,8761.75,-0.28,-3.23,13.41,9.2,1.46
2021-08-18,326,665,39,58,-23.6,43,3,4.0,4.0,45.5,27.5,51,20,3,0,16568.85,-0.28,5.99,10451.65,0.19,1.54,8725.35,-0.42,-2.01,12.91,8.6,1.5
2021-08-20,126,873,20,239,-27.5,23,10,1.3,3.7,36.8,13.9,31,31,4,0,16450.5,-0.71,3.96,10256.75,-1.86,-1.42,8518.7,-2.37,-5.83,14.02,8.6,1.63
2021-08-23,163,834,26,333,-34.7,26,13,1.3,3.2,29.4,11.6,25,52,3,0,16496.45,0.28,4.04,10179.0,-0.76,-2.3,8350.15,-1.98,-7.49,13.69,8.6,1.59
2021-08-24,819,177,246,16,-24.3,21,5,1.6,2.9,35.7,31.9,25,34,3,0,16624.6,0.78,5.06,10304.4,1.23,-1.14,8522.7,2.07,-5.92,13.19,8.7,1.52
2021-08-25,601,385,102,10,-14.6,22,3,1.9,2.9,37.8,54.8,26,29,3,0,16634.65,0.06,5.64,10346.75,0.41,-0.28,8587.7,0.76,-5.13,13.5,8.3,1.63
2021-08-26,475,516,73,14,-12.0,36,3,3.3,3.1,38.0,63.8,31,20,2,0,16636.9,0.01,5.9,10365.15,0.18,0.29,8606.75,0.22,-4.43,13.54,8.1,1.67
2021-08-27,619,368,80,10,-16.2,43,0,4.3,3.0,40.2,75.5,32,22,4,0,16705.2,0.41,5.87,10463.6,0.95,0.5,8673.8,0.78,-4.55,13.41,8.1,1.66
2021-08-30,769,224,131,4,-9.1,53,0,5.3,3.1,47.5,83.0,36,25,5,0,16931.05,1.35,7.41,10655.6,1.83,1.42,8794.55,1.39,-3.69,13.32,8.8,1.51
2021-08-31,499,495,70,15,-4.6,69,0,6.9,3.4,47.8,74.0,34,27,5,0,17132.2,1.19,7.85,10726.0,0.66,0.76,8854.85,0.69,-3.82,14.52,9.2,1.58
2021-09-01,429,563,61,10,-2.7,59,0,5.9,3.6,47.2,63.2,30,29,6,0,17076.25,-0.33,5.86,10790.8,0.6,1.17,8872.75,0.2,-3.38,14.19,8.4,1.69
2021-09-02,675,319,107,3,4.2,85,0,8.5,4.0,51.6,72.3,35,16,9,0,17234.15,0.92,6.0,10877.95,0.81,2.99,8958.15,0.96,-1.36,14.24,8.5,1.68
2021-09-03,496,490,73,10,11.7,66,1,6.5,4.6,52.3,66.0,37,13,10,0,17323.6,0.52,6.31,10920.75,0.39,3.37,9006.75,0.54,-0.28,14.54,8.6,1.69
2021-09-06,472,515,76,8,18.0,68,2,6.6,5.1,53.7,61.2,39,15,8,0,17377.8,0.31,7.02,10971.1,0.46,3.82,9079.0,0.8,0.38,15.11,8.2,1.84
2021-09-07,314,681,47,24,7.9,57,2,5.5,5.5,51.7,46.4,41,14,7,0,17362.1,-0.09,6.79,10948.75,-0.2,4.29,9057.0,-0.24,1.2,14.9,8.3,1.8
2021-09-08,527,458,82,4,6.5,64,1,6.3,5.9,53.1,49.4,54,7,10,0,17353.5,-0.05,6.59,10990.15,0.38,5.88,9113.25,0.62,4.53,14.41,8.4,1.72
2021-09-09,531,457,79,9,7.6,76,0,7.6,6.3,56.1,55.2,71,4,12,0,17369.25,0.09,6.68,11027.0,0.34,6.68,9184.55,0.78,5.92,13.94,8.4,1.66
2021-09-13,528,466,92,14,5.7,90,2,8.8,6.8,58.2,59.1,57,6,10,0,17355.3,-0.08,6.06,11082.75,0.51,6.13,9252.85,0.74,4.33,14.03,8.5,1.65
2021-09-14,598,394,92,8,2.3,85,2,8.3,7.1,61.3,69.5,57,6,12,0,17380.0,0.14,5.15,11219.15,1.23,7.56,9299.4,0.5,4.93,13.58,8.0,1.7
2021-09-15,630,364,98,13,4.9,92,1,9.1,7.3,65.8,72.4,64,3,16,0,17519.45,0.8,5.77,11328.95,0.98,8.99,9362.45,0.68,6.56,13.73,8.3,1.65
2021-09-16,424,567,71,23,4.8,69,0,6.9,7.4,64.8,60.3,75,1,15,0,17629.5,0.63,6.11,11372.75,0.39,9.02,9360.05,-0.03,6.83,14.41,8.4,1.72
2021-09-17,272,721,34,65,-3.2,40,0,4.0,7.0,59.3,39.2,68,0,15,0,17585.15,-0.25,6.13,11223.5,-1.31,7.38,9293.3,-0.71,6.51,15.23,8.3,1.83
2021-09-20,152,846,26,154,-10.2,28,0,2.8,6.6,49.3,16.6,69,1,17,0,17396.9,-1.07,5.75,11011.8,-1.89,7.36,9113.15,-1.94,6.98,17.49,9.0,1.94
2021-09-21,503,486,67,16,-9.6,47,0,4.7,6.4,49.8,22.6,105,1,24,0,17562.0,0.95,6.46,11067.15,0.5,8.73,9116.75,0.04,9.18,16.52,9.3,1.78
2021-09-22,716,275,124,6,-1.5,66,0,6.6,6.5,56.4,45.5,99,1,25,0,17546.65,-0.09,5.55,11225.3,1.43,8.94,9232.3,1.27,8.33,16.49,9.2,1.79
2021-09-23,656,339,87,10,1.0,83,0,8.3,6.7,61.4,67.5,100,1,26,0,17822.95,1.57,7.14,11370.6,1.29,9.9,9311.3,0.86,8.43,16.6,10.3,1.61
2021-09-24,291,703,44,21,-3.9,55,0,5.5,6.5,57.0,53.1,102,1,22,0,17853.2,0.17,7.31,11293.15,-0.68,8.95,9305.1,-0.07,8.11,16.92,10.2,1.66
2021-09-27,426,563,80,17,-5.9,72,0,7.2,6.3,57.8,48.0,98,1,17,0,17855.1,0.01,6.88,11282.3,-0.1,7.82,9320.2,0.16,7.45,18.05,10.3,1.75
2021-09-28,359,630,55,27,-10.7,57,0,5.7,6.1,56.5,37.1,81,0,15,0,17748.6,-0.6,4.83,11209.05,-0.65,5.19,9276.3,-0.47,5.48,18.54,10.1,1.84
2021-09-29,552,439,85,10,-12.2,66,0,6.6,5.8,59.2,47.1,87,0,16,0,17711.3,-0.21,3.38,11304.6,0.85,5.39,9301.25,0.27,5.04,18.84,9.5,1.98
2021-09-30,511,483,72,7,-10.5,69,0,6.9,5.8,60.8,55.4,91,0,17,0,17618.15,-0.53,3.17,11361.35,0.5,5.29,9364.5,0.68,5.54,18.4,9.7,1.9
2021-10-01,494,492,82,10,-6.0,71,0,7.1,6.1,62.8,54.4,88,1,17,0,17532.05,-0.49,1.73,11372.25,0.1,4.54,9391.6,0.29,4.84,17.21,9.5,1.81
2021-10-04,742,245,157,2,6.0,115,0,11.5,7.0,68.8,74.0,95,1,17,0,17691.25,0.91,2.12,11547.25,1.54,5.74,9525.8,1.43,5.76,16.74,9.8,1.71
2021-10-05,568,416,110,5,7.3,108,0,10.8,7.6,73.5,74.5,107,1,19,0,17822.3,0.74,2.56,11599.15,0.45,5.72,9578.15,0.55,5.5,16.4,10.1,1.62
2021-10-06,261,733,47,69,-1.8,49,0,4.9,7.5,69.4,49.0,92,2,15,0,17646.0,-0.99,1.64,11501.05,-0.85,5.04,9496.1,-0.86,4.85,17.33,10.8,1.6
2021-10-07,705,284,124,7,-0.8,93,0,9.3,7.6,74.8,63.3,98,2,13,0,17790.35,0.82,2.52,11712.45,1.84,6.57,9607.8,1.18,5.43,16.16,11.1,1.46
2021-10-08,494,496,82,16,3.3,89,0,8.9,7.9,74.9,56.6,91,2,13,0,17895.2,0.59,3.03,11770.3,0.49,6.74,9684.95,0.8,5.45,15.65,11.2,1.4
2021-10-11,535,459,91,19,5.4,114,0,11.4,8.3,76.5,60.6,94,2,12,0,17945.95,0.28,3.4,11835.95,0.56,6.8,9789.3,1.08,5.8,16.09,11.2,1.44
2021-10-12,485,509,81,26,7.9,107,0,10.7,8.8,76.3,59.6,96,2,11,0,17991.95,0.26,3.52,11875.0,0.33,5.85,9851.35,0.63,5.94,15.85,11.2,1.42
2021-10-13,515,472,91,27,7.2,102,0,10.2,9.2,79.5,58.2,94,4,13,0,18161.75,0.94,3.67,12021.6,1.23,6.11,9878.55,0.28,5.51,16.1,11.3,1.42
2021-10-14,469,522,82,20,6.4,109,0,10.9,9.6,79.8,56.5,95,4,14,0,18338.55,0.97,4.02,12096.4,0.62,6.36,9931.15,0.53,6.1,15.77,11.6,1.36
2021-10-18,528,468,110,30,7.0,132,1,13.1,10.2,80.8,55.7,115,3,23,0,18477.05,0.76,5.07,12218.85,1.01,8.87,10013.65,0.83,7.75,17.19,11.6,1.48
2021-10-19,158,835,26,224,-4.8,56,1,5.5,9.6,73.6,28.8,105,2,19,1,18418.75,-0.32,5.87,11979.9,-1.96,8.79,9828.9,-1.84,7.85,17.38,10.7,1.62
2021-10-20,164,833,21,153,-13.0,21,1,2.0,8.7,66.8,14.6,85,2,18,1,18266.6,-0.83,4.01,11735.8,-2.04,6.04,9627.35,-2.05,5.6,18.31,11.1,1.65
2021-10-21,446,546,60,71,-9.3,31,1,3.0,8.5,64.2,18.4,67,2,13,1,18178.1,-0.48,3.6,11668.3,-0.58,3.95,9560.9,-0.69,3.56,18.04,11.3,1.6
2021-10-22,295,698,36,98,-17.5,22,3,1.9,7.8,59.5,16.9,57,1,11,1,18114.9,-0.35,1.64,11579.9,-0.76,1.84,9456.9,-1.09,1.56,17.55,10.2,1.72
2021-10-25,204,794,34,177,-23.4,16,9,0.7,6.9,50.4,15.7,47,5,11,1,18125.4,0.06,1.52,11393.65,-1.61,0.89,9284.0,-1.83,-0.23,17.61,10.2,1.73
2021-10-26,805,190,182,11,-18.0,27,2,2.5,6.1,58.0,45.8,57,1,15,1,18268.4,0.79,2.31,11586.05,1.69,2.69,9508.5,2.42,2.02,16.75,10.5,1.6
2021-10-27,498,493,90,21,-17.7,40,1,3.9,5.4,59.5,54.8,65,1,12,1,18210.95,-0.31,2.6,11598.8,0.11,3.48,9558.3,0.52,3.04,16.83,10.3,1.63
2021-10-28,148,852,27,140,-25.2,14,4,1.0,4.5,50.1,29.8,49,3,7,1,17857.25,-1.94,0.82,11407.35,-1.65,0.91,9408.25,-1.57,1.15,17.91,12.7,1.41
2021-10-29,409,582,54,37,-26.4,25,6,1.9,3.6,48.7,32.5,36,2,5,1,17671.65,-1.04,0.3,11390.85,-0.14,0.26,9376.85,-0.33,0.13,17.43,13.1,1.33
2021-11-01,710,282,151,20,-22.7,47,4,4.3,2.7,54.5,52.4,48,4,12,1,17929.65,1.46,2.27,11579.45,1.66,1.82,9474.95,1.05,0.89,17.24,13.9,1.24
2021-11-02,632,357,130,25,-13.2,62,3,5.9,2.7,57.2,67.3,52,5,9,0,17888.95,-0.23,1.12,11683.65,0.9,1.18,9588.3,1.2,0.66,17.06,13.6,1.25
2021-11-03,392,598,56,35,-8.5,58,5,5.3,3.0,54.8,62.8,53,8,7,0,17829.2,-0.33,0.04,11654.3,-0.25,0.48,9556.2,-0.33,-0.23,16.13,13.4,1.2
2021-11-04,887,108,65,7,0.3,73,0,7.3,3.5,59.7,83.3,63,4,11,1,17916.8,0.49,1.53,11759.45,0.9,2.25,9683.85,1.34,1.98,15.75,13.0,1.21
2021-11-08,546,450,108,25,5.3,94,1,9.3,4.2,62.6,70.7,65,7,9,1,18068.55,0.85,1.56,11891.35,1.12,1.53,9760.35,0.79,1.59,16.34,13.0,1.26
2021-11-09,596,391,82,14,13.2,83,1,8.2,5.0,64.1,71.6,62,6,9,1,18044.25,-0.13,0.83,12010.8,1.0,2.04,9800.35,0.41,1.19,16.0,12.9,1.24
2021-11-10,404,587,69,30,5.2,64,3,6.1,5.3,62.0,57.9,56,8,8,0,18017.2,-0.15,0.4,11965.0,-0.38,1.09,9795.95,-0.04,0.07,16.31,12.9,1.26
2021-11-11,307,683,48,39,1.4,54,5,4.9,5.4,59.5,38.7,51,11,6,0,17873.6,-0.8,-0.66,11887.3,-0.65,0.1,9745.55,-0.51,-1.07,16.35,13.2,1.24
2021-11-12,459,530,63,43,7.7,54,5,4.9,5.8,58.8,38.8,52,9,5,0,18102.75,1.28,-0.32,11944.3,0.48,-0.64,9778.6,0.34,-1.01,15.22,13.5,1.13
2021-11-15,315,679,63,98,5.8,57,7,5.0,6.1,54.1,33.1,42,14,6,0,18109.45,0.04,-1.25,11985.45,0.34,-0.92,9756.25,-0.23,-1.76,15.47,13.0,1.19
2021-11-16,447,540,83,25,0.6,49,12,3.7,6.1,53.4,33.4,45,12,8,0,17999.2,-0.61,-2.59,11960.8,-0.21,-2.11,9784.4,0.29,-2.29,15.2,12.8,1.19
2021-11-17,368,620,61,27,-4.6,63,13,5.0,6.0,51.7,33.3,59,9,10,0,17898.65,-0.56,-2.82,11908.55,-0.44,-0.6,9776.35,-0.08,-0.53,14.98,12.9,1.16
2021-11-18,160,837,30,99,-9.4,22,15,0.7,5.5,44.7,19.4,54,6,11,0,17764.8,-0.75,-2.75,11733.35,-1.47,-0.02,9620.55,-1.59,-0.07,14.86,12.8,1.16
2021-11-22,103,895,19,355,-25.1,15,27,-1.2,4.7,32.9,8.0,42,15,8,0,17416.55,-1.96,-4.19,11406.6,-2.78,-2.24,9362.65,-2.68,-2.07,17.52,14.4,1.22
2021-11-23,827,167,195,4,-19.4,33,5,2.8,4.0,39.5,25.7,64,7,12,0,17503.35,0.5,-3.38,11580.95,1.53,0.01,9541.85,1.91,0.9,18.02,14.6,1.23
2021-11-24,534,455,86,7,-20.7,34,6,2.8,3.5,40.2,43.5,75,6,15,0,17415.05,-0.5,-3.92,11547.6,-0.29,1.35,9588.15,0.49,3.28,17.1,14.6,1.17
2021-11-25,607,383,129,6,-16.6,54,3,5.1,3.4,42.4,65.9,78,8,13,0,17536.25,0.7,-4.01,11600.75,0.46,0.13,9670.2,0.86,1.7,16.66,14.5,1.15
2021-11-26,131,868,37,319,-20.2,19,12,0.7,3.0,30.1,25.0,55,10,13,0,17026.45,-2.91,-6.5,11257.5,-2.96,-2.94,9390.65,-2.89,-1.75,20.8,17.5,1.19
2021-11-29,164,832,30,288,-26.2,10,34,-2.4,2.2,25.5,14.7,49,10,9,0,17053.95,0.16,-4.5,11138.65,-1.06,-2.36,9154.2,-2.52,-2.7,20.83,16.5,1.26
2021-11-30,592,399,101,41,-20.6,11,22,-1.1,1.6,27.6,21.4,46,6,12,0,16983.2,-0.41,-3.9,11223.55,0.76,-1.47,9336.2,1.99,-0.43,21.17,16.2,1.31
2021-12-01,583,410,82,25,-18.0,27,11,1.6,1.4,28.4,35.4,53,7,17,0,17166.9,1.08,-4.25,11315.6,0.82,-2.28,9363.95,0.3,-1.17,19.45,15.7,1.24
2021-12-02,745,246,131,15,-10.5,37,2,3.5,1.2,32.0,73.2,58,4,15,0,17401.65,1.37,-2.72,11447.95,1.17,-2.02,9465.85,1.09,-1.28,18.09,16.7,1.08
2021-12-03,505,484,80,18,-3.5,31,4,2.7,1.5,32.2,75.1,59,3,12,0,17196.7,-1.18,-3.55,11426.85,-0.18,-1.95,9519.3,0.56,-0.39,18.46,17.1,1.08
2021-12-06,203,788,57,71,-1.4,28,14,1.4,1.7,29.8,39.1,57,5,17,0,16912.25,-1.65,-5.61,11279.65,-1.29,-4.08,9400.75,-1.25,-2.92,20.08,17.7,1.13
2021-12-07,774,220,112,21,-2.5,35,3,3.2,1.8,33.8,60.4,58,4,15,0,17176.7,1.56,-4.94,11414.8,1.2,-4.01,9516.95,1.24,-2.49,18.46,18.5,1.0
2021-12-08,777,218,113,17,2.3,47,1,4.6,1.9,38.7,77.1,60,3,17,0,17469.75,1.71,-3.18,11585.65,1.5,-3.54,9658.85,1.49,-1.44,17.27,19.7,0.88
2021-12-09,603,389,98,12,2.2,36,2,3.4,1.8,42.9,80.7,62,2,19,0,17516.85,0.27,-2.78,11651.9,0.57,-2.62,9747.35,0.92,-0.5,16.6,19.8,0.84
2021-12-10,591,395,102,13,11.6,47,2,4.5,2.1,46.6,81.4,68,2,24,0,17511.3,-0.03,-2.03,11729.1,0.66,-1.33,9835.9,0.91,0.93,16.06,19.6,0.82
2021-12-13,410,584,85,26,16.5,54,2,5.2,2.9,46.6,63.9,71,1,21,0,17368.25,-0.82,-4.06,11725.35,-0.03,-1.83,9837.9,0.02,0.61,16.57,19.1,0.87
2021-12-14,447,546,87,29,13.6,56,4,5.2,3.5,45.4,51.8,82,2,22,0,17324.9,-0.25,-4.33,11694.0,-0.27,-2.43,9867.7,0.3,1.14,16.95,19.0,0.89
2021-12-15,348,645,67,30,8.9,50,2,4.8,3.9,44.2,38.3,75,2,23,0,17221.4,-0.6,-4.32,11630.4,-0.54,-2.76,9833.55,-0.35,0.5,17.22,19.0,0.91
2021-12-16,277,717,41,59,-0.5,35,6,2.9,3.8,41.4,27.0,75,3,21,0,17248.4,0.16,-3.63,11558.8,-0.62,-2.94,9737.8,-0.97,-0.39,15.9,19.0,0.84
2021-12-17,122,876,19,212,-8.3,19,14,0.5,3.6,34.4,12.8,61,2,19,0,16985.2,-1.53,-4.39,11325.65,-2.02,-3.47,9515.75,-2.28,-1.09,16.34,19.5,0.84
2021-12-20,60,939,13,455,-11.2,8,32,-2.4,3.2,25.0,5.7,62,5,17,0,16614.2,-2.18,-4.61,10941.55,-3.39,-4.08,9185.1,-3.47,-1.9,18.97,19.8,0.96
2021-12-21,749,244,123,24,-11.7,16,13,0.3,2.9,30.4,15.6,55,5,15,0,16770.85,0.94,-4.18,11083.1,1.29,-4.3,9299.65,1.25,-2.54,17.54,20.1,0.87
2021-12-22,802,191,136,8,-11.2,24,1,2.3,2.7,35.2,46.3,64,7,15,0,16955.45,1.1,-2.64,11247.2,1.48,-2.6,9453.55,1.65,-1.4,16.58,20.6,0.8
2021-12-23,650,344,89,12,-10.3,26,0,2.6,2.6,38.8,75.7,52,7,12,0,17072.6,0.69,-2.64,11342.65,0.85,-2.22,9528.15,0.79,-1.47,15.83,20.6,0.77
2021-12-24,246,743,44,23,-17.2,29,2,2.7,2.4,36.3,62.5,60,5,15,0,17003.75,-0.4,-0.13,11232.25,-0.97,-0.22,9466.4,-0.65,0.81,16.15,17.8,0.91
2021-12-27,537,457,99,20,-14.6,47,8,3.9,2.3,39.0,55.1,91,4,22,0,17086.25,0.49,0.19,11269.05,0.33,1.17,9502.55,0.38,3.81,17.12,17.8,0.96
2021-12-28,793,198,134,6,-7.7,48,2,4.6,2.2,45.0,76.8,111,3,27,0,17233.25,0.86,1.47,11396.5,1.13,1.54,9643.8,1.49,3.29,16.48,18.0,0.92
2021-12-29,510,480,87,19,-4.4,45,1,4.4,2.2,48.4,71.0,101,5,22,0,17213.6,-0.11,0.27,11412.7,0.14,0.86,9712.35,0.71,3.72,16.24,17.6,0.92
2021-12-30,399,595,75,20,-2.0,46,1,4.5,2.3,49.6,62.2,89,4,30,0,17203.95,-0.06,-1.14,11395.65,-0.15,-0.46,9726.6,0.15,2.75,16.57,16.9,0.98
2021-12-31,721,273,93,11,10.0,57,2,5.5,2.8,54.8,75.5,89,4,28,0,17354.05,0.87,0.92,11543.55,1.3,1.02,9840.0,1.17,3.37,16.22,16.6,0.98
2022-01-03,722,269,151,8,23.4,82,0,8.2,3.9,61.4,83.1,108,3,38,0,17625.7,1.57,4.22,11673.45,1.13,3.49,9966.35,1.28,6.02,16.45,16.2,1.02
2022-01-04,484,506,95,35,18.1,65,0,6.5,4.5,62.3,74.1,94,2,33,0,17805.25,1.02,3.66,11702.1,0.25,2.52,10018.45,0.52,5.27,16.12,15.7,1.03
2022-01-05,479,516,81,28,11.6,59,1,5.8,4.9,65.6,65.3,82,2,30,0,17925.25,0.67,2.61,11705.05,0.03,1.03,10024.3,0.06,3.78,17.23,14.8,1.16
2022-01-06,457,529,96,15,7.8,63,0,6.3,5.2,65.3,58.3,90,4,32,0,17745.9,-1.0,1.31,11698.7,-0.05,0.4,10034.95,0.11,2.95,17.98,15.3,1.18
2022-01-07,510,484,100,19,13.1,61,1,6.0,5.6,67.5,55.7,93,4,33,0,17812.7,0.38,1.72,11741.95,0.37,0.11,10076.6,0.42,2.45,17.6,15.3,1.15
2022-01-10,673,318,153,16,15.8,85,1,8.4,6.0,72.6,67.1,106,2,33,0,18003.3,1.07,3.66,11820.4,0.67,0.81,10218.3,1.41,3.87,17.68,15.3,1.16
2022-01-11,401,587,88,54,8.0,68,2,6.6,6.2,72.1,58.3,99,2,34,0,18055.75,0.29,4.22,11839.3,0.16,1.24,10228.8,0.1,3.66,17.76,15.2,1.17
2022-01-12,540,449,77,46,8.6,51,2,4.9,6.3,75.6,60.1,98,1,27,0,18212.35,0.87,5.75,11980.05,1.19,3.01,10292.35,0.62,4.67,17.18,15.1,1.14
2022-01-13,540,447,83,34,11.5,58,4,5.4,6.4,79.1,62.1,111,1,29,0,18257.8,0.25,5.85,12039.9,0.5,4.16,10352.6,0.59,6.31,16.71,15.1,1.11
2022-01-14,585,410,110,17,8.8,79,2,7.7,6.6,79.5,64.9,145,1,46,0,18255.75,-0.01,7.48,12036.1,-0.03,6.27,10424.0,0.69,9.54,16.56,13.5,1.23
2022-01-17,600,394,135,24,6.3,101,3,9.8,6.7,80.9,69.4,230,1,72,0,18308.1,0.29,10.2,12073.15,0.31,10.34,10471.85,0.46,14.01,16.77,9.6,1.75
2022-01-18,154,844,32,161,-0.4,30,4,2.6,6.4,74.4,33.0,177,2,51,0,18113.05,-1.07,8.0,11848.7,-1.86,6.91,10257.8,-2.04,10.3,17.78,10.9,1.63
2022-01-19,473,520,73,50,-0.5,52,5,4.7,6.2,72.7,34.3,161,2,46,0,17938.4,-0.96,5.8,11830.6,-0.15,5.19,10281.15,0.23,8.75,17.82,11.5,1.55
2022-01-20,464,527,83,37,-0.4,66,8,5.8,6.2,71.6,35.7,162,1,50,0,17757.0,-1.01,4.01,11801.2,-0.25,4.04,10269.25,-0.12,7.78,17.79,12.3,1.45
2022-01-21,139,859,14,159,-7.9,18,14,0.4,5.6,64.2,17.4,149,5,39,0,17617.15,-0.79,3.61,11551.65,-2.11,2.84,10076.85,-1.87,6.45,18.89,12.6,1.5
2022-01-24,34,966,4,630,-20.7,7,31,-2.4,4.6,42.8,4.4,83,9,25,0,17149.1,-2.66,0.37,11125.05,-3.69,-1.28,9611.5,-4.62,1.15,22.83,16.1,1.42
2022-01-25,703,295,147,51,-14.8,13,11,0.2,3.9,49.3,12.6,91,10,19,0,17277.95,0.75,0.26,11221.2,0.86,-1.54,9713.45,1.06,0.72,21.36,16.1,1.33
2022-01-27,415,581,82,75,-17.4,19,23,-0.4,3.4,48.8,22.3,89,11,25,0,17110.15,-0.97,-0.6,11095.15,-1.12,-2.78,9668.55,-0.46,-0.45,21.07,16.4,1.28
2022-01-28,604,384,92,43,-16.1,17,4,1.3,3.0,51.8,45.1,85,10,20,0,17101.95,-0.05,-0.59,11242.35,1.33,-1.35,9719.7,0.53,-0.07,20.7,16.4,1.26
2022-01-31,591,401,83,48,-15.9,22,8,1.4,2.3,54.7,65.5,81,14,19,1,17339.85,1.39,-0.08,11413.65,1.52,-1.13,9813.1,0.96,-0.27,21.95,16.9,1.3
2022-02-01,581,413,98,38,-16.3,19,5,1.4,1.5,57.5,65.5,67,13,13,1,17576.85,1.37,-0.28,11531.3,1.03,-1.22,9886.6,0.75,-0.8,19.98,16.7,1.2
2022-02-02,778,211,163,19,-3.7,47,1,4.6,1.7,63.8,79.4,70,11,16,1,17780.0,1.16,-0.14,11661.7,1.13,-0.35,10051.3,1.67,0.33,18.65,16.8,1.11
2022-02-03,371,624,64,22,-5.8,34,2,3.2,1.6,62.7,68.2,65,9,15,1,17560.2,-1.24,-2.04,11547.6,-0.98,-1.35,10050.15,-0.01,0.26,19.16,17.2,1.11
2022-02-04,347,644,62,27,-8.2,36,4,3.2,1.3,60.3,48.2,59,10,14,0,17516.3,-0.25,-1.29,11459.35,-0.76,-2.05,9991.3,-0.59,-0.43,18.9,16.8,1.12
2022-02-07,277,718,48,83,-5.4,34,14,2.0,1.5,54.1,31.6,56,10,10,0,17213.6,-1.73,-3.36,11357.55,-0.89,-3.27,9882.3,-1.09,-1.93,20.44,17.7,1.15
2022-02-08,213,783,21,110,-1.7,13,13,0.0,1.7,47.6,18.6,38,14,6,0,17266.75,0.31,-4.09,11268.15,-0.79,-4.67,9732.9,-1.51,-4.75,19.69,17.2,1.14
2022-02-09,588,405,60,43,-4.0,24,13,1.1,1.8,50.4,33.5,28,19,7,0,17463.8,1.14,-3.28,11394.0,1.12,-3.76,9766.05,0.34,-4.52,18.56,17.8,1.04
2022-02-10,503,488,64,45,-2.2,21,12,0.9,1.9,49.5,41.7,29,18,5,0,17605.85,0.81,-3.33,11419.95,0.23,-4.68,9781.05,0.15,-4.97,17.71,17.8,0.99
2022-02-11,145,849,21,118,-11.4,10,22,-1.2,1.7,42.3,21.2,22,26,3,0,17374.75,-1.31,-4.84,11197.15,-1.95,-7.0,9596.15,-1.89,-7.31,18.68,18.2,1.03
2022-02-14,41,958,7,578,-22.5,3,62,-5.9,0.9,24.0,3.9,11,52,2,0,16842.8,-3.06,-7.74,10768.5,-3.83,-10.53,9187.6,-4.26,-11.86,22.98,20.8,1.1
2022-02-15,802,195,178,27,-18.1,3,20,-1.7,0.6,32.3,18.8,11,43,2,2,17352.45,3.03,-5.22,11045.45,2.57,-8.51,9370.05,1.99,-10.52,20.61,23.9,0.86
2022-02-16,587,404,103,16,-21.9,8,12,-0.4,0.1,34.5,37.9,19,32,2,1,17322.2,-0.17,-4.37,11027.35,-0.16,-6.93,9440.8,0.76,-7.96,20.59,23.7,0.87
2022-02-17,290,707,38,46,-23.6,5,24,-1.9,-0.4,32.6,39.7,20,38,2,1,17304.6,-0.1,-3.53,10997.15,-0.27,-7.04,9370.3,-0.75,-8.86,22.01,23.6,0.93
2022-02-18,250,742,32,38,-25.5,6,31,-2.5,-1.0,30.2,35.4,17,46,2,0,17276.3,-0.16,-2.71,10903.35,-0.85,-7.61,9293.55,-0.82,-9.5,22.17,23.4,0.95
2022-02-21,117,881,12,256,-28.8,5,69,-6.4,-1.8,22.8,11.8,17,47,2,0,17206.65,-0.4,-2.33,10778.4,-1.15,-6.69,9052.95,-2.59,-10.16,22.9,23.3,0.98
2022-02-22,156,837,16,200,-29.9,5,86,-8.1,-2.6,16.8,9.1,22,38,3,0,17092.2,-0.67,-0.33,10676.5,-0.95,-4.03,8877.55,-1.94,-7.64,26.66,21.3,1.25
2022-02-23,715,277,132,11,-27.3,7,31,-2.4,-3.0,20.6,22.4,24,30,3,0,17063.25,-0.17,-1.24,10717.0,0.38,-4.49,8982.9,1.19,-7.52,24.54,21.1,1.16
2022-02-24,11,989,2,810,-37.3,0,134,-13.4,-4.4,8.2,2.2,12,92,2,1,16247.95,-4.78,-5.04,10138.4,-5.4,-8.62,8454.95,-5.88,-12.55,31.98,27.1,1.18
2022-02-25,940,60,551,12,-21.4,5,4,0.1,-4.3,14.7,38.1,17,48,2,1,16658.4,2.53,-2.59,10531.45,3.88,-6.32,8815.2,4.26,-9.31,26.74,28.8,0.93
2022-02-28,665,328,115,22,-8.9,12,10,0.2,-3.6,18.5,63.4,21,38,4,1,16793.9,0.81,-3.15,10621.0,0.85,-6.94,8887.65,0.82,-9.43,28.57,28.5,1.0
2022-03-02,450,543,77,33,-15.9,11,12,-0.1,-3.5,17.5,63.6,21,47,5,1,16605.95,-1.12,-5.52,10595.85,-0.24,-8.11,8911.1,0.26,-9.87,29.23,28.1,1.04
2022-03-03,540,447,85,34,-16.8,14,20,-0.6,-3.5,17.8,73.6,22,56,6,0,16498.05,-0.65,-7.21,10567.8,-0.26,-9.38,8945.3,0.38,-11.0,28.16,27.6,1.02
2022-03-04,179,813,19,102,-18.9,7,46,-3.9,-3.7,16.8,32.8,21,70,5,1,16245.35,-1.53,-7.49,10351.45,-2.05,-10.36,8804.1,-1.58,-12.4,27.96,27.7,1.01
2022-03-07,134,866,19,259,-21.3,6,77,-7.1,-4.2,12.4,15.5,16,113,4,1,15863.15,-2.35,-9.44,10124.05,-2.2,-11.65,8599.35,-2.33,-13.93,29.33,28.6,1.03
2022-03-08,767,226,125,16,-8.3,5,29,-2.4,-3.8,15.0,33.5,12,68,2,1,16013.45,0.95,-6.97,10231.6,1.06,-9.91,8717.05,1.37,-11.79,28.59,28.7,1.0
2022-03-09,855,139,232,5,5.7,9,2,0.7,-2.9,19.8,74.0,17,31,5,0,16345.35,2.07,-5.34,10439.35,2.03,-7.36,8899.85,2.1,-8.56,27.47,29.8,0.92
2022-03-10,705,288,118,15,5.5,12,3,0.9,-2.6,22.9,87.8,16,28,3,0,16594.9,1.53,-4.98,10547.65,1.04,-7.43,9025.4,1.41,-7.58,25.58,30.1,0.85
2022-03-11,600,391,116,12,17.3,25,4,2.1,-1.0,26.3,87.1,15,21,3,0,16630.45,0.21,-5.54,10604.65,0.54,-7.14,9105.9,0.89,-6.9,25.35,29.9,0.85
2022-03-14,448,549,90,28,7.5,32,9,2.3,-0.8,27.4,70.0,25,20,2,0,16871.3,1.45,-2.9,10619.55,0.14,-5.16,9143.55,0.41,-4.72,25.68,30.2,0.85
2022-03-15,265,728,41,81,-0.5,14,6,0.8,-0.7,24.5,39.9,35,12,1,0,16663.0,-1.23,-1.07,10534.25,-0.8,-2.18,9067.95,-0.83,-1.3,26.73,28.5,0.94
2022-03-16,772,215,112,12,6.0,25,3,2.2,-0.5,30.1,59.7,33,8,2,0,16975.35,1.87,-2.17,10739.8,1.95,-2.77,9168.55,1.11,-2.15,24.12,27.1,0.89
2022-03-17,669,322,117,20,8.6,32,6,2.6,-0.2,34.3,70.9,28,9,1,0,17287.05,1.84,-0.2,10870.5,1.22,-1.42,9276.95,1.18,-1.74,22.61,28.0,0.81
2022-03-21,427,563,80,28,13.6,49,6,4.3,0.6,36.3,63.5,31,11,2,0,17117.6,-0.98,-1.08,10857.0,-0.12,-1.27,9301.5,0.26,-0.73,24.62,28.2,0.87
2022-03-22,483,507,63,16,20.6,45,10,3.5,1.7,37.4,62.5,42,15,2,0,17315.5,1.16,0.23,10871.5,0.13,-0.29,9330.35,0.31,0.4,24.07,28.5,0.84
2022-03-23,391,594,48,29,13.2,31,8,2.3,2.2,38.0,48.9,57,10,6,0,17245.65,-0.4,0.23,10909.4,0.35,1.22,9316.45,-0.15,2.91,24.75,28.5,0.87
2022-03-24,413,579,57,21,4.4,32,6,2.6,2.4,40.3,44.5,72,7,8,0,17222.75,-0.13,0.76,10966.35,0.52,2.71,9347.7,0.34,5.3,23.93,28.4,0.84
2022-03-25,296,695,41,29,-3.8,25,16,0.9,2.4,38.4,33.9,59,10,6,0,17153.0,-0.4,0.53,10943.65,-0.21,2.11,9311.1,-0.39,3.65,23.43,28.5,0.82
2022-03-28,295,703,53,87,-10.0,41,35,0.6,2.2,36.8,28.7,136,6,21,0,17222.0,0.4,5.99,10926.0,-0.16,7.77,9256.45,-0.59,9.48,22.61,21.7,1.04
2022-03-29,487,505,99,37,-9.1,41,37,0.4,2.0,39.1,39.4,101,12,12,0,17325.3,0.6,4.0,10992.45,0.61,4.38,9312.05,0.6,5.64,21.3,20.1,1.06
2022-03-30,643,352,119,24,-1.6,26,17,0.9,2.0,43.3,55.4,84,11,7,0,17498.25,1.0,4.19,11091.8,0.9,4.43,9396.5,0.91,5.73,20.61,20.2,1.02
2022-03-31,420,577,68,24,-8.7,29,26,0.3,1.8,46.0,53.0,72,10,6,0,17464.75,-0.19,5.17,11131.1,0.35,5.05,9441.45,0.48,5.95,20.56,19.7,1.04
2022-04-01,828,170,279,8,-5.6,42,0,4.2,2.0,55.7,87.3,82,7,10,0,17670.45,1.18,7.11,11272.8,1.27,6.67,9620.15,1.89,7.54,18.44,19.6,0.94
2022-04-04,784,210,170,5,1.5,56,0,5.6,2.1,66.0,89.7,111,6,13,0,18053.4,2.17,11.13,11440.0,1.48,10.52,9766.85,1.52,10.94,17.91,19.3,0.93
2022-04-05,675,318,139,11,5.3,52,0,5.2,2.3,74.4,87.5,177,5,21,0,17957.4,-0.53,13.2,11609.05,1.48,14.67,9860.05,0.95,14.66,18.49,16.5,1.12
2022-04-06,573,421,112,15,8.8,73,0,7.3,2.8,77.9,81.3,158,5,24,0,17807.65,-0.83,11.2,11660.7,0.44,13.97,9902.0,0.43,13.59,19.02,17.2,1.11
2022-04-07,349,642,63,59,7.6,36,0,3.6,2.9,77.5,60.1,111,6,13,0,17639.55,-0.94,7.92,11558.0,-0.88,10.72,9859.2,-0.43,10.78,19.0,17.0,1.12
2022-04-08,707,283,87,12,15.8,56,1,5.5,3.4,81.7,67.6,112,5,16,0,17784.35,0.82,7.17,11666.85,0.94,10.61,9934.75,0.77,10.08,17.69,16.6,1.07
2022-04-11,536,454,90,14,20.7,69,1,6.8,4.0,82.9,63.2,108,5,16,0,17674.95,-0.62,6.28,11747.9,0.69,10.78,9966.55,0.32,9.45,18.27,16.9,1.08
2022-04-12,185,812,28,54,14.6,37,0,3.7,4.3,77.1,35.5,90,5,13,0,17530.3,-0.82,3.91,11537.65,-1.79,8.65,9825.2,-1.42,7.45,18.16,16.8,1.08
2022-04-13,529,459,87,12,12.4,54,1,5.3,4.8,77.2,43.1,116,3,17,0,17475.65,-0.31,4.88,11527.4,-0.09,9.43,9857.95,0.33,8.71,17.79,16.1,1.1
2022-04-18,358,641,85,73,11.1,80,2,7.8,5.5,71.6,33.4,113,3,20,0,17173.65,-1.73,1.17,11395.9,-1.14,6.11,9770.8,-0.88,6.57,19.34,16.3,1.19
2022-04-19,233,757,28,123,-0.7,26,4,2.2,5.3,67.2,23.8,81,0,14,0,16958.65,-1.25,-1.9,11258.15,-1.21,3.57,9620.7,-1.54,3.71,19.78,15.6,1.27
2022-04-20,539,449,76,25,-5.5,32,3,2.9,5.0,70.1,34.3,83,2,13,0,17136.55,1.05,0.11,11329.8,0.64,4.35,9622.75,0.02,3.45,18.67,15.7,1.19
2022-04-21,748,239,123,11,-4.0,53,0,5.3,5.0,76.3,58.3,106,0,17,0,17392.6,1.49,0.45,11447.05,1.03,5.29,9744.85,1.27,4.44,17.85,16.1,1.11
2022-04-22,331,653,53,34,-8.7,44,2,4.2,4.7,73.9,52.0,105,1,18,0,17171.95,-1.27,-0.43,11352.15,-0.83,4.06,9720.3,-0.25,4.33,18.35,16.7,1.1
2022-04-25,149,849,28,195,-12.8,18,10,0.8,4.5,65.1,24.3,81,2,18,0,16953.95,-1.27,-1.56,11146.25,-1.81,1.64,9526.05,-2.0,1.91,21.26,17.2,1.24
2022-04-26,631,362,94,26,-14.4,28,6,2.2,4.1,69.5,37.4,96,5,18,0,17200.8,1.46,0.28,11307.3,1.44,3.32,9623.75,1.03,3.36,19.19,18.0,1.07
2022-04-27,263,733,46,62,-19.9,19,9,1.0,3.5,65.2,27.1,109,4,18,1,17038.4,-0.94,-1.07,11213.4,-0.83,2.63,9568.55,-0.57,3.37,20.61,18.3,1.13
2022-04-28,501,488,47,51,-13.5,13,7,0.6,3.2,66.8,39.4,104,6,21,0,17245.05,1.21,-0.46,11279.45,0.59,2.61,9593.75,0.26,3.03,19.38,18.7,1.04
2022-04-29,279,710,35,82,-18.5,13,8,0.5,2.8,62.8,31.7,83,6,18,1,17102.55,-0.83,-2.26,11201.95,-0.69,0.99,9493.3,-1.05,1.03,19.42,18.5,1.05
2022-05-02,309,682,46,70,-19.4,20,12,0.8,2.1,59.1,23.6,84,7,16,0,17069.1,-0.2,-2.27,11144.9,-0.51,0.12,9397.75,-1.01,-0.46,20.28,18.5,1.1
2022-05-04,110,886,15,243,-21.9,8,26,-1.8,1.7,47.5,10.6,41,15,11,1,16677.6,-2.29,-5.62,10916.35,-2.05,-3.16,9183.4,-2.28,-4.54,21.88,19.4,1.13
2022-05-05,418,572,58,55,-24.4,8,16,-0.8,1.3,46.3,16.4,35,19,11,1,16682.65,0.03,-7.59,10918.9,0.02,-4.56,9126.7,-0.62,-6.55,20.29,17.2,1.18
2022-05-06,149,845,17,175,-36.4,5,39,-3.4,0.4,36.3,9.6,29,24,7,2,16411.25,-1.63,-8.61,10731.3,-1.72,-7.56,8919.45,-2.27,-9.54,21.25,17.8,1.19
2022-05-09,191,802,24,179,-39.3,2,48,-4.6,-0.5,28.8,9.7,22,36,5,2,16301.85,-0.67,-8.46,10546.3,-1.72,-9.56,8748.95,-1.91,-11.64,22.03,17.7,1.24
2022-05-10,149,847,11,250,-39.3,0,79,-7.9,-1.3,22.3,8.0,17,60,4,4,16240.05,-0.38,-7.93,10353.8,-1.83,-10.42,8569.1,-2.06,-13.09,22.3,17.6,1.27
2022-05-11,199,797,25,298,-47.9,0,103,-10.3,-2.6,15.9,7.0,8,108,2,4,16167.1,-0.45,-9.09,10283.1,-0.68,-11.86,8340.65,-2.67,-16.05,22.8,17.0,1.34
2022-05-12,184,816,22,239,-49.6,0,119,-11.9,-3.9,11.8,5.7,7,166,2,5,15808.0,-2.22,-10.56,10062.45,-2.15,-14.35,8202.15,-1.66,-17.7,24.27,18.1,1.34
2022-05-13,692,301,180,36,-45.8,0,50,-5.0,-4.4,15.6,23.4,7,98,3,6,15782.15,-0.16,-9.97,10161.85,0.99,-11.92,8286.2,1.02,-15.66,23.49,18.2,1.29
2022-05-16,684,309,160,36,-37.7,3,36,-3.3,-4.8,19.9,52.9,10,93,2,6,15842.3,0.38,-9.35,10291.3,1.27,-10.72,8396.8,1.33,-14.82,24.53,18.4,1.33
2022-05-17,894,104,327,10,-26.1,8,10,-0.2,-4.9,25.8,89.0,12,58,3,5,16259.3,2.63,-5.32,10551.05,2.52,-7.41,8638.1,2.87,-11.59,22.74,20.8,1.09
2022-05-18,507,484,112,30,-18.1,9,13,-0.4,-4.8,27.6,87.4,16,39,3,4,16240.3,-0.12,-4.24,10538.2,-0.12,-6.39,8667.2,0.34,-9.91,22.3,20.5,1.09
2022-05-19,129,866,18,250,-23.9,4,45,-4.1,-5.1,20.9,36.0,12,58,1,5,15809.4,-2.65,-7.74,10251.8,-2.72,-9.51,8473.6,-2.23,-11.94,24.56,21.7,1.13
2022-05-20,873,124,209,14,-9.5,14,11,0.3,-4.7,27.4,68.3,14,49,1,6,16266.15,2.89,-6.48,10460.55,2.04,-8.62,8654.55,2.14,-11.19,23.1,23.7,0.97
2022-05-23,358,633,53,107,-6.1,13,31,-1.8,-4.5,25.9,44.1,11,66,1,6,16214.7,-0.32,-5.57,10418.75,-0.4,-8.22,8594.1,-0.7,-11.59,23.4,23.4,1.0
2022-05-24,228,767,22,147,-4.5,7,39,-3.2,-4.0,22.5,30.4,8,65,1,4,16125.15,-0.55,-4.89,10354.25,-0.62,-7.11,8488.6,-1.23,-10.89,25.64,23.2,1.11
2022-05-25,106,893,12,338,-6.4,1,96,-9.5,-3.9,15.3,13.1,6,125,1,3,16025.8,-0.62,-6.83,10118.65,-2.28,-10.51,8233.7,-3.0,-14.44,25.28,22.3,1.13
2022-05-26,638,357,99,39,2.7,1,50,-4.9,-3.2,17.6,20.7,5,103,1,3,16170.15,0.9,-5.1,10238.75,1.19,-8.69,8311.8,0.95,-13.13,22.72,22.6,1.01
2022-05-27,725,271,117,24,3.3,3,13,-1.0,-2.8,20.3,47.9,5,72,1,1,16352.45,1.13,-5.18,10367.2,1.25,-8.09,8397.35,1.03,-12.47,21.48,22.6,0.95
2022-05-30,819,178,189,25,6.0,12,11,0.1,-2.5,25.6,79.9,5,44,0,1,16661.4,1.89,-2.58,10611.75,2.36,-5.27,8585.5,2.24,-9.56,19.98,23.7,0.84
2022-05-31,546,449,105,45,-0.9,17,12,0.5,-2.4,27.3,79.6,3,41,0,1,16584.55,-0.46,-2.84,10616.3,0.04,-4.74,8673.1,1.02,-7.71,20.48,23.7,0.86
2022-06-01,558,428,93,20,0.1,22,4,1.8,-2.2,28.9,75.9,9,25,0,0,16522.75,-0.37,-0.93,10655.2,0.37,-2.39,8730.65,0.66,-4.93,20.85,22.3,0.93
2022-06-02,610,381,101,12,9.8,17,10,0.7,-1.7,33.4,73.8,15,26,2,0,16628.0,0.64,-0.33,10710.75,0.52,-1.91,8772.9,0.48,-3.88,20.32,22.4,0.91
2022-06-03,252,745,26,50,-2.6,5,21,-1.6,-1.9,29.6,44.0,13,21,1,0,16584.3,-0.26,1.05,10548.85,-1.51,-1.7,8696.35,-0.87,-2.5,19.98,21.6,0.93
2022-06-06,370,620,42,34,-2.4,8,31,-2.3,-1.9,28.3,35.1,16,16,2,0,16569.55,-0.09,1.64,10527.9,-0.2,-0.17,8640.9,-0.64,-1.24,20.2,21.5,0.94
2022-06-07,292,700,26,26,-1.1,9,36,-2.7,-1.9,27.0,24.9,31,12,3,0,16416.35,-0.92,1.09,10455.35,-0.69,0.98,8592.5,-0.56,0.27,20.43,21.7,0.94
2022-06-08,402,583,40,30,5.0,7,31,-2.4,-1.2,26.3,28.0,43,8,4,1,16356.25,-0.37,1.17,10412.1,-0.41,1.25,8577.6,-0.17,2.84,19.84,21.7,0.91
2022-06-09,507,477,50,12,2.5,13,24,-1.1,-0.8,26.7,39.1,64,8,8,0,16478.1,0.74,4.24,10455.1,0.41,3.9,8582.15,0.05,4.63,19.14,20.0,0.96
2022-06-10,261,734,26,22,-6.8,8,34,-2.6,-1.0,24.0,29.6,48,7,6,1,16201.8,-1.68,2.66,10381.05,-0.71,2.16,8506.9,-0.88,2.66,19.58,21.1,0.93
2022-06-13,45,953,9,390,-22.3,1,102,-10.1,-2.0,14.4,7.5,23,11,3,1,15774.4,-2.64,-0.43,10100.1,-2.71,-1.86,8205.65,-3.54,-2.28,22.37,23.3,0.96
2022-06-14,408,577,31,40,-24.9,5,85,-8.0,-2.8,15.2,12.6,17,27,2,1,15732.1,-0.27,-3.24,10075.75,-0.24,-4.5,8172.05,-0.41,-5.4,21.89,21.1,1.04
2022-06-15,582,402,43,17,-24.4,6,49,-4.3,-3.4,15.7,21.4,16,26,3,1,15692.15,-0.25,-3.38,10109.65,0.34,-4.07,8217.8,0.56,-5.19,22.15,21.1,1.05
2022-06-16,77,921,7,326,-35.2,3,160,-15.7,-5.1,10.7,8.6,15,31,3,1,15360.6,-2.11,-2.84,9884.55,-2.23,-3.58,7965.9,-3.07,-5.99,22.87,20.3,1.13
2022-06-17,289,704,33,92,-34.4,4,172,-16.8,-6.6,10.0,13.2,15,45,2,2,15293.5,-0.44,-5.98,9772.25,-1.14,-6.58,7902.75,-0.79,-8.69,22.76,17.0,1.34
2022-06-20,160,840,15,390,-38.7,3,236,-23.3,-8.7,7.5,7.9,8,71,3,2,15350.15,0.37,-5.33,9580.35,-1.96,-8.05,7657.25,-3.11,-10.9,22.41,17.1,1.31
2022-06-21,887,111,356,19,-26.8,2,15,-1.3,-8.6,11.4,42.1,14,24,3,3,15638.8,1.88,-3.02,9876.3,3.09,-4.62,7893.4,3.08,-7.01,21.14,18.7,1.13
2022-06-22,244,754,25,94,-30.1,2,55,-5.3,-8.8,11.1,37.7,16,16,2,2,15413.3,-1.44,-3.82,9732.95,-1.45,-3.81,7810.9,-1.05,-5.13,21.3,19.2,1.11
2022-06-23,701,280,80,21,-26.2,4,21,-1.7,-8.9,13.7,64.0,14,15,2,2,15556.65,0.93,-3.79,9845.05,1.15,-3.85,7899.9,1.14,-4.96,20.88,19.2,1.09
2022-06-24,815,173,152,7,-15.1,6,5,0.1,-8.6,17.0,84.3,12,12,2,1,15699.25,0.92,-3.99,9980.8,1.38,-3.73,8036.8,1.73,-4.29,20.55,19.0,1.08
2022-06-27,772,218,121,11,-0.5,8,4,0.4,-7.6,21.7,88.6,15,12,2,2,15832.05,0.85,-4.98,10083.75,1.03,-4.98,8165.6,1.6,-4.89,21.01,17.9,1.17
2022-06-28,535,449,77,17,2.1,9,9,0.0,-6.8,25.1,82.7,12,12,1,2,15850.2,0.11,-4.43,10123.15,0.39,-4.65,8159.2,-0.08,-5.93,21.45,17.9,1.2
2022-06-29,378,614,48,39,-2.1,7,17,-1.0,-6.5,24.9,66.1,13,16,2,1,15799.1,-0.32,-4.38,10100.65,-0.22,-5.2,8114.6,-0.55,-7.06,21.9,17.9,1.22
2022-06-30,340,648,37,42,3.3,8,18,-1.0,-5.0,26.0,42.1,8,20,2,0,15780.25,-0.12,-5.1,10042.8,-0.57,-6.24,8088.6,-0.32,-7.8,21.84,17.6,1.24
2022-07-01,528,453,46,25,8.2,12,16,-0.4,-3.4,27.8,43.1,8,13,2,0,15752.05,-0.18,-5.02,10077.75,0.35,-4.47,8105.5,0.21,-6.79,21.25,17.6,1.21
2022-07-04,635,349,90,18,17.9,14,7,0.7,-1.0,33.3,57.3,8,12,3,0,15835.35,0.53,-4.43,10143.45,0.65,-3.65,8145.7,0.5,-5.73,20.97,17.8,1.18
2022-07-05,476,504,42,20,9.8,6,11,-0.5,-0.9,33.7,58.8,8,14,2,1,15810.85,-0.15,-3.69,10131.35,-0.12,-3.1,8166.8,0.26,-4.95,20.79,17.6,1.18
2022-07-06,642,344,75,18,17.9,16,8,0.8,-0.3,41.1,68.5,11,16,1,1,15989.8,1.13,-2.24,10312.65,1.79,-0.96,8210.1,0.53,-4.28,20.27,18.2,1.11
2022-07-07,748,242,113,13,18.8,24,3,2.1,0.1,47.3,81.8,15,11,1,0,16132.9,0.89,-2.09,10450.2,1.33,-0.05,8317.45,1.31,-3.08,19.2,18.3,1.05
2022-07-08,522,457,53,11,13.0,20,3,1.7,0.3,49.1,78.0,17,12,1,0,16220.6,0.54,0.12,10472.4,0.21,0.88,8336.8,0.23,-2.0,18.4,17.5,1.05
2022-07-11,669,319,98,11,10.9,26,4,2.2,0.5,55.0,78.7,34,5,3,0,16216.0,-0.03,2.8,10577.65,1.01,4.73,8423.3,1.04,2.65,18.37,14.3,1.28
2022-07-12,339,646,40,14,7.0,9,6,0.3,0.5,55.4,60.3,30,4,3,0,16058.3,-0.97,2.07,10520.35,-0.54,4.41,8392.4,-0.37,2.7,18.55,14.8,1.25
2022-07-13,431,552,44,31,8.2,8,5,0.3,0.6,57.1,50.4,24,3,3,0,15966.65,-0.57,1.75,10531.0,0.1,4.17,8410.35,0.21,2.34,18.52,14.9,1.24
2022-07-14,327,665,24,39,7.9,9,10,-0.1,0.7,54.5,34.9,35,4,3,0,15938.65,-0.18,3.76,10522.9,-0.08,6.46,8349.6,-0.72,4.82,18.34,12.5,1.47
2022-07-15,554,428,48,14,8.4,22,10,1.2,0.9,57.0,41.7,56,3,3,0,16049.2,0.69,4.94,10593.65,0.67,8.41,8389.35,0.48,6.16,17.6,12.4,1.42
2022-07-18,779,207,117,12,11.2,28,3,2.5,1.1,66.7,72.9,128,1,5,0,16278.5,1.43,6.05,10737.4,1.36,12.08,8511.7,1.46,11.16,17.16,13.1,1.31
2022-07-19,630,363,89,6,14.2,32,0,3.2,1.4,70.6,80.1,92,1,4,0,16340.55,0.38,4.49,10817.1,0.74,9.53,8583.3,0.84,8.74,17.2,11.7,1.47
2022-07-20,550,434,56,17,12.4,14,1,1.3,1.5,75.1,76.8,98,2,7,0,16520.85,1.1,7.19,10831.0,0.13,11.28,8635.05,0.6,10.55,16.82,10.3,1.63
2022-07-21,657,331,75,13,10.6,29,2,2.7,1.5,77.6,76.4,97,2,7,0,16605.25,0.51,6.74,10972.0,1.3,11.45,8703.65,0.79,10.17,16.86,10.1,1.67
2022-07-22,482,506,61,18,9.7,24,3,2.1,1.6,78.7,67.0,80,0,7,0,16719.45,0.69,6.5,10991.6,0.18,10.13,8727.65,0.28,8.6,16.65,9.9,1.68
2022-07-25,392,597,43,37,4.1,24,6,1.8,1.5,76.3,52.2,64,3,4,0,16631.0,-0.53,5.05,10983.7,-0.07,8.92,8691.85,-0.41,6.44,17.68,10.2,1.73
2022-07-26,226,763,27,77,1.8,14,9,0.5,1.6,70.2,30.1,50,6,3,0,16483.85,-0.88,4.0,10866.2,-1.07,7.34,8602.75,-1.03,5.44,18.17,10.9,1.67
2022-07-27,573,415,59,17,4.6,21,9,1.2,1.6,72.4,38.9,56,3,4,0,16641.8,0.96,5.33,10959.6,0.86,8.5,8602.25,-0.01,6.01,18.13,11.1,1.63
2022-07-28,587,403,61,26,9.8,18,7,1.1,1.8,75.0,52.2,66,3,6,0,16929.6,1.73,7.28,11040.55,0.74,9.93,8667.5,0.76,7.16,17.01,12.1,1.41
2022-07-29,696,291,97,17,12.6,32,3,2.9,1.9,80.2,70.4,67,3,7,0,17158.25,1.35,8.93,11194.7,1.4,11.08,8790.55,1.42,8.45,16.55,12.4,1.33
2022-08-01,744,249,145,20,11.9,47,2,4.5,2.1,84.4,82.2,82,1,6,0,17340.05,1.06,9.5,11364.15,1.51,12.03,8935.05,1.64,9.69,17.49,12.6,1.39
2022-08-02,529,465,75,26,9.8,42,1,4.1,2.2,85.7,75.9,91,1,5,0,17345.45,0.03,9.71,11416.65,0.46,12.69,8990.15,0.62,10.08,18.53,12.5,1.48
2022-08-03,311,684,40,37,4.9,27,3,2.4,2.3,83.3,56.9,75,2,6,0,17388.15,0.25,8.75,11356.9,-0.52,10.13,8954.55,-0.4,9.07,18.45,12.3,1.5
2022-08-04,448,546,66,28,0.7,24,2,2.2,2.3,83.1,47.7,61,2,5,0,17382.0,-0.04,7.74,11417.95,0.54,9.26,8930.45,-0.27,7.37,19.26,12.2,1.58
2022-08-05,497,487,55,32,1.0,31,4,2.7,2.3,81.3,45.9,61,5,5,0,17397.5,0.09,7.26,11453.7,0.31,9.37,8922.2,-0.09,7.02,18.92,12.3,1.54
2022-08-08,528,458,60,26,3.8,40,4,3.6,2.5,80.9,50.3,53,4,8,0,17525.1,0.73,8.07,11482.3,0.25,8.55,8944.25,0.25,6.18,19.3,12.2,1.58
2022-08-10,410,577,62,69,7.5,46,4,4.2,2.9,79.4,46.3,65,4,6,0,17534.75,0.06,9.19,11458.05,-0.21,8.91,8919.05,-0.28,6.28,19.59,11.2,1.75
2022-08-11,541,448,64,29,6.8,44,4,4.0,3.2,79.9,53.9,67,4,6,0,17659.0,0.71,10.6,11549.8,0.8,9.67,8973.05,0.61,6.69,18.36,10.6,1.73
2022-08-12,508,482,57,27,5.3,48,1,4.7,3.5,80.8,54.4,83,5,9,0,17698.15,0.22,11.04,11624.6,0.65,10.47,8992.65,0.22,7.7,17.61,10.3,1.71
2022-08-16,642,346,103,37,4.2,64,3,6.1,3.9,82.6,64.2,87,5,9,0,17825.25,0.72,11.07,11782.3,1.36,11.22,9071.45,0.88,8.13,17.69,10.4,1.7
2022-08-17,603,390,78,12,1.3,39,2,3.7,3.8,85.1,72.7,79,3,9,0,17944.25,0.67,10.23,11830.6,0.41,10.18,9115.05,0.48,7.09,17.68,9.8,1.8
2022-08-18,527,464,79,8,1.3,47,1,4.6,3.8,85.3,68.3,90,3,10,0,17956.5,0.07,9.89,11849.45,0.16,9.54,9139.55,0.27,6.48,17.35,9.9,1.75
2022-08-19,286,707,45,27,0.8,32,3,2.9,3.9,83.7,45.1,82,6,15,0,17758.45,-1.1,7.49,11701.35,-1.25,8.04,9041.75,-1.07,4.71,18.29,11.1,1.65
2022-08-22,241,754,47,64,-3.3,30,8,2.2,3.9,78.5,26.7,79,7,14,0,17490.7,-1.51,5.33,11489.8,-1.81,4.72,8960.3,-0.9,2.95,19.04,12.9,1.48
2022-08-23,666,320,83,11,0.1,36,3,3.3,3.9,81.2,39.3,92,8,11,0,17577.5,0.5,5.13,11598.85,0.95,5.52,9050.85,1.01,3.7,19.05,12.9,1.48
2022-08-24,653,330,97,6,2.6,52,2,5.0,4.1,82.7,57.5,101,5,15,0,17604.95,0.16,5.86,11675.05,0.66,6.29,9129.9,0.87,5.04,18.43,12.5,1.47
2022-08-25,488,508,72,12,4.1,42,1,4.1,4.1,82.8,65.2,107,5,15,0,17522.45,-0.47,6.3,11685.85,0.09,7.54,9160.6,0.34,6.48,19.57,12.1,1.62
2022-08-26,565,425,70,12,4.5,47,2,4.5,4.1,84.2,68.4,114,3,16,0,17558.9,0.21,5.51,11730.6,0.38,7.03,9227.05,0.73,7.26,18.22,11.9,1.53
2022-08-29,327,671,56,35,0.8,50,6,4.4,4.1,81.3,45.5,117,3,19,0,17312.9,-1.4,2.26,11633.9,-0.82,5.37,9172.2,-0.59,5.82,19.82,12.0,1.65
2022-08-30,801,188,114,8,4.0,66,5,6.1,4.1,83.8,69.3,114,3,22,0,17759.3,2.58,3.5,11867.0,2.0,6.01,9285.8,1.24,5.63,18.7,14.2,1.32
2022-09-01,506,483,86,17,2.1,72,8,6.4,4.4,83.6,66.1,102,3,23,0,17542.8,-1.22,1.17,11896.95,0.25,4.69,9313.85,0.3,4.24,19.87,14.6,1.36
2022-09-02,391,600,70,27,-0.6,52,5,4.7,4.4,83.1,57.4,97,2,19,0,17539.45,-0.02,1.12,11865.55,-0.26,3.93,9333.95,0.22,3.82,19.55,14.6,1.34
2022-09-05,624,371,94,14,6.1,72,6,6.6,4.7,84.2,63.8,117,2,22,0,17665.8,0.72,1.6,11930.35,0.55,5.05,9427.45,1.0,5.28,19.66,14.8,1.33
2022-09-06,434,559,57,28,10.0,42,9,3.3,4.8,83.8,56.1,108,4,19,0,17655.6,-0.06,1.57,11974.95,0.37,4.88,9457.25,0.32,5.9,19.53,14.8,1.32
2022-09-07,610,376,98,12,8.9,54,5,4.9,5.0,85.1,63.7,126,5,24,0,17624.4,-0.18,1.3,12038.85,0.53,5.11,9533.55,0.81,6.85,19.37,14.8,1.31
2022-09-08,579,407,69,14,7.4,65,4,6.1,5.1,85.9,69.4,121,3,28,0,17798.75,0.99,1.56,12080.8,0.35,5.21,9600.7,0.7,7.34,18.31,15.0,1.22
2022-09-09,384,606,43,35,5.3,44,2,4.2,5.1,85.3,54.3,107,2,20,0,17833.35,0.19,1.7,12129.45,0.4,5.86,9581.65,-0.2,7.43,17.72,15.0,1.18
2022-09-12,650,343,90,10,7.0,66,1,6.5,5.3,86.3,63.5,115,4,24,0,17936.35,0.58,1.57,12228.05,0.81,5.87,9672.35,0.95,7.79,17.94,14.9,1.2
2022-09-13,475,515,63,21,10.1,57,2,5.5,5.4,87.7,59.6,113,3,16,0,18070.05,0.75,2.1,12245.65,0.14,5.34,9683.0,0.11,7.68,17.47,15.1,1.16
2022-09-14,402,589,70,18,2.1,57,3,5.4,5.4,85.5,51.0,111,2,17,0,18003.75,-0.37,1.0,12203.55,-0.34,3.58,9692.1,0.09,6.84,18.28,15.0,1.22
2022-09-15,414,579,63,27,0.2,61,4,5.7,5.3,83.9,48.2,103,3,11,1,17877.4,-0.7,-0.37,12242.85,0.32,3.48,9690.05,-0.02,6.31,18.39,15.1,1.22
2022-09-16,116,881,21,240,-5.4,20,15,0.5,4.9,74.3,18.5,71,2,8,1,17530.85,-1.94,-2.37,11933.3,-2.53,0.71,9467.85,-2.29,3.59,19.82,16.6,1.19
2022-09-19,442,554,80,45,-9.0,40,19,2.1,4.4,71.6,22.9,78,3,11,1,17622.25,0.52,-0.77,11936.55,0.03,2.01,9398.3,-0.73,3.94,19.94,16.3,1.22
2022-09-20,686,307,93,13,-4.0,47,4,4.3,4.5,75.3,40.3,88,4,13,0,17816.25,1.1,1.86,12111.3,1.46,5.41,9506.25,1.15,6.09,18.8,15.8,1.19
2022-09-21,260,735,33,52,-11.1,24,12,1.2,4.2,72.1,32.2,70,3,11,0,17718.35,-0.55,0.8,12027.5,-0.69,3.7,9446.7,-0.63,4.37,19.33,15.8,1.22
2022-09-22,539,454,52,12,-12.0,39,11,2.8,3.8,73.1,47.3,71,3,11,1,17629.8,-0.5,0.14,12067.4,0.33,3.36,9500.4,0.57,4.06,18.82,15.9,1.18
2022-09-23,107,890,13,105,-17.6,12,20,-0.8,3.3,62.5,18.8,49,5,9,1,17327.35,-1.72,-1.11,11811.9,-2.12,1.08,9312.45,-1.98,1.66,20.59,17.0,1.21
2022-09-26,71,928,8,453,-29.2,3,38,-3.5,2.3,44.3,5.9,30,9,3,1,17016.3,-1.8,-3.09,11461.7,-2.96,-2.29,9001.0,-3.34,-2.45,21.89,18.1,1.21
2022-09-27,565,425,68,36,-27.4,3,22,-1.9,1.6,46.7,13.1,30,11,4,1,17007.4,-0.05,-1.76,11469.75,0.07,-1.41,9048.95,0.53,-1.34,21.57,17.5,1.23
2022-09-28,344,650,32,38,-28.6,5,27,-2.2,0.8,42.7,17.9,22,10,4,1,16858.6,-0.87,-5.07,11439.4,-0.26,-3.6,9009.05,-0.44,-2.98,22.1,14.6,1.51
2022-09-29,586,404,52,21,-25.1,12,17,-0.5,0.2,45.1,35.5,18,14,4,1,16818.1,-0.24,-4.13,11488.6,0.43,-3.43,9060.15,0.57,-2.72,21.3,14.2,1.5
2022-09-30,780,212,94,6,-11.8,26,5,2.1,0.4,51.6,75.1,23,10,4,1,17094.35,1.64,-2.54,11654.45,1.44,-1.78,9198.75,1.53,-1.45,19.97,15.6,1.28
2022-10-03,297,694,37,63,-14.6,28,12,1.6,0.3,45.3,48.6,20,15,3,1,16887.35,-1.21,-4.41,11533.35,-1.04,-3.33,9163.95,-0.38,-2.8,21.37,15.7,1.36
2022-10-04,863,132,122,2,-11.1,43,1,4.2,0.3,54.0,81.9,23,9,2,1,17274.3,2.29,-2.16,11794.35,2.26,-1.51,9285.3,1.32,-1.82,19.57,18.0,1.09
2022-10-06,746,248,118,6,-1.4,43,1,4.2,0.6,59.4,85.4,27,5,3,0,17331.8,0.33,-1.66,11933.35,1.18,-0.88,9387.2,1.1,-1.54,19.32,18.1,1.07
2022-10-07,510,481,59,9,-2.0,54,2,5.2,0.8,58.6,76.1,26,3,3,0,17314.65,-0.1,-2.72,11903.05,-0.25,-1.47,9417.4,0.32,-1.91,18.81,17.7,1.06
2022-10-10,288,702,43,28,1.7,32,3,2.9,1.2,56.9,55.5,32,5,4,0,17241.0,-0.43,-3.32,11796.05,-0.9,-2.75,9365.75,-0.55,-2.25,19.62,17.6,1.11
2022-10-11,155,842,22,86,3.4,15,14,0.1,1.6,47.7,21.8,25,7,2,0,16983.55,-1.49,-5.31,11607.0,-1.6,-5.08,9221.15,-1.54,-4.66,20.49,18.0,1.14
2022-10-12,494,500,38,19,2.0,20,11,0.9,1.9,48.2,23.2,22,5,2,0,17123.6,0.82,-5.24,11672.45,0.56,-4.68,9261.45,0.44,-4.35,20.18,18.1,1.11
2022-10-13,307,688,36,17,1.2,20,16,0.4,2.1,46.0,23.8,25,8,4,0,17014.35,-0.64,-5.5,11599.7,-0.62,-4.95,9212.05,-0.53,-4.95,20.29,18.1,1.12
2022-10-14,445,544,30,16,-1.6,16,16,0.0,2.2,44.4,31.3,19,10,3,0,17185.7,1.01,-3.87,11591.65,-0.07,-5.32,9215.7,0.04,-4.9,18.26,18.6,0.98
2022-10-17,448,540,46,28,-8.2,24,20,0.4,2.0,45.5,42.4,26,6,5,0,17311.8,0.73,-1.25,11611.65,0.17,-2.7,9239.25,0.26,-2.41,18.42,17.7,1.04
2022-10-18,656,333,61,11,-1.0,32,17,1.5,2.0,48.5,60.1,23,5,3,1,17486.95,1.01,-0.77,11727.75,1.0,-1.75,9313.65,0.81,-0.9,17.45,18.0,0.97
2022-10-19,416,577,43,25,-9.9,35,22,1.3,1.7,48.0,55.7,22,5,4,1,17512.25,0.14,-1.71,11737.9,0.09,-3.08,9316.4,0.03,-2.0,17.49,17.5,1.0
2022-10-20,483,507,40,30,-15.1,30,13,1.7,1.4,48.5,54.8,29,4,5,1,17563.95,0.3,-0.87,11706.15,-0.27,-2.67,9327.0,0.11,-1.27,17.23,17.4,0.99
2022-10-21,275,716,30,56,-19.8,19,23,-0.4,0.9,43.9,35.5,23,8,4,1,17576.3,0.07,-0.3,11637.6,-0.59,-3.56,9287.35,-0.43,-2.24,17.28,17.3,1.0
2022-10-24,817,172,48,9,-9.2,37,0,3.7,1.0,48.8,59.2,29,6,5,1,17730.75,0.88,2.33,11703.0,0.56,-0.92,9374.3,0.94,0.66,17.42,16.4,1.06
2022-10-25,392,603,53,23,-4.5,32,10,2.2,1.2,47.5,49.3,52,2,6,1,17656.35,-0.42,3.76,11718.9,0.14,2.24,9357.25,-0.18,3.96,16.88,14.9,1.13
2022-10-27,564,425,55,24,-3.0,49,15,3.4,1.4,49.4,54.4,54,3,7,1,17736.95,0.46,4.29,11791.8,0.62,2.81,9394.45,0.4,3.82,16.6,14.9,1.11
2022-10-28,326,659,35,26,-2.5,27,15,1.2,1.5,49.1,45.9,64,3,8,0,17786.8,0.28,5.51,11715.55,-0.65,2.41,9337.0,-0.61,3.64,15.92,14.3,1.11
2022-10-31,592,400,55,43,0.4,49,8,4.1,1.9,49.8,51.0,59,3,8,0,18012.2,1.27,7.1,11868.15,1.3,3.3,9372.0,0.37,3.44,15.8,14.6,1.08
2022-11-01,552,433,62,27,2.5,32,5,2.7,2.1,52.3,56.9,48,3,6,0,18145.4,0.74,6.15,11967.9,0.84,2.69,9385.3,0.14,2.03,16.13,13.9,1.16
2022-11-02,485,500,54,12,-0.9,28,5,2.3,2.2,54.2,55.5,50,3,7,0,18082.85,-0.34,7.08,11965.65,-0.02,3.75,9386.9,0.02,2.43,16.66,12.9,1.29
2022-11-03,456,532,58,18,-0.1,31,10,2.1,2.3,51.9,53.3,44,4,7,0,18052.7,-0.17,4.51,11984.75,0.16,1.61,9398.75,0.13,1.22,15.94,10.8,1.48
2022-11-04,555,436,64,14,1.4,41,6,3.5,2.5,54.3,57.0,35,4,6,0,18117.15,0.36,4.53,11978.15,-0.06,0.38,9442.1,0.46,0.58,15.66,10.8,1.45
2022-11-07,571,417,76,22,7.3,58,9,4.9,3.0,56.4,61.2,43,5,7,0,18202.8,0.47,5.13,12066.05,0.73,1.37,9512.8,0.75,1.01,15.59,10.8,1.44
2022-11-09,404,588,68,67,-1.0,61,5,5.6,3.2,53.9,51.7,51,3,9,0,18157.0,-0.25,5.31,11991.25,-0.62,1.65,9475.85,-0.39,1.18,15.92,10.7,1.49
2022-11-10,249,746,31,93,-3.8,21,19,0.2,3.0,50.1,33.3,49,3,7,0,18028.2,-0.71,6.15,11881.95,-0.91,2.37,9359.5,-1.23,1.5,15.57,9.2,1.69
2022-11-11,527,462,72,35,-4.6,31,13,1.8,2.8,50.5,39.0,47,3,9,0,18349.7,1.78,7.16,11898.55,0.14,1.94,9391.1,0.34,1.4,14.41,10.4,1.39
2022-11-14,456,535,75,55,-2.0,41,15,2.6,3.0,51.2,41.8,53,4,8,0,18329.15,-0.11,7.73,11893.6,-0.04,2.53,9433.7,0.45,2.41,14.91,9.9,1.51
2022-11-15,494,499,57,28,-4.0,43,15,2.8,2.9,52.5,46.8,51,7,6,0,18403.4,0.41,7.09,11888.25,-0.04,2.56,9439.0,0.06,2.42,14.64,9.7,1.51
2022-11-16,353,641,43,32,-8.1,29,15,1.4,2.7,51.0,43.9,52,5,9,0,18409.65,0.03,6.34,11816.55,-0.6,1.76,9407.6,-0.33,1.82,15.1,9.6,1.57
2022-11-17,347,644,30,17,-10.9,28,24,0.4,2.5,49.0,35.0,49,5,8,0,18343.9,-0.36,4.9,11767.05,-0.42,0.34,9395.75,-0.13,0.88,14.88,9.5,1.57
2022-11-18,332,657,44,26,-13.4,26,25,0.1,2.3,46.5,32.2,42,7,7,0,18307.65,-0.2,4.54,11719.95,-0.4,-0.15,9353.5,-0.45,0.4,14.39,9.6,1.5
2022-11-21,399,592,42,34,-16.5,37,26,1.1,2.1,47.0,31.9,47,6,10,0,18159.95,-0.81,3.39,11719.55,0.0,0.11,9363.65,0.11,0.39,14.8,10.3,1.44
2022-11-22,465,524,37,24,-18.6,40,25,1.5,1.8,47.2,36.9,52,4,9,0,18244.2,0.46,3.8,11762.55,0.37,1.07,9355.35,-0.09,0.73,13.84,10.3,1.34
2022-11-23,549,438,73,10,-15.7,39,22,1.7,1.4,49.0,51.7,51,5,9,0,18267.25,0.13,3.03,11790.2,0.24,0.75,9410.0,0.58,0.38,14.04,10.0,1.4
2022-11-24,581,405,60,9,-8.9,37,11,2.6,1.6,52.0,61.6,50,5,8,0,18484.1,1.19,4.69,11837.6,0.4,1.01,9461.3,0.55,1.11,13.48,10.4,1.3
2022-11-25,611,373,69,5,-7.2,51,7,4.4,1.9,55.0,71.9,49,5,8,0,18512.75,0.15,4.37,11943.55,0.9,1.29,9534.55,0.77,1.49,13.33,10.4,1.28
2022-11-28,606,385,76,16,-4.2,62,2,6.0,2.2,58.8,73.1,62,6,9,0,18562.75,0.27,4.36,12025.95,0.69,2.65,9636.6,1.07,3.21,13.57,10.4,1.3
2022-11-29,384,600,49,20,-6.3,39,5,3.4,2.3,58.2,62.3,62,4,11,0,18618.05,0.3,3.36,11983.1,-0.36,0.97,9602.2,-0.36,2.46,13.62,9.6,1.42
2022-11-30,637,351,74,14,-0.6,52,6,4.6,2.6,63.2,67.5,67,5,9,0,18758.35,0.75,3.38,12093.5,0.92,1.05,9651.05,0.51,2.83,13.81,9.6,1.44
2022-12-01,586,403,61,9,4.2,47,2,4.5,3.0,65.4,69.7,63,3,7,0,18812.5,0.29,4.04,12185.25,0.76,1.84,9693.85,0.44,3.27,13.36,9.5,1.41
2022-12-02,575,409,78,5,9.1,54,2,5.2,3.5,66.7,67.8,71,3,10,0,18696.1,-0.62,3.56,12289.6,0.86,2.54,9758.15,0.66,3.82,13.45,9.8,1.37
2022-12-05,549,443,74,21,12.1,64,0,6.4,4.0,69.7,67.4,65,4,11,0,18701.05,0.03,3.22,12298.5,0.07,2.67,9790.5,0.33,3.69,13.73,9.8,1.4
2022-12-06,357,634,41,11,9.9,45,0,4.5,4.3,66.9,52.6,54,3,11,0,18642.75,-0.31,2.42,12239.3,-0.48,1.44,9767.5,-0.23,2.68,14.04,9.9,1.42
2022-12-07,333,655,33,24,5.6,40,2,3.8,4.5,64.9,37.6,47,4,8,0,18560.5,-0.44,2.22,12178.85,-0.49,1.56,9729.65,-0.39,2.68,14.08,10.0,1.41
2022-12-08,544,445,60,17,4.8,57,3,5.4,4.8,66.0,42.3,64,4,12,0,18609.35,0.26,3.22,12237.05,0.48,2.99,9783.2,0.55,4.53,13.4,9.5,1.41
2022-12-09,227,767,23,65,-2.9,27,3,2.4,4.6,60.9,27.3,45,3,10,0,18496.6,-0.61,0.8,12181.6,-0.45,2.38,9681.8,-1.04,3.1,13.48,7.8,1.73
2022-12-12,571,423,81,10,-3.7,51,7,4.4,4.5,62.5,40.6,64,4,13,0,18497.15,0.0,0.92,12218.95,0.31,2.74,9733.25,0.53,3.18,13.32,7.7,1.73
2022-12-13,526,465,66,14,-0.9,60,6,5.4,4.7,63.9,50.4,62,4,17,0,18608.0,0.6,1.11,12270.45,0.42,3.21,9788.7,0.57,3.7,12.88,7.9,1.63
2022-12-14,570,423,54,15,-2.3,60,2,5.8,4.8,66.1,62.0,67,3,15,0,18660.3,0.28,1.36,12349.7,0.65,4.51,9852.65,0.65,4.73,12.89,7.9,1.63
2022-12-15,277,712,27,35,-8.5,25,8,1.7,4.5,63.2,45.1,64,5,17,1,18414.9,-1.32,0.39,12237.9,-0.91,4.0,9810.2,-0.43,4.41,13.73,9.2,1.49
2022-12-16,244,748,36,51,-15.2,17,15,0.2,4.0,58.5,25.5,62,4,17,1,18269.0,-0.79,-0.21,12061.25,-1.44,2.91,9732.3,-0.79,4.05,14.07,9.7,1.45
2022-12-19,584,408,72,22,-14.5,40,15,2.5,3.6,61.0,38.8,69,6,17,1,18420.45,0.83,1.43,12118.95,0.48,3.41,9761.45,0.3,4.25,13.55,9.6,1.41
2022-12-20,402,588,43,24,-13.6,42,12,3.0,3.5,59.9,39.0,72,6,12,1,18385.3,-0.19,0.77,12098.55,-0.17,2.86,9741.25,-0.21,4.12,13.78,9.5,1.45
2022-12-21,132,863,13,305,-17.7,8,19,-1.1,3.0,49.1,15.1,42,7,7,1,18199.1,-1.01,-0.37,11908.15,-1.57,1.0,9540.0,-2.07,1.38,15.56,10.2,1.53
2022-12-22,140,854,9,201,-25.8,1,40,-3.9,2.0,39.0,10.5,28,10,6,1,18127.35,-0.39,-1.93,11797.05,-0.93,-0.34,9373.85,-1.74,-0.92,15.19,9.3,1.63
2022-12-23,41,959,7,539,-29.6,0,67,-6.7,1.1,22.8,3.6,14,18,2,1,17806.8,-1.77,-3.81,11383.05,-3.51,-4.69,8962.5,-4.39,-6.0,16.16,11.0,1.47
2022-12-26,895,103,377,8,-23.1,2,9,-0.7,0.6,33.8,18.4,18,10,3,1,18014.6,1.17,-2.95,11665.3,2.48,-3.0,9262.7,3.35,-3.88,15.93,11.9,1.34
2022-12-27,789,206,169,5,-17.9,6,4,0.2,0.1,39.6,70.4,26,5,4,1,18132.3,0.65,-2.61,11774.15,0.93,-1.74,9377.05,1.23,-2.34,15.29,12.1,1.26
2022-12-28,559,432,77,6,-18.1,10,5,0.5,-0.4,41.5,80.9,27,5,6,1,18122.5,-0.05,-3.39,11812.2,0.32,-2.33,9397.05,0.21,-2.63,15.4,11.7,1.32
2022-12-29,521,471,54,9,-13.3,15,5,1.0,-0.5,42.8,83.3,24,3,7,1,18191.0,0.38,-3.3,11829.25,0.14,-2.92,9408.35,0.12,-2.95,14.81,11.7,1.27
2022-12-30,644,345,51,4,-5.2,24,4,2.0,-0.3,45.6,75.4,26,3,3,1,18105.3,-0.47,-3.16,11885.75,0.48,-3.29,9481.25,0.77,-2.84,14.87,11.7,1.27
2023-01-02,665,326,89,10,-3.6,47,3,4.4,-0.1,49.1,75.5,29,4,4,1,18197.45,0.51,-2.69,11970.3,0.71,-2.67,9552.8,0.75,-2.43,14.69,11.9,1.23
2023-01-03,524,458,44,8,-1.1,34,1,3.3,-0.1,51.8,71.7,22,4,3,1,18232.55,0.19,-2.2,11994.4,0.2,-2.0,9566.55,0.14,-2.06,14.39,11.9,1.21
2023-01-04,219,773,30,26,0.7,18,6,1.2,0.1,47.1,40.9,25,4,3,1,18042.95,-1.04,-2.79,11886.95,-0.9,-2.4,9480.9,-0.9,-2.56,15.2,12.3,1.24
2023-01-05,471,521,31,13,7.3,21,7,1.4,0.7,48.5,41.5,23,4,3,1,17992.15,-0.28,-3.32,11932.85,0.39,-2.49,9479.5,-0.01,-3.1,14.98,12.3,1.22
2023-01-06,229,767,24,16,11.1,20,9,1.1,1.4,43.2,25.3,24,3,3,1,17859.45,-0.74,-3.44,11850.6,-0.69,-2.72,9406.75,-0.77,-2.84,15.03,12.3,1.22
2023-01-09,637,349,46,14,6.1,24,9,1.5,1.7,46.8,41.9,22,3,4,0,18101.2,1.35,-2.14,11948.9,0.83,-2.21,9444.15,0.4,-2.97,14.65,13.5,1.09
2023-01-10,320,673,18,26,-3.3,8,8,0.0,1.6,45.0,38.9,19,4,4,0,17914.15,-1.03,-3.73,11899.55,-0.41,-3.02,9398.0,-0.49,-3.99,15.51,13.6,1.14
2023-01-11,490,496,43,10,-4.6,17,13,0.4,1.6,46.2,39.7,19,3,4,0,17895.7,-0.1,-4.1,11862.85,-0.31,-3.94,9403.2,0.06,-4.56,15.44,13.5,1.14
2023-01-12,400,584,30,15,-6.9,16,10,0.6,1.6,44.5,41.1,14,2,3,0,17858.2,-0.21,-3.02,11836.4,-0.22,-3.28,9409.4,0.07,-4.09,15.28,12.8,1.19
2023-01-13,559,426,50,7,-8.6,19,10,0.9,1.5,45.7,50.0,17,1,2,0,17956.6,0.55,-1.71,11830.4,-0.05,-1.91,9436.25,0.29,-3.04,14.46,12.8,1.13
2023-01-16,362,631,39,17,-14.7,16,13,0.3,1.1,45.3,44.3,10,3,3,0,17894.85,-0.34,-2.85,11800.3,-0.25,-2.63,9431.25,-0.05,-3.38,15.02,12.4,1.21
2023-01-17,419,573,30,20,-16.9,18,17,0.1,0.7,45.9,41.2,14,4,3,0,18053.3,0.89,-1.81,11793.6,-0.06,-2.52,9417.95,-0.14,-3.32,14.59,12.9,1.13
2023-01-18,534,453,48,12,-10.5,25,16,0.9,0.7,47.6,48.3,34,3,4,0,18165.35,0.62,-0.19,11843.7,0.42,-0.54,9424.05,0.06,-1.22,14.37,12.6,1.14
2023-01-19,392,591,29,15,-12.0,28,22,0.6,0.6,46.9,40.9,49,3,5,0,18107.85,-0.32,-0.11,11832.35,-0.1,0.3,9396.9,-0.29,0.25,13.96,12.6,1.11
2023-01-20,320,662,32,23,-10.0,15,23,-0.8,0.5,44.0,34.8,86,5,13,0,18027.65,-0.44,1.24,11748.95,-0.7,3.21,9344.95,-0.55,4.27,13.79,10.9,1.27
2023-01-23,424,568,35,40,-14.4,15,28,-1.3,0.2,43.0,36.5,53,3,8,0,18118.55,0.5,0.58,11771.05,0.19,0.91,9331.9,-0.14,0.75,13.62,10.2,1.34
2023-01-24,333,651,31,30,-14.0,16,20,-0.4,0.1,40.7,32.5,45,4,6,0,18118.3,0.0,-0.08,11729.9,-0.35,-0.38,9294.45,-0.4,-0.88,13.66,9.9,1.38
2023-01-25,203,793,20,71,-19.9,10,43,-3.3,-0.2,36.0,20.5,34,5,5,1,17891.95,-1.25,-1.27,11583.2,-1.25,-1.94,9211.9,-0.89,-1.97,14.66,10.9,1.34
2023-01-27,131,868,15,208,-25.4,5,66,-6.1,-0.9,26.4,11.0,23,13,5,1,17604.35,-1.61,-3.22,11439.6,-1.24,-3.29,9043.65,-1.83,-3.88,17.32,12.1,1.43
2023-01-30,431,564,44,65,-28.1,9,51,-4.2,-1.4,25.9,15.1,21,17,3,1,17648.95,0.25,-2.52,11422.3,-0.15,-3.9,9024.75,-0.21,-4.81,17.71,12.1,1.46
2023-01-31,807,190,204,15,-19.2,16,14,0.2,-1.4,35.2,54.1,25,11,3,1,17662.15,0.07,-2.94,11596.65,1.53,-3.12,9261.7,2.63,-3.05,16.88,11.9,1.42
2023-02-01,250,748,20,159,-22.6,14,28,-1.4,-1.6,28.2,36.0,16,19,3,1,17616.3,-0.26,-3.38,11497.65,-0.85,-4.14,9155.6,-1.15,-4.3,16.78,11.8,1.42
2023-02-02,488,504,51,46,-23.6,29,35,-0.6,-1.7,29.1,44.0,19,20,3,3,17610.4,-0.03,-2.4,11518.05,0.18,-3.1,9195.6,0.44,-3.01,15.73,11.4,1.38
2023-02-03,369,622,32,61,-24.1,24,51,-2.7,-2.1,27.4,39.0,18,21,3,3,17854.05,1.38,-0.77,11504.7,-0.12,-3.59,9161.55,-0.37,-3.35,14.4,12.5,1.15
2023-02-06,549,440,75,31,-19.6,18,36,-1.8,-2.2,28.7,43.8,20,19,3,6,17764.6,-0.5,-0.53,11602.95,0.85,-2.09,9185.15,0.26,-2.36,14.69,12.4,1.18
2023-02-07,419,571,46,39,-19.7,15,43,-2.8,-2.3,29.5,45.5,15,19,3,6,17721.5,-0.24,-2.1,11601.6,-0.01,-2.91,9151.35,-0.37,-3.1,14.13,11.3,1.25
2023-02-08,655,326,87,17,-13.2,21,18,0.3,-2.2,32.4,60.3,16,17,2,5,17871.7,0.85,-0.24,11699.35,0.84,-1.68,9222.15,0.77,-1.87,13.6,11.2,1.21
2023-02-09,432,557,53,32,-8.6,23,24,-0.1,-1.9,33.0,57.5,14,16,2,5,17893.45,0.12,-0.01,11709.45,0.09,-1.29,9198.85,-0.25,-2.17,13.04,11.2,1.16
2023-02-10,524,455,57,34,-0.5,25,16,0.9,-1.2,35.1,58.9,14,17,4,5,17856.5,-0.21,-0.01,11738.3,0.25,-0.83,9243.6,0.49,-1.76,12.75,11.2,1.14
2023-02-13,253,742,29,90,-4.1,22,40,-1.8,-1.0,31.9,36.3,12,24,2,6,17770.9,-0.48,-1.03,11584.95,-1.31,-2.07,9133.7,-1.19,-3.21,13.68,11.1,1.23
2023-02-14,323,672,24,74,-13.8,18,56,-3.8,-1.4,29.7,25.0,14,30,2,6,17929.85,0.89,0.2,11535.0,-0.43,-2.25,9085.45,-0.53,-3.67,13.45,11.5,1.17
2023-02-15,609,379,50,33,-6.5,21,40,-1.9,-1.4,31.5,40.3,10,27,2,7,18015.85,0.48,-0.21,11590.35,0.48,-1.72,9121.45,0.4,-3.15,12.86,11.2,1.15
2023-02-16,585,408,77,15,-4.5,27,24,0.3,-1.3,34.7,53.0,12,25,1,6,18035.85,0.11,-0.71,11679.2,0.77,-1.39,9194.35,0.8,-2.44,12.89,11.0,1.17
2023-02-17,366,618,27,19,-4.5,23,26,-0.3,-1.1,33.6,49.5,11,25,1,6,17944.2,-0.51,-0.9,11605.65,-0.63,-1.92,9162.4,-0.35,-2.5,13.09,11.1,1.18
2023-02-20,357,637,35,30,-8.4,24,46,-2.2,-1.1,34.6,42.2,18,28,2,5,17844.6,-0.56,-1.02,11606.15,0.0,-1.22,9133.15,-0.32,-2.27,13.38,11.1,1.21
2023-02-21,394,592,37,27,-8.9,25,42,-1.7,-1.0,34.6,36.2,21,25,1,4,17826.7,-0.1,-1.61,11575.1,-0.27,-1.66,9101.25,-0.35,-2.47,14.01,10.9,1.29
2023-02-22,178,817,10,93,-18.6,6,60,-5.4,-1.6,29.9,19.8,22,32,1,4,17554.3,-1.53,-3.11,11459.2,-1.0,-2.31,8998.4,-1.13,-3.19,15.59,12.1,1.29
2023-02-23,461,525,40,27,-18.0,12,54,-4.2,-2.0,31.5,25.2,22,27,1,5,17511.25,-0.25,-2.13,11431.25,-0.24,-1.31,9014.8,0.18,-2.14,15.08,11.4,1.32
2023-02-24,396,594,34,34,-20.6,11,53,-4.2,-2.5,30.6,27.7,23,23,4,6,17465.8,-0.26,-0.79,11403.35,-0.24,-0.32,8999.1,-0.17,-0.49,14.19,9.9,1.43
2023-02-27,199,797,14,113,-21.7,5,81,-7.6,-3.1,25.4,17.7,23,20,2,6,17392.7,-0.42,-1.45,11339.85,-0.56,-0.72,8893.3,-1.18,-1.46,13.88,9.9,1.4
2023-02-28,539,452,51,31,-17.4,14,51,-3.7,-3.1,26.8,32.7,19,20,2,5,17303.95,-0.51,-2.03,11411.25,0.63,-1.6,8924.15,0.35,-3.64,14.02,10.0,1.4
2023-03-01,778,217,112,6,-14.0,15,16,-0.1,-2.9,31.4,62.1,25,18,4,4,17450.9,0.85,-0.94,11572.2,1.41,0.65,9035.05,1.24,-1.32,13.0,10.6,1.23
2023-03-02,381,614,40,16,-18.1,15,28,-1.3,-3.1,31.5,56.7,25,16,2,4,17321.9,-0.74,-1.64,11547.05,-0.22,0.25,9027.1,-0.09,-1.83,12.97,10.9,1.19
2023-03-03,703,288,82,6,-11.5,14,15,-0.1,-3.1,36.2,74.8,32,12,3,3,17594.35,1.57,-1.45,11605.2,0.5,0.87,9090.65,0.7,-0.77,12.18,11.2,1.09
2023-03-06,649,339,69,6,-5.6,29,11,1.8,-2.7,36.8,76.6,30,12,1,1,17711.45,0.67,-0.3,11686.9,0.7,0.72,9184.1,1.03,-0.01,12.27,11.4,1.08
2023-03-08,547,436,80,11,-2.5,39,16,2.3,-2.3,40.3,69.5,31,12,2,1,17754.4,0.24,0.19,11724.6,0.32,1.06,9208.75,0.27,0.63,12.45,11.4,1.09
2023-03-09,377,616,40,21,1.5,30,15,1.5,-1.6,39.2,58.6,27,12,3,1,17589.6,-0.93,-1.58,11660.0,-0.55,-0.34,9178.2,-0.33,-0.48,12.73,11.4,1.12
2023-03-10,300,689,24,24,-1.7,17,21,-0.4,-1.2,36.6,37.3,20,13,3,1,17412.9,-1.0,-2.69,11582.15,-0.67,-1.09,9112.4,-0.72,-0.94,13.41,11.8,1.14
2023-03-13,75,922,12,205,-8.2,2,62,-6.0,-1.4,28.4,10.5,11,14,1,1,17154.3,-2.47,-3.93,11375.2,-2.44,-3.09,8922.8,-2.78,-3.47,16.22,12.8,1.27
2023-03-14,272,719,20,47,-6.7,5,83,-7.8,-1.4,26.6,9.9,14,11,0,1,17043.3,-0.65,-4.09,11304.7,-0.62,-2.42,8843.0,-0.89,-3.18,16.22,12.8,1.27
2023-03-15,453,537,25,17,-8.4,10,76,-6.6,-1.7,26.3,17.6,15,11,2,0,16972.15,-0.42,-5.34,11308.8,0.04,-1.96,8859.2,0.18,-2.49,16.3,12.2,1.34
2023-03-16,369,628,27,38,-16.6,6,77,-7.1,-2.4,25.5,22.2,12,9,1,0,16985.6,0.08,-5.72,11305.2,-0.03,-2.46,8797.3,-0.7,-3.55,16.22,11.9,1.36
2023-03-17,612,377,59,16,-11.9,11,52,-4.1,-2.7,27.6,46.1,13,11,2,0,17100.05,0.67,-5.19,11354.25,0.43,-2.78,8855.6,0.66,-3.68,14.77,12.3,1.2
2023-03-20,232,765,21,62,-21.4,8,80,-7.2,-3.4,24.5,32.3,11,11,2,0,16988.4,-0.65,-5.33,11245.6,-0.96,-3.1,8779.8,-0.86,-4.18,16.01,12.4,1.29
2023-03-21,608,375,71,6,-22.2,11,48,-3.7,-3.9,26.7,45.7,15,8,3,0,17107.5,0.7,-4.13,11308.1,0.56,-2.57,8820.25,0.46,-3.43,15.08,12.8,1.18
2023-03-22,592,385,58,7,-21.2,7,26,-1.9,-4.3,27.8,58.5,13,6,4,0,17151.9,0.26,-3.79,11339.2,0.28,-2.04,8869.45,0.56,-2.55,14.81,12.9,1.15
2023-03-23,339,650,35,16,-22.0,13,41,-2.8,-4.8,29.0,47.9,19,8,5,0,17076.9,-0.44,-2.72,11295.8,-0.38,-1.43,8842.3,-0.31,-1.73,14.49,11.9,1.22
2023-03-24,178,821,18,83,-24.5,7,96,-8.9,-5.6,23.7,24.1,18,6,4,0,16945.05,-0.77,-3.23,11164.65,-1.16,-2.33,8707.95,-1.52,-3.4,15.24,12.1,1.26
2023-03-27,226,771,14,150,-21.5,11,143,-13.2,-6.3,21.3,17.1,16,9,3,0,16985.7,0.24,-2.75,11102.1,-0.56,-2.64,8577.75,-1.5,-4.68,15.45,12.2,1.27
2023-03-28,298,696,22,100,-21.0,6,163,-15.7,-7.1,20.7,16.5,16,9,3,0,16951.7,-0.2,-2.54,11065.65,-0.33,-2.42,8509.9,-0.79,-4.31,15.1,12.2,1.24
2023-03-29,784,206,198,23,-14.4,17,40,-2.3,-6.7,24.8,50.1,18,10,4,1,17080.7,0.76,-1.29,11250.7,1.67,-1.41,8654.9,1.7,-3.02,13.63,12.5,1.09
2023-03-31,733,264,119,15,-7.1,27,16,1.1,-5.9,30.2,75.5,19,9,3,1,17359.75,1.63,-0.52,11352.25,0.9,-1.9,8787.9,1.54,-2.74,12.94,13.5,0.96
2023-04-03,770,226,183,17,-4.0,40,3,3.7,-5.1,35.7,88.1,21,9,4,1,17398.05,0.22,0.44,11404.35,0.46,-1.24,8857.3,0.79,-1.88,12.59,13.2,0.95
2023-04-05,656,337,119,12,4.5,40,7,3.3,-4.0,43.1,86.0,19,9,3,1,17557.05,0.91,-0.21,11415.75,0.1,-1.63,8916.9,0.67,-1.91,12.41,12.4,1.0
2023-04-06,639,346,81,13,5.1,47,4,4.3,-3.2,48.2,83.4,22,6,0,1,17599.15,0.24,-0.63,11491.2,0.66,-1.67,8983.15,0.74,-2.19,11.8,12.2,0.97
2023-04-10,496,496,63,20,3.1,28,3,2.5,-2.8,50.2,73.7,14,6,2,1,17624.05,0.14,-0.73,11532.85,0.36,-1.64,8998.7,0.17,-2.28,12.27,12.2,1.01
2023-04-11,608,378,71,10,8.5,33,5,2.8,-2.2,54.6,68.7,13,8,2,1,17722.3,0.56,0.75,11582.8,0.43,-0.66,9040.05,0.46,-1.51,11.98,11.9,1.01
2023-04-12,559,432,53,8,16.2,24,3,2.1,-1.1,59.2,67.1,16,6,3,1,17812.4,0.51,2.29,11652.3,0.6,0.61,9074.5,0.38,-0.42,12.27,11.3,1.09
2023-04-13,519,467,43,9,22.1,28,3,2.5,0.4,61.4,62.5,38,6,5,1,17828.0,0.09,3.93,11671.2,0.16,2.6,9102.5,0.31,2.01,11.91,9.6,1.24
2023-04-17,529,462,57,26,26.8,35,3,3.2,2.3,62.0,62.0,48,6,6,1,17706.85,-0.68,3.89,11714.45,0.37,3.62,9116.8,0.16,3.1,12.27,9.6,1.28
2023-04-18,497,492,39,20,21.1,34,4,3.0,2.9,65.8,59.4,50,7,6,1,17660.15,-0.26,4.05,11783.35,0.59,4.2,9123.35,0.07,2.98,12.08,9.5,1.27
2023-04-19,459,533,50,7,15.6,28,7,2.1,3.0,65.7,54.5,54,4,10,1,17618.75,-0.23,3.73,11763.95,-0.16,4.06,9123.4,0.0,3.71,12.15,9.6,1.27
2023-04-20,495,492,43,20,10.2,40,7,3.3,2.9,67.3,54.3,60,6,6,1,17624.45,0.03,3.07,11755.95,-0.07,3.54,9148.3,0.27,3.31,11.94,9.5,1.26
2023-04-21,374,612,26,20,4.7,22,7,1.5,2.7,64.9,42.1,67,6,6,1,17624.05,0.0,3.74,11707.55,-0.41,4.11,9130.8,-0.19,4.0,11.63,9.0,1.29
2023-04-24,554,435,60,16,2.9,33,7,2.6,2.6,66.5,50.2,63,6,7,1,17743.4,0.68,3.72,11738.6,0.27,3.81,9174.1,0.47,4.01,11.67,9.0,1.3
2023-04-25,518,469,50,18,3.4,28,10,1.8,2.5,67.7,53.0,63,5,5,1,17769.25,0.15,3.6,11730.6,-0.07,3.45,9205.05,0.34,3.78,11.52,9.0,1.28
2023-04-26,553,434,50,12,2.3,30,8,2.2,2.4,69.6,58.0,69,5,6,1,17813.6,0.25,4.31,11743.1,0.11,3.96,9255.55,0.55,4.67,11.65,8.7,1.34
2023-04-27,598,392,55,10,3.1,53,7,4.6,2.7,72.5,66.1,78,3,6,1,17915.05,0.57,5.72,11811.5,0.58,5.79,9300.85,0.49,6.81,11.43,7.9,1.45
2023-04-28,695,295,69,18,6.6,56,6,5.0,2.9,77.6,76.5,120,3,14,1,18065.0,0.84,6.35,11943.55,1.12,7.58,9392.6,0.99,9.5,10.95,8.2,1.34
2023-05-02,604,383,67,25,8.1,54,3,5.1,3.1,80.8,74.4,160,2,19,1,18147.65,0.46,7.06,12037.15,0.78,8.78,9452.85,0.64,11.08,11.9,7.9,1.51
2023-05-03,493,500,51,24,8.0,53,3,5.0,3.3,81.4,67.6,117,0,11,0,18089.85,-0.32,5.91,12066.75,0.25,7.25,9465.75,0.14,9.37,11.84,8.1,1.46
2023-05-04,692,307,66,7,12.6,59,2,5.7,3.7,84.2,73.6,113,2,10,0,18255.8,0.92,5.16,12145.5,0.65,6.99,9546.9,0.86,8.64,11.73,6.9,1.7
2023-05-05,325,670,39,40,9.1,49,6,4.3,3.8,81.7,51.0,72,2,8,0,18069.0,-1.02,3.86,12066.05,-0.65,5.8,9494.25,-0.55,7.19,12.3,8.2,1.5
2023-05-08,619,368,71,24,14.0,72,5,6.7,4.3,83.0,60.3,54,2,10,0,18264.4,1.08,4.03,12177.7,0.93,6.67,9564.4,0.74,7.26,12.64,8.4,1.5
2023-05-09,384,608,35,25,10.6,38,4,3.4,4.4,82.6,49.1,43,2,9,0,18265.95,0.01,3.79,12184.95,0.06,6.04,9524.0,-0.42,6.02,12.68,8.5,1.49
2023-05-10,555,436,49,16,11.2,45,6,3.9,4.6,82.9,52.7,39,2,10,0,18315.1,0.27,3.92,12195.2,0.08,5.74,9572.35,0.51,6.37,13.08,8.5,1.54
2023-05-11,614,367,62,12,12.5,58,2,5.6,4.9,84.1,63.4,43,1,10,1,18297.0,-0.1,3.24,12232.85,0.31,5.61,9640.65,0.71,6.64,13.22,8.4,1.57
2023-05-12,395,592,46,16,8.5,53,3,5.0,5.0,82.8,53.4,49,1,10,1,18314.8,0.1,2.82,12196.1,-0.3,4.67,9603.3,-0.39,5.83,12.85,8.3,1.55
2023-05-15,551,439,60,24,5.6,58,2,5.6,5.0,83.7,57.6,44,2,10,1,18398.85,0.46,3.2,12264.65,0.56,5.08,9673.25,0.73,6.27,13.17,8.4,1.57
2023-05-16,465,520,47,12,2.9,58,5,5.3,5.0,83.5,52.9,50,3,9,1,18286.5,-0.61,3.27,12293.05,0.23,4.94,9676.95,0.04,6.14,13.29,8.3,1.6
2023-05-17,483,509,50,21,2.7,64,5,5.9,5.1,82.0,51.3,51,4,6,1,18181.75,-0.57,2.95,12284.35,-0.07,4.25,9718.3,0.43,6.52,13.11,8.6,1.52
2023-05-18,378,617,46,20,-3.6,66,3,6.3,5.2,80.2,46.3,56,6,8,1,18129.95,-0.28,2.9,12213.8,-0.57,3.82,9678.55,-0.41,6.08,12.8,8.6,1.49
2023-05-19,430,560,28,21,-1.4,55,7,4.8,5.2,79.3,42.1,57,4,11,1,18203.4,0.41,3.28,12198.45,-0.13,3.76,9674.85,-0.04,5.76,12.3,8.7,1.41
2023-05-22,518,476,59,38,-3.5,55,5,5.0,5.1,79.0,45.7,67,4,9,1,18314.4,0.61,3.92,12264.65,0.54,4.76,9713.55,0.4,6.38,12.57,8.8,1.43
2023-05-23,532,457,54,25,-0.5,48,3,4.5,5.2,79.8,52.0,52,4,7,2,18348.0,0.18,3.41,12335.65,0.58,5.09,9725.45,0.12,6.01,12.61,8.6,1.47
2023-05-24,456,535,53,24,-2.5,52,4,4.8,5.3,78.9,52.3,58,3,6,1,18285.4,-0.34,2.9,12353.9,0.15,5.31,9729.5,0.04,5.7,13.11,8.8,1.49
2023-05-25,520,464,50,16,-4.4,62,1,6.1,5.3,79.2,54.5,60,2,8,1,18321.15,0.2,2.85,12392.15,0.31,5.53,9759.15,0.3,5.44,12.52,8.8,1.42
2023-05-26,602,387,63,21,-0.3,68,3,6.5,5.5,80.3,62.1,70,2,7,1,18499.35,0.97,3.26,12486.85,0.76,5.72,9804.15,0.46,5.41,11.9,9.1,1.31
2023-05-29,558,434,49,26,-0.2,69,0,6.9,5.6,81.4,61.9,67,3,7,1,18598.65,0.54,2.95,12530.7,0.35,4.92,9831.8,0.28,4.68,12.3,8.9,1.38
2023-05-30,467,522,51,31,-0.2,70,0,7.0,5.8,80.7,58.3,76,3,9,0,18633.85,0.19,2.68,12576.6,0.37,4.48,9836.9,0.05,4.06,12.01,8.8,1.36
2023-05-31,550,434,75,28,1.3,95,3,9.2,6.1,80.1,61.9,76,3,9,0,18534.4,-0.53,2.46,12623.35,0.37,4.61,9913.4,0.78,4.73,11.97,9.0,1.33
2023-06-01,618,364,76,15,6.2,107,0,10.7,6.6,80.8,65.3,79,3,10,0,18487.75,-0.25,1.27,12647.95,0.19,4.14,9995.35,0.83,4.7,11.6,8.6,1.35
2023-06-02,629,362,76,7,10.2,108,2,10.6,7.1,82.7,69.3,86,3,12,0,18534.1,0.25,2.57,12705.4,0.45,5.3,10043.45,0.48,5.78,11.13,7.6,1.46
2023-06-05,594,397,80,21,11.7,119,0,11.9,7.8,83.8,70.2,94,2,13,0,18593.85,0.32,1.8,12743.35,0.3,4.64,10071.25,0.28,5.3,11.14,6.7,1.66
2023-06-06,536,454,72,13,11.8,109,0,10.9,8.5,85.1,69.3,90,3,15,0,18599.0,0.03,1.82,12757.4,0.11,4.7,10125.7,0.54,6.32,11.38,6.7,1.7
2023-06-07,677,314,88,5,16.2,132,0,13.2,9.3,87.1,75.5,103,3,14,0,18726.4,0.68,2.25,12900.8,1.12,5.79,10239.2,1.12,6.97,11.44,7.0,1.63
2023-06-08,289,703,28,35,11.5,51,2,4.9,9.2,85.4,52.6,79,4,12,1,18634.55,-0.49,1.84,12831.4,-0.54,4.89,10170.75,-0.67,5.5,11.26,7.3,1.54
2023-06-09,429,563,43,13,8.0,68,3,6.5,9.2,84.1,46.0,72,4,11,1,18563.4,-0.38,1.36,12814.8,-0.13,5.07,10164.25,-0.06,5.84,11.12,7.5,1.48
2023-06-12,604,387,78,11,8.9,88,3,8.5,9.3,84.6,55.1,78,2,13,1,18601.5,0.21,1.1,12890.6,0.59,5.1,10229.85,0.65,5.75,11.25,7.4,1.52
2023-06-13,640,352,73,7,12.4,98,2,9.6,9.6,86.1,65.6,85,3,14,1,18716.15,0.62,2.35,13042.2,1.18,6.09,10304.9,0.73,6.49,11.11,7.2,1.54
2023-06-14,524,467,62,9,11.8,102,2,10.0,9.7,86.9,66.5,85,2,13,1,18755.9,0.21,3.16,13078.75,0.28,6.47,10334.45,0.29,6.34,11.16,6.7,1.67
2023-06-15,410,581,53,13,7.5,81,0,8.1,9.4,84.9,58.5,81,1,14,1,18688.1,-0.36,3.08,13100.9,0.17,7.26,10366.7,0.31,7.11,11.08,6.8,1.63
2023-06-16,657,333,59,9,8.1,86,0,8.6,9.2,86.3,64.8,93,1,14,1,18826.0,0.74,3.42,13192.9,0.7,8.15,10450.1,0.8,8.01,10.84,7.1,1.53
2023-06-19,455,537,52,9,5.3,97,0,9.7,9.0,86.2,57.5,87,1,15,1,18755.45,-0.37,2.41,13195.05,0.02,7.59,10482.5,0.31,7.92,11.23,7.1,1.58
2023-06-20,590,400,70,10,6.4,111,1,11.0,9.0,86.3,63.4,103,1,13,1,18816.7,0.33,2.55,13255.9,0.46,7.46,10524.9,0.4,8.22,11.13,7.1,1.57
2023-06-21,479,513,58,18,2.4,92,0,9.2,8.6,87.1,60.3,101,1,14,1,18856.85,0.21,3.13,13353.3,0.73,8.09,10531.85,0.07,8.25,11.29,6.9,1.64
2023-06-22,255,739,31,29,1.7,40,2,3.8,8.5,86.2,37.1,82,2,12,1,18771.25,-0.45,2.46,13241.8,-0.83,6.86,10454.45,-0.73,7.12,11.55,7.3,1.58
2023-06-23,219,774,25,44,-2.5,27,5,2.2,8.1,80.8,21.1,75,4,12,1,18665.5,-0.56,0.9,13077.5,-1.24,4.73,10345.25,-1.04,5.52,11.24,6.9,1.63
2023-06-26,614,376,68,13,-2.3,53,1,5.2,7.7,82.0,37.0,86,4,10,1,18691.2,0.14,0.5,13187.55,0.84,5.24,10415.8,0.68,5.94,11.4,6.7,1.7
2023-06-27,602,390,66,8,-3.1,75,2,7.3,7.5,82.5,51.9,95,4,11,1,18817.4,0.68,0.99,13250.6,0.48,5.36,10473.8,0.56,6.47,10.78,7.1,1.52
2023-06-28,488,501,38,8,-3.8,72,2,7.0,7.2,81.4,59.8,82,3,11,1,18972.1,0.82,2.36,13316.45,0.5,5.49,10493.3,0.19,5.85,10.89,7.2,1.51
2023-06-30,580,413,55,12,-0.4,88,2,8.6,7.3,82.9,67.0,83,3,9,1,19189.05,1.14,3.79,13401.45,0.64,5.96,10544.2,0.49,5.49,10.8,7.9,1.37
2023-07-03,561,434,71,12,-2.3,92,2,9.0,7.3,85.1,66.0,86,2,11,1,19322.55,0.7,4.25,13427.6,0.2,5.68,10637.9,0.89,5.92,11.54,8.1,1.42
2023-07-04,398,594,43,16,-3.5,77,2,7.5,7.1,83.8,53.1,62,2,8,1,19389.0,0.34,4.28,13405.2,-0.17,5.19,10652.4,0.14,5.77,11.7,8.1,1.44
2023-07-05,645,347,68,9,-2.4,120,2,11.8,7.2,85.1,61.1,60,2,8,1,19398.5,0.05,4.3,13481.65,0.57,5.68,10718.9,0.62,5.86,11.88,8.1,1.47
2023-07-06,623,370,52,6,0.5,126,2,12.4,7.5,86.4,69.1,53,3,6,1,19497.3,0.51,4.12,13593.1,0.83,5.37,10808.9,0.84,5.56,11.84,8.0,1.48
2023-07-07,318,675,29,9,1.7,67,3,6.4,7.7,85.1,51.9,58,1,6,0,19331.8,-0.85,3.74,13490.7,-0.75,5.14,10777.35,-0.29,5.96,11.53,8.5,1.36
2023-07-10,370,626,54,17,4.7,78,4,7.4,8.3,82.6,44.0,61,1,5,0,19355.9,0.12,4.27,13433.5,-0.42,4.83,10742.35,-0.32,5.69,11.46,8.2,1.4
2023-07-11,648,348,69,11,5.4,112,4,10.8,8.8,84.0,56.2,60,1,8,0,19439.4,0.43,4.5,13534.35,0.75,4.99,10843.95,0.95,6.0,11.01,8.3,1.33
2023-07-12,533,453,61,7,4.0,137,3,13.4,9.4,82.6,59.6,69,1,8,0,19384.3,-0.28,3.57,13600.0,0.49,4.28,10897.45,0.49,5.75,10.94,8.3,1.32
2023-07-13,296,697,29,38,0.1,83,7,7.6,9.5,81.1,43.6,65,3,10,0,19413.75,0.15,3.51,13522.4,-0.57,3.39,10820.35,-0.71,4.7,10.94,8.3,1.32
2023-07-14,717,276,106,7,2.9,132,1,13.1,9.9,83.1,60.6,72,2,11,0,19564.5,0.78,4.69,13657.45,1.0,4.25,10962.95,1.32,5.75,10.68,8.3,1.29
2023-07-17,624,366,66,16,4.2,126,1,12.5,10.3,85.4,69.1,73,3,9,0,19711.45,0.75,4.7,13709.1,0.38,3.91,11048.9,0.78,5.73,11.32,8.3,1.36
2023-07-18,326,669,42,25,2.7,75,3,7.2,10.3,84.5,56.0,60,2,5,0,19749.25,0.19,5.3,13688.2,-0.15,3.74,10969.35,-0.72,4.64,11.71,8.0,1.46
2023-07-19,611,381,61,8,2.1,107,0,10.7,10.2,85.6,63.2,66,2,9,0,19833.15,0.42,5.4,13769.8,0.6,3.88,11049.25,0.73,4.98,11.6,8.1,1.43
2023-07-20,482,507,52,17,-0.7,115,0,11.5,10.1,85.4,54.3,58,3,12,0,19979.15,0.74,5.95,13799.55,0.22,3.34,11079.2,0.27,5.2,11.79,8.2,1.44
2023-07-21,415,573,51,19,1.3,96,0,9.6,10.4,83.2,47.2,68,1,13,0,19745.0,-1.17,5.19,13772.85,-0.19,4.01,11110.55,0.28,6.28,11.49,9.4,1.22
2023-07-24,502,488,71,33,4.0,121,0,12.1,10.9,81.6,52.8,90,0,13,0,19672.35,-0.37,5.39,13762.2,-0.08,5.24,11136.85,0.24,7.65,11.65,9.2,1.27
2023-07-25,497,496,63,33,1.0,120,2,11.8,11.0,81.9,52.8,78,0,12,0,19680.6,0.04,5.29,13829.15,0.49,4.87,11141.85,0.04,6.97,10.24,9.2,1.11
2023-07-26,525,463,54,28,0.8,119,0,11.9,10.8,82.4,54.4,78,0,8,0,19778.3,0.5,5.11,13873.3,0.32,4.7,11178.75,0.33,6.73,10.46,9.1,1.15
2023-07-27,492,495,65,14,4.8,122,4,11.8,11.2,81.0,55.8,88,0,11,0,19659.9,-0.6,3.63,13898.9,0.18,4.37,11193.8,0.13,6.68,10.51,9.4,1.12
2023-07-28,542,448,55,25,1.3,124,1,12.3,11.1,82.0,56.9,77,0,11,0,19646.05,-0.07,2.38,13976.0,0.55,4.29,11239.1,0.4,6.59,10.14,8.7,1.17
2023-07-31,712,286,108,17,3.0,201,1,20.0,11.9,83.5,71.8,83,0,9,0,19753.8,0.55,2.23,14140.0,1.17,5.31,11355.0,1.03,6.74,10.41,8.6,1.21
2023-08-01,556,440,89,16,7.6,141,0,14.1,12.6,84.6,69.3,93,0,11,0,19733.55,-0.1,1.78,14151.0,0.08,5.56,11377.65,0.2,6.81,10.28,8.5,1.21
2023-08-02,195,801,26,62,-0.8,46,2,4.4,12.0,80.7,39.3,76,1,11,0,19526.55,-1.05,0.66,13975.2,-1.24,3.66,11232.1,-1.28,4.79,11.28,9.5,1.19
2023-08-03,528,465,69,17,0.1,85,1,8.4,11.6,78.3,41.3,81,3,12,0,19381.65,-0.74,-0.59,13979.05,0.03,2.84,11247.5,0.14,4.06,11.19,9.7,1.15
2023-08-04,628,362,76,18,4.3,105,0,10.5,11.7,79.8,51.2,85,2,12,0,19517.0,0.7,0.96,14079.3,0.72,4.36,11317.75,0.62,5.01,10.57,9.5,1.11
2023-08-07,539,450,87,44,5.1,123,1,12.2,11.7,79.6,55.8,95,2,13,0,19597.3,0.41,1.25,14149.95,0.5,5.33,11353.1,0.31,5.69,11.1,9.6,1.16
2023-08-08,485,509,76,33,4.8,115,2,11.3,11.7,79.1,60.6,91,2,11,0,19570.85,-0.13,0.68,14186.2,0.26,4.82,11371.55,0.16,4.87,11.33,9.5,1.19
2023-08-09,550,445,88,18,5.3,129,1,12.8,11.8,78.8,61.4,105,1,8,0,19632.55,0.32,1.28,14230.05,0.31,4.63,11435.95,0.57,4.94,11.14,9.5,1.17
2023-08-10,387,602,55,49,3.1,94,3,9.1,11.5,77.2,51.0,109,1,9,0,19543.1,-0.46,0.67,14228.5,-0.01,5.22,11406.8,-0.25,5.42,11.4,9.6,1.19
2023-08-11,382,615,55,58,-0.1,75,2,7.3,11.0,75.0,43.1,89,4,5,0,19428.3,-0.59,-0.7,14190.3,-0.27,3.9,11376.5,-0.27,3.77,11.52,9.4,1.23
2023-08-14,349,644,53,69,-7.3,64,3,6.1,9.6,71.3,34.9,67,4,4,0,19434.55,0.03,-1.4,14153.95,-0.26,3.24,11302.85,-0.65,2.3,12.0,9.0,1.33
2023-08-16,538,460,106,20,-7.7,93,3,9.0,9.1,70.4,42.1,93,5,9,0,19465.0,0.16,-1.44,14172.6,0.13,3.54,11350.2,0.42,3.47,12.13,9.0,1.35
2023-08-17,476,518,69,19,-2.1,82,2,8.0,9.5,69.5,46.3,84,4,11,0,19365.25,-0.51,-2.36,14215.2,0.3,3.23,11370.95,0.18,2.91,12.24,8.9,1.38
2023-08-18,345,647,43,28,-5.7,60,4,5.6,9.2,68.3,42.4,83,6,7,0,19310.15,-0.28,-3.35,14193.45,-0.15,2.85,11338.05,-0.29,2.34,12.14,8.3,1.46
2023-08-21,618,371,81,19,-5.9,95,1,9.4,9.1,70.3,55.5,89,5,8,0,19393.6,0.43,-1.78,14302.15,0.77,3.84,11432.65,0.83,2.9,11.96,7.7,1.55
2023-08-22,647,344,100,5,-3.8,115,1,11.4,9.0,72.1,68.5,100,3,10,0,19396.45,0.01,-1.4,14454.1,1.06,5.03,11509.7,0.67,3.35,11.75,7.6,1.55
2023-08-23,581,413,81,14,-1.9,116,0,11.6,9.0,74.0,71.1,104,5,10,0,19444.0,0.25,-1.2,14508.75,0.38,4.91,11591.55,0.71,4.04,11.73,7.7,1.52
2023-08-24,441,555,49,14,-4.1,88,2,8.6,8.6,74.2,65.8,96,3,10,0,19386.7,-0.29,-1.98,14547.85,0.27,4.86,11576.95,-0.13,3.56,11.7,7.4,1.58
2023-08-25,318,675,35,15,-5.5,63,5,5.8,8.3,71.0,44.4,93,3,10,0,19265.8,-0.62,-2.0,14440.65,-0.74,3.9,11548.9,-0.24,3.17,12.08,7.5,1.61
2023-08-28,593,402,82,11,-1.2,102,5,9.7,8.5,72.6,51.5,101,3,12,0,19306.05,0.21,-1.73,14502.6,0.43,3.77,11627.3,0.68,3.45,12.4,7.5,1.65
2023-08-29,573,418,88,18,3.3,87,3,8.4,8.8,75.8,58.5,95,3,11,0,19342.65,0.19,-2.08,14559.3,0.39,2.97,11705.25,0.67,3.08,12.23,7.2,1.7
2023-08-30,642,353,74,12,5.4,118,2,11.6,9.0,78.4,68.3,90,5,14,0,19347.45,0.02,-1.96,14654.45,0.65,3.56,11807.9,0.88,3.78,11.8,7.3,1.62
2023-08-31,502,489,65,18,5.9,129,3,12.6,9.5,78.3,66.9,107,3,13,0,19253.8,-0.48,-1.4,14693.85,0.27,5.14,11931.2,1.04,6.22,12.06,6.5,1.86
2023-09-01,608,388,103,7,11.1,161,2,15.9,10.5,80.1,72.4,123,3,18,0,19435.3,0.94,0.28,14810.15,0.79,5.95,12017.15,0.72,6.84,11.37,6.9,1.65
2023-09-04,631,366,115,12,11.3,191,0,19.1,11.5,82.6,70.1,119,4,21,0,19528.8,0.48,0.06,14935.05,0.84,6.08,12139.85,1.02,7.26,10.96,6.7,1.64
2023-09-05,543,452,83,12,9.2,136,0,13.6,11.7,83.2,70.3,115,3,21,0,19574.9,0.24,-0.11,15100.7,1.11,6.72,12216.25,0.63,7.6,10.82,6.6,1.64
2023-09-06,480,510,64,20,7.2,102,1,10.1,11.5,84.9,64.6,111,4,20,0,19611.05,0.18,0.21,15104.05,0.02,6.47,12223.3,0.06,7.49,10.68,6.6,1.62
2023-09-07,586,407,67,8,10.2,129,0,12.9,12.0,85.5,66.3,112,3,18,0,19727.05,0.59,0.48,15200.05,0.64,6.82,12291.95,0.56,7.49,10.87,6.8,1.6
2023-09-08,504,490,61,8,13.9,132,0,13.2,12.7,86.9,62.9,108,3,20,0,19819.95,0.47,1.42,15341.05,0.93,7.82,12367.0,0.61,8.42,10.78,6.7,1.61
2023-09-11,568,425,82,23,13.4,164,0,16.4,13.4,89.0,64.3,126,3,25,0,19996.35,0.89,2.92,15504.9,1.07,9.26,12487.55,0.97,9.77,11.35,6.9,1.64
2023-09-12,58,942,5,527,3.0,15,1,1.4,12.7,78.1,13.6,63,3,8,0,19993.2,-0.02,2.87,15045.1,-2.97,6.3,12003.0,-3.88,6.19,11.69,6.9,1.69
2023-09-13,684,311,123,13,3.8,40,0,4.0,11.9,78.9,22.6,68,2,11,0,20070.0,0.38,3.11,15063.55,0.12,6.29,12121.2,0.98,6.79,11.83,6.9,1.71
2023-09-14,735,262,114,4,8.4,74,0,7.4,11.4,82.5,46.0,82,2,12,0,20103.1,0.16,3.81,15204.15,0.93,6.96,12269.6,1.22,7.9,11.32,6.5,1.74
2023-09-15,512,483,74,16,6.5,75,0,7.5,10.6,83.4,57.8,83,2,15,0,20192.35,0.44,4.57,15222.7,0.12,7.25,12301.65,0.26,8.5,10.9,6.3,1.73
2023-09-18,308,687,26,23,0.1,58,0,5.8,9.2,81.1,56.5,74,1,15,0,20133.3,-0.29,3.81,15168.65,-0.36,6.06,12241.25,-0.49,7.07,10.84,6.5,1.67
2023-09-20,298,696,36,24,-4.8,45,2,4.3,8.3,76.5,35.3,64,1,9,0,19901.4,-1.15,2.6,15121.1,-0.31,4.61,12171.7,-0.57,5.75,11.13,8.0,1.39
2023-09-21,231,764,16,41,-9.8,19,4,1.5,7.4,72.2,19.7,48,1,6,0,19742.35,-0.8,1.53,14990.9,-0.86,3.32,12036.7,-1.11,3.84,10.82,8.7,1.24
2023-09-22,440,554,49,10,-12.8,38,6,3.2,6.5,70.5,25.2,50,1,11,0,19674.25,-0.34,1.48,14975.5,-0.1,2.94,12038.45,0.01,3.99,10.66,8.7,1.23
2023-09-25,491,505,60,19,-13.0,48,5,4.3,5.6,69.7,38.9,63,1,10,0,19674.55,0.0,2.12,15054.85,0.53,4.25,12048.95,0.09,4.33,10.9,8.3,1.31
2023-09-26,482,509,42,6,-14.7,41,6,3.5,4.3,68.5,48.2,54,1,9,0,19664.7,-0.05,1.86,15045.6,-0.06,3.74,12100.75,0.43,4.07,11.19,8.3,1.35
2023-09-27,586,405,59,4,-4.1,57,5,5.2,4.7,70.3,60.1,58,1,8,0,19716.45,0.26,1.93,15158.3,0.75,4.11,12188.45,0.72,4.13,11.59,8.3,1.4
2023-09-28,328,665,24,11,-11.2,36,7,2.9,4.6,66.7,42.1,53,1,10,0,19523.55,-0.98,0.91,14985.5,-1.14,2.26,12150.25,-0.31,2.9,12.82,9.2,1.39
2023-09-29,695,291,58,7,-11.9,63,4,5.9,4.4,70.0,58.7,52,1,10,0,19638.3,0.59,2.0,15141.05,1.04,3.04,12230.4,0.66,2.51,11.45,9.1,1.26
2023-10-03,478,515,50,14,-12.5,85,4,8.1,4.5,70.0,55.8,45,2,8,0,19528.75,-0.56,0.48,15180.45,0.26,2.5,12307.95,0.63,2.42,11.79,8.9,1.32
2023-10-04,199,796,15,30,-14.7,32,4,2.8,4.2,64.5,31.7,29,1,5,0,19436.1,-0.47,-0.47,14984.95,-1.29,0.33,12168.7,-1.13,0.24,11.66,8.9,1.31
2023-10-05,597,395,69,5,-8.7,52,3,4.9,4.2,66.1,45.5,39,2,6,0,19545.75,0.56,-0.15,14975.7,-0.06,-0.83,12238.55,0.57,0.18,10.94,9.1,1.2
2023-10-06,631,357,78,5,-0.7,74,1,7.3,4.8,68.9,57.2,38,2,5,0,19653.5,0.55,0.22,15063.5,0.59,-0.27,12316.75,0.64,0.76,10.3,9.3,1.11
2023-10-09,144,850,7,144,-6.6,22,6,1.6,4.6,57.8,26.1,29,2,5,0,19512.35,-0.72,-1.09,14861.5,-1.34,-2.23,12116.45,-1.63,-1.43,11.4,9.3,1.23
2023-10-10,789,207,115,9,-0.6,71,2,6.9,4.9,65.1,53.6,36,1,7,0,19689.85,0.91,-0.66,15046.4,1.24,-1.92,12252.25,1.12,-0.93,11.27,9.8,1.15
2023-10-11,637,354,70,6,2.5,83,3,8.0,5.4,68.2,63.8,33,1,7,0,19811.35,0.62,-0.93,15121.55,0.5,-2.47,12336.85,0.69,-1.21,10.99,9.5,1.16
2023-10-12,597,396,65,6,2.7,92,3,8.9,5.7,71.3,71.7,62,1,10,0,19794.0,-0.09,-1.0,15158.1,0.24,0.75,12425.2,0.72,3.52,10.62,9.5,1.12
2023-10-13,419,568,54,11,4.6,80,4,7.6,6.2,71.3,68.0,55,1,8,0,19751.05,-0.22,-1.59,15141.35,-0.11,0.52,12407.45,-0.14,2.36,10.62,9.4,1.13
2023-10-16,524,468,73,15,1.1,103,3,10.0,6.6,72.0,58.1,57,2,9,0,19731.75,-0.1,-1.85,15167.45,0.17,-0.24,12446.75,0.32,1.44,11.07,9.3,1.19
2023-10-17,617,370,63,8,3.9,106,1,10.5,6.9,73.7,63.0,60,2,11,0,19811.5,0.4,-1.89,15234.35,0.44,0.08,12530.4,0.67,1.86,10.7,9.3,1.15
2023-10-18,289,707,36,40,5.7,68,5,6.3,7.2,69.7,44.1,63,4,9,0,19671.1,-0.71,-2.3,15125.75,-0.71,-0.28,12482.35,-0.38,1.97,10.97,9.5,1.15
2023-10-19,468,524,56,12,3.1,89,5,8.4,7.6,69.8,45.3,73,2,12,0,19624.7,-0.24,-1.39,15106.95,-0.12,-0.09,12500.6,0.15,2.7,10.9,8.7,1.25
2023-10-20,235,762,26,58,-4.9,57,6,5.1,7.3,62.5,29.4,67,2,12,0,19542.65,-0.42,-1.01,14963.1,-0.95,-0.19,12400.3,-0.8,3.02,10.82,8.4,1.29
2023-10-23,37,963,4,533,-7.1,7,13,-0.6,7.1,39.6,4.6,41,3,3,0,19281.75,-1.34,-1.99,14557.1,-2.71,-2.79,11930.4,-3.79,-0.9,10.91,9.5,1.15
2023-10-25,304,695,30,81,-16.8,11,16,-0.5,6.4,34.9,6.7,31,1,5,0,19122.15,-0.83,-2.81,14470.25,-0.6,-3.88,11853.7,-0.64,-1.62,11.31,9.8,1.15
2023-10-26,402,595,67,31,-21.6,9,18,-0.9,5.5,31.9,9.1,39,3,4,0,18857.25,-1.39,-4.11,14305.25,-1.14,-4.92,11797.15,-0.48,-2.51,11.73,10.8,1.09
2023-10-27,858,139,158,8,-16.4,31,3,2.8,4.9,41.9,50.3,43,2,5,0,19047.25,1.01,-3.39,14513.7,1.46,-4.25,12024.9,1.93,-1.34,10.91,11.5,0.95
2023-10-30,491,500,55,28,-15.0,30,7,2.3,4.3,42.7,68.9,44,2,7,0,19140.9,0.49,-1.96,14533.4,0.14,-3.02,12033.85,0.07,-0.96,11.49,11.3,1.02
2023-10-31,479,510,42,17,-15.9,37,4,3.3,3.7,42.0,66.4,43,2,6,0,19079.6,-0.32,-2.84,14566.3,0.23,-3.8,12023.75,-0.08,-1.69,11.83,11.1,1.07
2023-11-01,371,623,41,28,-20.8,39,11,2.8,2.9,42.2,49.3,43,2,8,0,18989.15,-0.47,-2.76,14545.1,-0.15,-4.19,12000.5,-0.19,-2.5,12.05,11.0,1.1
2023-11-02,724,272,76,15,-12.1,52,3,4.9,2.8,47.0,64.1,45,1,8,0,19133.25,0.76,-1.56,14718.5,1.19,-1.78,12130.3,1.08,-0.32,11.08,11.4,0.97
2023-11-03,639,350,76,11,-8.7,70,2,6.8,2.6,49.8,71.8,39,2,7,0,19230.6,0.51,-1.61,14819.1,0.68,-1.05,12253.6,1.02,0.12,10.88,11.3,0.96
2023-11-06,688,307,90,21,0.4,88,2,8.6,3.0,52.8,78.6,39,2,6,0,19411.75,0.94,-1.23,14953.75,0.91,-0.73,12384.35,1.07,0.55,11.11,11.7,0.95
2023-11-07,520,478,71,22,10.1,78,2,7.6,3.8,54.7,75.2,55,1,9,0,19406.7,-0.03,-0.54,14994.1,0.27,0.89,12456.05,0.58,2.8,11.19,11.4,0.98
2023-11-08,562,435,60,20,15.2,94,0,9.4,4.8,58.0,69.0,51,0,9,0,19443.5,0.19,-1.25,15138.7,0.96,0.61,12530.65,0.6,2.27,11.04,10.9,1.01
2023-11-09,375,619,41,39,14.7,74,3,7.1,5.6,54.2,51.7,38,0,5,0,19395.3,-0.25,-2.1,15142.8,0.03,0.14,12494.35,-0.29,1.28,10.98,10.7,1.03
2023-11-10,535,454,52,24,8.4,81,5,7.6,6.0,54.6,49.8,42,1,6,0,19425.35,0.15,-1.86,15199.15,0.37,0.27,12547.05,0.42,0.98,11.11,10.7,1.04
2023-11-13,660,334,133,13,11.7,129,2,12.7,7.1,58.7,61.4,51,1,8,0,19443.55,-0.42,-1.56,15292.2,-0.04,1.0,12736.75,0.25,2.65,11.19,10.7,1.05
2023-11-15,664,328,103,11,15.4,143,3,14.0,8.2,62.5,71.6,55,2,8,0,19675.45,1.19,-0.29,15424.75,0.87,1.7,12878.0,1.11,3.46,11.14,11.6,0.96
2023-11-16,503,488,55,9,18.0,109,3,10.6,8.9,65.2,72.1,54,3,7,0,19765.2,0.46,-0.23,15532.8,0.7,1.96,12933.85,0.43,3.22,11.65,11.6,1.0
2023-11-17,490,507,62,16,13.4,123,3,12.0,9.6,65.7,65.5,64,2,7,0,19731.8,-0.17,0.31,15586.1,0.34,3.04,12976.9,0.33,3.96,11.83,11.4,1.04
2023-11-20,468,527,75,21,9.9,110,4,10.6,10.0,66.4,56.4,63,2,7,0,19694.0,-0.19,0.35,15589.7,0.02,3.2,12981.5,0.04,3.85,12.15,11.3,1.08
2023-11-21,528,461,55,14,6.7,106,1,10.5,10.2,68.7,55.7,76,0,9,0,19783.4,0.45,1.23,15595.1,0.03,4.22,13006.55,0.19,4.89,12.23,11.3,1.08
2023-11-22,357,639,43,18,3.5,77,1,7.6,10.2,67.1,48.5,126,0,15,0,19811.85,0.14,2.75,15625.85,0.2,7.34,12896.2,-0.85,8.1,11.87,10.0,1.19
2023-11-23,522,468,66,12,2.8,77,1,7.6,10.0,68.3,50.7,151,0,22,0,19802.0,-0.05,3.56,15641.6,0.1,8.09,12962.4,0.51,9.35,11.32,9.4,1.2
2023-11-24,421,571,46,12,3.7,66,0,6.6,10.0,69.8,47.1,148,0,23,0,19794.7,-0.04,4.97,15673.5,0.2,9.56,12984.95,0.17,10.07,11.33,7.4,1.53
2023-11-28,492,502,65,15,2.8,94,1,9.3,10.1,71.0,51.0,119,0,12,0,19889.7,0.48,4.42,15734.35,0.39,8.41,13013.9,0.22,8.22,12.18,6.9,1.77
2023-11-29,514,480,46,13,-0.1,100,3,9.7,9.8,72.0,55.4,121,1,13,0,20096.6,1.04,4.99,15838.85,0.66,8.98,13112.1,0.75,8.96,12.71,7.5,1.69
2023-11-30,548,448,75,13,-2.5,123,1,12.2,9.7,74.3,60.9,123,2,16,0,20133.15,0.18,5.52,15963.25,0.79,9.59,13252.0,1.07,10.22,12.69,7.2,1.76
2023-12-01,534,454,56,9,-1.8,109,0,10.9,9.7,77.2,64.1,125,1,17,0,20267.9,0.67,6.73,16104.8,0.89,10.72,13326.6,0.56,11.05,12.38,6.7,1.85
2023-12-04,713,274,107,5,2.7,164,0,16.4,10.1,80.4,75.5,133,1,17,0,20686.8,2.07,8.12,16302.45,1.23,10.76,13489.05,1.22,11.2,12.99,9.0,1.44
2023-12-05,451,545,57,19,2.4,121,1,12.0,10.3,80.2,64.8,114,0,16,0,20855.1,0.81,8.45,16364.1,0.38,10.43,13509.05,0.15,10.25,13.46,9.1,1.48
2023-12-06,488,505,73,14,1.5,121,1,12.0,10.4,81.1,59.3,105,0,15,0,20937.7,0.4,7.86,16389.05,0.15,9.6,13545.4,0.27,9.38,13.74,8.9,1.54
2023-12-07,548,443,67,19,5.4,124,0,12.4,10.9,83.0,60.2,99,0,12,0,20901.15,-0.17,7.7,16479.85,0.55,9.91,13586.2,0.3,9.07,12.67,9.0,1.41
2023-12-08,340,654,41,28,1.7,74,1,7.3,10.9,81.3,44.9,91,1,12,0,20969.4,0.33,7.85,16447.95,-0.19,8.65,13470.8,-0.85,7.5,12.47,9.0,1.39
2023-12-11,599,392,86,8,5.3,129,0,12.9,11.5,82.1,54.2,92,1,16,0,20997.1,0.13,8.26,16560.5,0.68,9.36,13546.35,0.56,8.42,12.76,8.7,1.47
2023-12-12,331,663,46,27,2.1,84,0,8.4,11.4,80.9,44.0,87,1,16,0,20906.4,-0.43,7.62,16490.5,-0.42,8.5,13529.6,-0.12,7.83,12.71,9.2,1.38
2023-12-13,600,392,76,14,3.8,118,1,11.7,11.6,82.2,54.9,85,1,15,0,20926.35,0.1,7.63,16629.55,0.84,8.75,13616.7,0.64,6.91,12.07,9.2,1.31
2023-12-14,556,433,75,6,4.0,138,0,13.8,11.8,84.0,62.0,84,1,12,0,21182.7,1.23,7.66,16813.75,1.11,9.01,13722.75,0.78,6.56,12.32,9.2,1.34
2023-12-15,528,464,65,15,3.9,127,0,12.7,12.0,85.2,62.6,76,1,13,0,21456.65,1.29,8.56,16850.05,0.22,8.48,13820.45,0.71,6.85,13.13,9.8,1.34
2023-12-18,541,452,70,4,0.4,118,0,11.8,11.5,86.4,64.9,72,1,10,0,21418.65,-0.18,8.55,16902.45,0.31,8.45,13877.85,0.42,6.94,13.9,9.8,1.42
2023-12-19,457,537,59,6,0.5,100,0,10.0,11.3,86.2,61.3,72,2,12,0,21453.1,0.16,8.93,16836.75,-0.39,8.0,13888.95,0.08,6.99,13.87,9.6,1.44
2023-12-20,56,943,8,461,-8.2,9,1,0.8,10.2,73.2,13.0,39,1,8,0,21150.15,-1.41,6.91,16323.9,-3.05,4.67,13425.25,-3.34,3.22,14.45,11.6,1.25
2023-12-21,844,153,149,5,-2.3,47,1,4.6,9.4,78.7,29.9,60,2,11,0,21255.05,0.5,7.28,16560.65,1.45,5.98,13652.5,1.69,5.86,13.76,11.6,1.19
2023-12-22,685,308,82,8,4.6,85,0,8.5,9.5,81.2,53.0,65,1,12,0,21349.4,0.44,7.81,16693.0,0.8,6.72,13792.0,1.02,6.4,13.71,11.5,1.19
2023-12-26,594,402,80,11,4.5,103,0,10.3,9.3,82.3,68.2,79,2,12,0,21441.35,0.43,8.32,16787.0,0.56,7.1,13833.0,0.3,6.53,14.68,11.4,1.29
2023-12-27,510,478,38,10,8.1,93,1,9.2,9.3,82.6,75.3,64,2,11,0,21654.75,1.0,8.87,16852.45,0.39,7.11,13874.4,0.3,6.61,15.56,11.6,1.34
2023-12-28,428,564,55,11,4.7,110,1,10.9,9.3,82.4,59.0,72,2,11,0,21778.7,0.57,8.37,16933.75,0.48,6.91,13956.55,0.59,6.44,15.14,11.4,1.33
2023-12-29,566,425,57,6,4.8,118,1,11.7,9.1,83.6,61.2,75,2,13,0,21731.4,-0.22,7.94,17077.05,0.85,6.98,14041.3,0.61,5.96,14.5,11.6,1.25
2024-01-01,654,340,100,5,7.3,141,1,14.0,9.2,85.3,67.0,93,2,14,0,21741.9,0.05,7.27,17174.0,0.57,6.64,14129.7,0.63,6.03,14.68,11.6,1.27
2024-01-02,421,572,62,8,4.9,121,1,12.0,9.2,85.2,59.8,83,1,14,0,21665.8,-0.35,4.73,17148.1,-0.15,5.19,14124.25,-0.04,4.71,14.58,9.9,1.47
2024-01-03,529,464,71,5,6.4,121,0,12.1,9.4,86.2,61.7,88,1,16,0,21517.35,-0.69,3.18,17189.95,0.24,5.05,14141.0,0.12,4.68,14.1,10.2,1.38
2024-01-04,669,327,103,5,18.7,180,0,18.0,11.1,88.9,70.0,90,1,19,0,21658.6,0.66,3.44,17443.75,1.48,6.44,14286.3,1.03,5.47,13.33,10.3,1.29
2024-01-05,488,508,49,15,11.6,118,0,11.8,11.8,88.7,67.7,87,2,14,0,21710.8,0.24,3.87,17499.65,0.32,6.19,14382.4,0.67,5.86,12.63,10.2,1.24
2024-01-08,301,695,64,25,3.9,106,0,10.6,12.1,85.4,43.2,83,2,13,0,21513.0,-0.91,2.59,17350.55,-0.85,5.49,14298.2,-0.59,6.14,13.46,10.9,1.23
2024-01-09,557,435,52,18,3.2,112,0,11.2,12.1,86.4,49.8,76,2,16,0,21544.85,0.15,2.61,17382.0,0.18,4.96,14350.9,0.37,5.94,13.26,10.9,1.22
2024-01-10,493,502,68,11,2.7,121,0,12.1,12.4,85.8,48.1,88,1,12,0,21618.7,0.34,3.41,17425.35,0.25,5.67,14379.85,0.2,6.28,12.97,10.7,1.21
2024-01-11,629,362,98,11,6.8,146,0,14.6,12.8,87.2,61.2,88,3,15,0,21647.2,0.13,3.44,17500.5,0.43,5.24,14498.55,0.83,6.48,12.77,10.7,1.19
2024-01-12,501,491,69,17,5.5,142,0,14.2,13.1,87.8,65.5,85,3,15,0,21894.55,1.14,3.36,17563.85,0.36,4.46,14552.75,0.37,6.05,13.1,10.6,1.24
2024-01-15,482,512,75,12,2.0,166,0,16.6,13.3,86.5,59.2,91,3,15,0,22097.45,0.93,2.99,17656.35,0.53,4.79,14589.0,0.25,5.56,13.79,10.2,1.35
2024-01-16,344,655,37,54,0.4,90,0,9.0,13.0,84.8,45.3,76,2,13,1,22032.3,-0.29,2.87,17599.8,-0.32,4.13,14549.05,-0.27,4.84,13.57,10.3,1.32
2024-01-17,241,757,32,23,-5.4,53,0,5.3,12.3,80.5,27.1,71,2,11,0,21571.95,-2.09,0.55,17413.15,-1.06,3.42,14396.6,-1.05,3.66,15.08,13.0,1.16
2024-01-18,463,532,60,16,-9.5,78,1,7.7,11.3,77.8,31.1,122,1,19,0,21462.25,-0.51,1.48,17409.45,-0.02,6.65,14394.95,-0.01,7.22,14.07,12.0,1.17
2024-01-19,688,305,98,8,-5.5,138,1,13.7,11.5,80.8,51.8,108,1,21,0,21622.4,0.75,1.73,17670.85,1.5,6.7,14548.55,1.07,6.56,13.88,12.2,1.14
2024-01-23,182,814,40,270,-7.9,69,7,6.2,11.1,68.5,25.8,89,2,18,0,21238.8,-1.54,-0.52,17204.35,-2.94,3.06,14217.35,-2.72,3.08,14.85,13.8,1.08
2024-01-24,782,212,156,18,-3.4,127,0,12.7,11.2,72.0,50.5,112,2,25,0,21453.95,1.01,0.06,17495.55,1.69,4.22,14467.35,1.76,4.59,14.38,14.2,1.01
2024-01-25,547,450,110,15,-2.3,128,3,12.5,11.3,72.7,55.7,128,2,25,0,21352.6,-0.47,-1.4,17413.75,-0.47,3.33,14543.8,0.53,4.82,13.87,13.8,1.01
2024-01-29,629,365,127,14,-2.3,179,2,17.7,11.6,75.1,66.2,144,2,34,0,21737.6,1.8,-0.19,17669.7,1.47,4.35,14730.25,1.28,5.54,15.68,15.1,1.04
2024-01-30,464,534,67,23,-3.1,126,3,12.3,11.4,75.3,65.7,153,2,36,0,21522.1,-0.99,-0.96,17607.15,-0.35,3.1,14749.95,0.13,5.05,16.1,15.5,1.04
2024-01-31,702,291,136,19,1.3,185,2,18.3,11.5,79.9,76.0,139,2,36,0,21725.7,0.95,-0.07,17884.7,1.58,4.14,15063.5,2.13,6.61,16.05,15.9,1.01
2024-02-01,356,642,75,43,1.5,129,3,12.6,11.9,78.1,61.2,146,2,35,0,21697.45,-0.13,0.15,17782.8,-0.57,3.7,15084.2,0.14,6.8,14.46,15.9,0.91
2024-02-02,518,475,107,37,7.1,163,2,16.1,13.0,76.8,55.9,143,3,38,0,21853.8,0.72,1.56,17873.35,0.51,3.98,15175.9,0.61,7.32,14.7,15.8,0.93
2024-02-05,411,586,87,89,6.0,159,4,15.5,13.8,73.1,46.8,130,3,38,0,21771.7,-0.38,0.52,17871.55,-0.01,2.45,15168.4,-0.05,6.17,15.62,15.8,0.99
2024-02-06,689,307,127,25,6.0,182,2,18.0,14.2,75.9,60.1,142,3,39,0,21929.4,0.72,1.01,18082.0,1.18,3.33,15310.15,0.93,6.45,15.79,15.9,0.99
2024-02-07,533,460,114,37,13.1,149,1,14.8,15.1,77.5,60.9,151,3,42,0,21930.5,0.01,1.94,18203.35,0.67,4.92,15390.45,0.52,7.64,15.51,15.5,1.0
2024-02-08,353,647,70,66,4.4,128,5,12.3,15.0,73.4,49.1,149,2,37,0,21717.95,-0.97,0.8,18161.85,-0.23,4.49,15323.0,-0.44,6.77,15.83,16.0,0.99
2024-02-09,285,715,33,129,-0.8,75,7,6.8,14.4,70.2,31.9,122,2,25,0,21782.5,0.3,0.76,18003.1,-0.87,3.32,15128.35,-1.27,5.21,15.45,16.0,0.97
2024-02-12,139,861,24,387,-10.7,33,10,2.3,12.9,58.9,15.5,72,8,12,0,21616.05,-0.76,-0.14,17572.25,-2.39,0.41,14589.05,-3.56,0.62,16.06,16.2,0.99
2024-02-13,516,477,82,58,-9.6,47,7,4.0,12.1,59.4,21.9,70,4,10,0,21743.25,0.59,-0.69,17622.65,0.29,0.33,14641.05,0.36,0.61,15.81,15.8,1.0
2024-02-14,705,292,158,25,-9.6,67,6,6.1,10.8,62.6,42.1,83,3,12,1,21840.05,0.45,-1.16,17773.85,0.86,0.67,14829.25,1.29,1.65,15.44,15.5,1.0
2024-02-15,678,321,146,17,-3.1,87,6,8.1,10.4,65.8,68.8,103,2,18,1,21910.75,0.32,-0.55,17941.8,0.94,1.94,15002.05,1.17,3.11,15.23,15.6,0.98
2024-02-16,588,408,90,17,-1.8,99,2,9.7,9.8,66.9,78.1,119,2,19,1,22040.7,0.59,2.17,18081.7,0.78,3.84,15098.9,0.65,4.88,15.22,13.6,1.12
2024-02-19,602,394,123,16,2.1,118,0,11.8,9.4,69.6,77.6,137,3,23,1,22122.25,0.37,3.08,18166.65,0.47,4.35,15171.0,0.48,5.39,16.02,13.4,1.2
2024-02-20,415,579,64,17,-3.4,75,0,7.5,8.3,68.9,64.6,115,2,22,1,22196.95,0.34,2.66,18137.4,-0.16,2.64,15110.7,-0.4,3.86,16.07,13.3,1.21
2024-02-21,253,739,35,59,-9.0,56,2,5.4,7.4,65.0,39.8,116,1,20,0,22055.05,-0.64,3.84,17939.45,-1.09,4.27,14992.15,-0.78,5.45,15.93,11.6,1.37
2024-02-22,589,407,61,8,-4.2,83,3,8.0,7.0,66.1,43.7,97,2,15,0,22217.45,0.74,3.56,18082.9,0.8,3.36,15083.55,0.61,4.26,15.2,11.3,1.35
2024-02-23,518,477,82,10,0.5,95,2,9.3,7.2,67.5,50.2,101,3,13,0,22212.7,-0.02,4.03,18149.05,0.37,4.22,15169.5,0.57,4.3,14.97,11.1,1.35
2024-02-26,383,611,65,24,5.4,93,5,8.8,7.9,66.6,46.6,81,4,15,0,22122.05,-0.41,1.77,18093.0,-0.31,2.4,15143.4,-0.17,2.8,15.6,9.6,1.63
2024-02-27,380,614,34,43,2.7,74,5,6.9,8.2,64.1,43.6,71,8,9,0,22198.35,0.34,3.14,18074.3,-0.1,2.65,15181.95,0.25,2.93,15.73,8.7,1.81
2024-02-28,120,879,12,163,-9.0,19,6,1.3,7.7,55.5,18.6,49,9,7,0,21951.15,-1.11,1.04,17749.0,-1.8,-0.76,14895.25,-1.89,-1.12,16.33,9.3,1.76
2024-02-29,549,443,71,24,-11.5,34,6,2.8,7.2,56.8,26.9,57,6,10,0,21982.8,0.14,1.32,17831.1,0.46,0.27,14965.05,0.47,-0.79,15.57,9.3,1.67
2024-03-01,666,332,87,14,-10.0,56,4,5.2,6.7,60.1,46.4,48,5,11,0,22338.75,1.62,2.22,17974.65,0.81,0.57,15061.35,0.64,-0.75,15.24,10.5,1.45
2024-03-04,446,548,61,40,-13.1,68,6,6.2,6.1,59.3,49.9,51,10,12,0,22405.6,0.12,2.91,18110.05,0.09,1.33,15077.1,-0.6,-0.6,14.92,10.4,1.43
2024-03-05,302,693,33,70,-15.4,51,8,4.3,5.8,55.1,41.4,37,14,7,0,22356.3,-0.22,1.95,18065.2,-0.25,-0.09,14979.6,-0.65,-2.16,14.38,10.2,1.41
2024-03-06,170,829,9,165,-17.1,27,13,1.4,5.4,47.4,22.7,25,21,3,1,22474.05,0.53,2.48,17950.0,-0.64,-1.39,14684.2,-1.97,-4.59,14.3,10.3,1.39
2024-03-07,606,388,72,7,-16.7,34,8,2.6,4.9,48.4,27.7,24,16,4,1,22493.55,0.09,3.57,17995.7,0.25,-0.91,14803.2,0.81,-3.39,13.61,9.5,1.43
2024-03-11,159,839,16,230,-24.0,19,19,0.0,4.0,40.4,16.0,19,24,6,1,22332.65,-0.72,2.53,17911.75,-0.47,-0.51,14507.15,-2.0,-4.11,14.0,10.0,1.4
2024-03-12,133,864,9,247,-29.0,8,18,-1.0,3.0,31.3,10.3,21,22,4,1,22335.7,0.01,3.33,17685.6,-1.26,0.65,14208.65,-2.06,-2.61,13.64,9.5,1.44
2024-03-13,24,976,1,665,-36.2,1,39,-3.8,1.9,16.6,1.9,9,52,4,2,21997.7,-1.51,1.17,16948.25,-4.17,-3.83,13473.2,-5.18,-7.98,14.43,11.0,1.31
2024-03-14,846,151,402,17,-21.6,11,10,0.1,1.8,24.6,19.0,15,29,0,2,22146.65,0.68,1.4,17308.75,2.13,-2.62,13892.7,3.11,-6.32,13.62,11.2,1.22
2024-03-15,470,525,62,36,-23.2,7,9,-0.2,1.5,23.9,37.2,14,33,0,1,22023.35,-0.56,0.51,17254.2,-0.32,-3.83,13922.35,0.21,-7.2,13.69,11.3,1.21
2024-03-18,474,521,63,30,-27.0,14,10,0.4,1.0,24.2,52.9,12,34,0,1,22055.7,0.15,0.07,17215.85,-0.22,-4.79,13882.25,-0.29,-8.06,13.9,11.2,1.24
2024-03-19,211,788,19,64,-31.8,6,16,-1.0,0.3,19.8,39.4,9,58,0,1,21817.45,-1.08,-1.38,17022.65,-1.12,-6.3,13718.4,-1.18,-9.57,14.11,11.7,1.21
2024-03-20,436,558,43,23,-29.1,7,16,-0.9,-0.2,20.1,32.4,8,58,0,1,21839.1,0.1,-1.61,17011.75,-0.06,-6.21,13733.55,0.11,-9.11,13.47,11.6,1.16
2024-03-21,864,132,171,4,-15.2,19,3,1.6,-0.2,26.2,71.1,9,34,3,1,22011.95,0.79,-0.2,17396.3,2.26,-3.03,14047.3,2.28,-6.3,12.51,11.8,1.06
2024-03-22,706,285,97,7,-13.2,34,4,3.0,-0.2,29.7,80.0,11,27,2,1,22096.75,0.39,-0.54,17502.8,0.61,-3.21,14161.4,0.81,-6.11,12.22,11.6,1.05
2024-03-26,371,624,64,41,-8.9,33,24,0.9,-0.1,29.7,62.9,8,37,2,1,22004.7,-0.42,-0.94,17664.35,0.92,-2.67,14167.85,0.05,-6.6,12.82,11.7,1.1
2024-03-27,528,466,86,30,-1.0,32,25,0.7,0.1,32.9,59.7,8,38,1,1,22123.65,0.54,0.01,17685.85,0.12,-2.25,14283.6,0.82,-5.68,12.7,11.8,1.08
2024-03-28,540,453,58,13,9.4,37,29,0.8,0.5,36.2,55.5,7,36,1,0,22326.9,0.92,0.58,17766.0,0.45,-1.71,14330.5,0.33,-5.61,12.83,12.2,1.05
2024-04-01,867,133,390,2,9.8,65,1,6.4,1.2,46.0,90.7,16,15,1,0,22462.0,0.61,2.33,18084.7,1.79,1.89,14762.15,3.01,-0.89,12.08,11.5,1.05
2024-04-02,738,261,141,4,15.1,76,0,7.6,2.0,51.3,91.2,13,9,1,0,22453.3,-0.04,2.14,18286.35,1.12,2.55,14908.3,0.99,-0.38,11.65,11.5,1.01
2024-04-03,688,310,134,4,19.4,81,0,8.1,2.7,57.9,89.4,13,8,1,0,22434.65,-0.08,0.43,18378.6,0.5,2.25,15065.35,1.05,0.03,11.37,10.1,1.13
2024-04-04,536,460,71,7,25.9,67,0,6.7,3.5,60.9,82.5,14,6,1,0,22514.65,0.36,0.49,18385.95,0.04,1.52,15159.25,0.62,0.54,11.22,10.1,1.11
2024-04-05,571,424,50,2,28.6,61,1,6.0,4.2,64.4,75.7,14,4,1,0,22513.7,0.0,0.7,18473.25,0.47,2.26,15248.2,0.59,1.79,11.34,10.1,1.12
2024-04-08,432,564,56,18,20.0,72,2,7.0,4.7,62.4,58.5,23,2,3,0,22666.3,0.68,0.86,18511.15,0.21,3.13,15286.55,0.25,4.1,11.61,10.2,1.14
2024-04-09,348,649,35,11,12.8,64,1,6.3,5.1,60.6,43.0,24,4,1,0,22642.75,-0.1,0.66,18465.55,-0.25,2.61,15293.4,0.04,3.31,11.36,10.2,1.11
2024-04-10,535,458,59,17,16.1,58,1,5.7,5.5,64.3,48.9,38,4,4,0,22753.8,0.49,1.89,18625.4,0.87,3.98,15384.5,0.6,6.05,11.11,9.9,1.12
2024-04-12,291,704,25,31,11.3,43,3,4.0,5.9,59.5,34.3,52,3,6,0,22519.4,-1.03,0.82,18534.7,-0.49,4.8,15322.15,-0.41,7.84,11.53,10.7,1.08
2024-04-15,152,846,16,105,3.5,21,5,1.6,5.9,49.4,17.3,111,3,8,0,22272.5,-1.1,1.25,18283.2,-1.36,7.88,15086.65,-1.54,11.98,12.47,10.0,1.25
2024-04-16,617,373,66,5,-1.4,43,2,4.1,5.7,52.9,28.9,75,2,11,0,22147.9,-0.56,0.01,18260.6,-0.12,5.5,15183.7,0.64,9.29,12.62,9.9,1.27
2024-04-18,389,600,55,19,-8.3,47,2,4.5,5.4,50.9,32.5,73,2,12,0,21995.85,-0.69,-0.12,18195.65,-0.36,5.46,15180.6,-0.02,9.04,13.04,10.0,1.3
2024-04-19,438,554,42,12,-13.2,48,2,4.6,5.1,50.5,36.9,85,3,12,0,22147.0,0.69,0.41,18111.25,-0.46,5.2,15162.2,-0.12,9.22,13.46,10.3,1.31
2024-04-22,760,233,136,7,-8.7,76,1,7.5,5.1,58.1,70.4,128,2,19,0,22336.4,0.86,2.38,18234.3,0.68,7.12,15338.0,1.16,11.81,12.7,9.8,1.3
2024-04-23,615,378,89,17,-7.8,74,1,7.3,5.3,63.7,74.2,139,2,18,0,22368.0,0.14,2.42,18417.95,1.01,8.27,15486.0,0.96,12.76,10.2,9.8,1.04
2024-04-24,611,381,74,14,-4.2,82,0,8.2,5.4,69.4,77.8,121,2,16,0,22402.4,0.15,1.77,18568.3,0.82,6.74,15609.2,0.8,11.12,10.28,9.5,1.08
2024-04-25,550,442,68,13,-0.1,88,2,8.6,5.6,71.3,73.6,112,3,19,0,22570.35,0.75,2.14,18643.25,0.4,6.52,15739.15,0.83,11.14,10.73,9.7,1.11
2024-04-26,462,531,54,16,-1.6,69,3,6.6,5.7,72.0,62.3,122,3,24,0,22419.95,-0.67,1.89,18782.5,0.75,6.33,15814.5,0.48,11.62,10.93,10.0,1.09
2024-04-29,493,494,62,14,2.6,69,0,6.9,6.0,73.9,57.3,126,3,20,0,22643.4,1.0,2.35,18847.0,0.34,6.57,15824.55,0.06,10.79,12.24,10.3,1.19
2024-04-30,451,541,47,18,8.6,58,2,5.6,6.4,73.5,51.7,116,3,19,0,22604.85,-0.17,1.24,18893.0,0.24,6.34,15833.4,0.06,10.49,12.87,9.9,1.3
2024-05-02,488,506,63,18,6.0,90,3,8.7,6.9,73.3,49.6,89,3,15,0,22648.2,0.19,0.83,18975.25,0.44,4.92,15848.4,0.09,7.36,13.45,9.8,1.37
2024-05-03,311,683,35,17,4.4,58,1,5.7,7.0,71.1,38.9,70,3,11,0,22475.85,-0.76,0.1,18907.7,-0.36,3.4,15793.3,-0.35,5.94,14.62,10.2,1.43
2024-05-06,228,770,36,74,0.1,48,3,4.5,7.0,64.8,25.5,53,2,7,0,22442.7,-0.15,0.04,18821.3,-0.46,2.41,15617.15,-1.12,3.66,16.6,10.2,1.63
2024-05-07,172,827,23,105,-11.7,17,5,1.2,6.3,59.1,15.6,43,3,7,0,22302.5,-0.62,-0.94,18471.85,-1.86,0.47,15339.25,-1.78,1.19,17.01,10.3,1.65
2024-05-08,616,376,62,18,-11.7,46,4,4.2,6.0,60.8,27.8,43,3,5,0,22302.5,0.0,-0.94,18568.7,0.52,0.52,15414.9,0.49,1.09,17.08,10.3,1.66
2024-05-09,94,906,11,205,-22.1,11,10,0.1,5.2,49.0,11.7,29,5,2,1,21957.5,-1.55,-3.13,18245.35,-1.74,-1.44,15006.35,-2.65,-1.83,18.2,11.3,1.61
2024-05-10,667,329,69,10,-19.8,22,5,1.7,4.5,52.3,27.6,30,7,2,1,22055.2,0.44,-2.59,18423.3,0.98,-0.23,15104.9,0.66,-1.23,18.47,11.5,1.61
2024-05-13,423,572,51,24,-20.6,33,5,2.8,4.1,52.0,34.2,36,7,4,1,22104.05,0.22,-2.86,18516.75,0.51,-0.58,15050.75,-0.36,-2.17,20.6,11.3,1.82
2024-05-14,793,201,158,5,-14.7,60,3,5.7,4.0,60.0,69.8,53,4,6,0,22217.85,0.51,-1.34,18690.1,0.94,0.84,15315.45,1.76,-0.04,20.2,11.0,1.84
2024-05-15,593,400,86,15,-11.8,65,1,6.4,4.1,62.8,78.9,67,3,10,0,22200.55,-0.08,-0.32,18865.2,0.94,3.18,15431.2,0.76,2.28,20.27,10.3,1.97
2024-05-16,584,412,59,13,-10.0,75,2,7.3,4.0,63.2,75.3,59,4,10,0,22403.85,0.92,1.16,19048.8,0.97,4.32,15545.75,0.74,2.38,20.0,10.6,1.89
2024-05-17,687,310,92,10,-2.5,95,1,9.4,4.3,69.3,79.6,66,3,11,0,22466.1,0.28,2.14,19249.2,1.05,5.79,15792.9,1.59,4.03,19.8,10.2,1.94
2024-05-21,498,499,109,47,2.9,110,2,10.8,5.0,70.4,64.8,85,3,12,0,22529.05,0.12,1.73,19413.2,0.31,7.19,15867.75,-0.43,4.65,21.81,10.0,2.18
2024-05-22,476,515,62,28,9.1,75,2,7.3,5.6,71.3,61.4,75,3,8,0,22597.8,0.31,1.17,19469.35,0.29,6.77,15847.05,-0.13,3.32,21.47,9.7,2.21
2024-05-23,480,512,42,22,6.4,71,2,6.9,5.8,70.8,55.8,65,2,6,0,22967.65,1.64,2.68,19562.55,0.48,6.21,15885.85,0.24,2.58,21.38,11.2,1.91
2024-05-24,354,640,49,31,11.7,60,2,5.8,6.4,68.6,44.2,63,1,6,0,22957.1,-0.05,2.48,19553.15,-0.05,5.3,15865.65,-0.13,1.64,21.71,11.2,1.94
2024-05-27,382,614,53,46,6.0,48,2,4.6,6.7,66.2,40.1,52,1,3,0,22932.45,-0.11,1.6,19625.9,0.37,5.27,15935.55,0.44,1.25,23.19,11.0,2.11
2024-05-28,257,739,18,67,2.6,33,2,3.1,6.7,61.8,28.6,39,1,2,0,22888.15,-0.19,2.09,19474.95,-0.77,3.69,15773.05,-1.02,-0.26,24.2,10.6,2.28
2024-05-29,436,554,52,20,-4.5,47,2,4.5,6.6,59.6,28.6,41,1,4,0,22704.7,-0.8,0.27,19421.2,-0.28,3.05,15786.2,0.08,-0.24,24.18,10.6,2.28
2024-05-30,186,811,21,64,-12.7,21,8,1.3,6.1,52.5,17.5,36,2,4,0,22488.65,-0.95,-0.51,19196.7,-1.16,1.61,15551.95,-1.48,-1.78,24.18,11.1,2.18
2024-05-31,494,499,76,22,-14.4,34,9,2.5,5.6,51.9,29.3,36,3,3,0,22530.7,0.19,-0.52,19308.75,0.58,1.76,15626.65,0.48,-1.4,24.6,11.1,2.22
2024-06-03,760,237,219,11,-13.0,98,0,9.8,5.7,58.5,65.6,48,4,4,0,23263.9,3.25,3.51,19889.85,3.01,5.19,15948.75,2.06,0.98,20.94,15.6,1.34
2024-06-04,41,959,5,745,-22.1,5,35,-3.0,4.3,29.1,5.8,14,11,2,0,21884.5,-5.93,-2.49,18476.25,-7.11,-1.83,14761.1,-7.45,-5.48,26.75,27.3,0.98
2024-06-05,867,131,424,28,-14.4,47,3,4.4,4.0,42.9,40.4,34,3,5,0,22620.35,3.36,1.43,19189.8,3.86,3.89,15250.0,3.31,-0.58,18.89,29.8,0.63
2024-06-06,877,119,308,6,-6.5,58,0,5.8,3.9,54.4,78.5,39,4,5,0,22821.4,0.89,2.33,19607.2,2.18,5.59,15745.9,3.25,2.15,16.8,29.9,0.56
2024-06-07,867,131,174,5,3.7,100,0,10.0,4.3,64.1,93.9,81,3,14,0,23290.15,2.05,6.07,19884.25,1.41,8.98,16100.0,2.25,7.29,16.88,29.9,0.56
2024-06-10,684,314,117,9,9.7,113,0,11.3,5.0,70.9,97.7,83,1,11,0,23259.2,-0.13,5.46,19956.65,0.36,8.32,16312.5,1.32,7.99,16.4,30.0,0.55
2024-06-11,638,361,114,9,17.3,114,0,11.4,5.8,74.8,90.3,104,1,13,0,23264.85,0.02,5.25,20119.55,0.82,8.66,16413.65,0.62,9.06,14.77,30.0,0.49
2024-06-12,667,331,78,5,21.9,119,0,11.9,6.5,78.0,84.9,90,1,8,0,23322.95,0.25,4.97,20321.2,1.0,8.73,16567.7,0.94,8.18,14.39,30.0,0.48
2024-06-13,583,414,81,7,29.8,127,1,12.6,7.7,79.9,77.4,83,1,8,0,23398.9,0.33,5.4,20480.05,0.78,8.56,16701.65,0.81,8.23,13.49,30.0,0.45
2024-06-14,578,420,102,7,31.5,141,0,14.1,8.8,81.9,73.8,91,1,14,0,23465.6,0.29,4.74,20698.25,1.07,8.66,16845.55,0.86,8.36,12.82,29.9,0.43
2024-06-18,565,434,117,16,27.5,138,0,13.8,9.2,83.3,70.0,91,1,12,0,23557.9,0.39,4.86,20809.75,0.54,8.11,17007.85,0.96,7.69,12.97,29.9,0.43
2024-06-19,332,665,66,27,33.4,69,1,6.8,10.2,81.4,50.9,77,1,12,0,23516.0,-0.18,4.38,20591.65,-1.05,6.07,16942.8,-0.38,6.78,13.71,29.9,0.46
2024-06-20,627,370,106,5,28.6,106,1,10.5,10.8,84.2,59.9,96,1,12,0,23567.0,0.22,4.29,20766.7,0.85,6.66,17054.0,0.66,7.62,13.35,29.9,0.45
2024-06-21,409,586,52,40,19.2,76,1,7.5,11.0,82.9,51.2,91,2,12,0,23501.1,-0.28,2.32,20735.25,-0.15,5.99,17046.55,-0.04,7.31,13.18,29.5,0.45
2024-06-24,472,525,76,24,11.4,102,1,10.1,11.0,81.6,49.6,93,2,13,0,23537.85,0.16,2.53,20784.0,0.24,6.29,17048.15,0.01,7.45,14.06,29.5,0.48
2024-06-25,409,588,38,23,5.9,81,0,8.1,10.7,82.1,46.8,107,2,12,0,23721.3,0.78,3.44,20734.55,-0.24,5.65,17059.7,0.07,7.05,14.31,29.5,0.49
2024-06-26,438,560,64,10,1.9,76,1,7.5,10.3,81.3,44.7,120,2,14,0,23868.8,0.62,4.28,20680.7,-0.26,6.19,17095.7,0.21,8.39,14.05,29.5,0.48
2024-06-27,314,685,33,48,-5.2,64,1,6.3,9.7,78.3,36.9,108,2,12,0,24044.5,0.74,5.9,20723.15,0.21,6.7,16999.55,-0.56,7.69,14.15,29.3,0.48
2024-06-28,556,439,68,5,-5.7,66,1,6.5,9.1,79.6,41.8,136,2,8,0,24010.6,-0.14,6.77,20831.95,0.53,8.52,17111.05,0.66,10.03,13.8,29.0,0.48
2024-07-01,743,256,138,7,-2.4,132,2,13.0,9.0,83.0,67.8,168,2,23,0,24141.95,0.55,7.15,21029.9,0.95,8.91,17367.65,1.5,11.14,13.83,29.0,0.48
2024-07-02,465,533,63,14,-4.4,113,1,11.2,8.8,82.6,62.8,149,3,23,0,24123.85,-0.07,3.7,20909.9,-0.57,5.13,17339.35,-0.16,8.72,13.64,27.0,0.51
2024-07-03,626,372,77,8,1.5,126,1,12.5,9.3,84.3,73.5,326,2,55,0,24286.5,0.67,10.98,21072.75,0.78,14.05,17494.7,0.9,18.52,13.21,13.3,0.99
2024-07-04,497,500,64,9,-1.1,108,0,10.8,9.4,84.7,65.5,246,3,43,0,24302.15,0.06,7.43,21215.3,0.68,10.56,17591.95,0.56,15.36,12.86,8.3,1.55
2024-07-05,567,431,83,5,2.0,131,0,13.1,9.9,85.8,63.0,201,3,35,0,24323.85,0.09,6.58,21352.5,0.65,8.9,17712.3,0.68,12.49,12.7,8.2,1.55
2024-07-08,374,624,70,26,0.0,98,2,9.6,9.9,84.2,49.6,160,4,29,0,24320.55,-0.01,4.42,21289.35,-0.3,7.07,17665.75,-0.26,9.73,13.6,5.1,2.67
2024-07-09,504,494,70,28,1.9,102,2,10.0,10.0,84.3,51.8,123,3,23,0,24433.2,0.46,5.05,21347.5,0.27,6.97,17707.65,0.24,8.55,14.28,5.0,2.86
2024-07-10,298,701,35,38,-0.9,66,1,6.5,10.0,83.2,36.5,98,3,18,0,24324.45,-0.45,4.55,21266.6,-0.38,5.7,17585.7,-0.69,7.14,14.43,5.5,2.62
2024-07-11,592,406,84,6,4.7,93,2,9.1,10.2,84.5,45.6,106,4,21,0,24315.95,-0.03,4.26,21312.15,0.21,4.88,17692.15,0.61,6.79,14.0,5.6,2.5
2024-07-12,380,618,43,31,1.1,63,2,6.1,10.2,82.7,43.7,93,2,18,0,24502.15,0.77,4.71,21300.25,-0.06,4.0,17679.2,-0.07,5.85,13.73,5.9,2.33
2024-07-15,537,463,77,14,-3.0,80,3,7.7,9.7,84.7,51.2,86,2,13,0,24586.7,0.35,4.78,21448.85,0.7,3.63,17743.15,0.36,5.33,14.19,6.0,2.36
2024-07-16,454,543,50,17,-3.2,75,1,7.4,9.3,84.7,54.2,85,2,12,0,24613.0,0.11,4.48,21456.5,0.04,3.11,17774.9,0.18,4.51,14.22,5.9,2.41
2024-07-18,278,720,28,69,-10.2,51,2,4.9,8.5,81.6,36.2,74,2,7,0,24800.85,0.76,5.46,21255.6,-0.94,3.22,17577.65,-1.11,3.75,14.51,6.0,2.42
2024-07-19,96,903,9,202,-18.2,15,1,1.4,7.6,71.2,12.8,42,2,5,0,24530.9,-1.09,4.09,20812.25,-2.09,0.22,17163.4,-2.36,0.64,14.83,7.7,1.93
2024-07-22,663,336,81,11,-16.3,39,3,3.6,6.6,75.1,25.7,47,3,9,1,24509.25,-0.09,4.29,21040.35,1.1,1.47,17317.0,0.89,1.59,15.44,7.6,2.03
2024-07-23,428,571,66,41,-15.3,45,0,4.5,6.1,71.1,32.8,40,4,4,1,24479.05,-0.12,4.0,20947.8,-0.44,0.79,17212.15,-0.61,0.96,12.75,7.7,1.66
2024-07-24,770,228,192,6,-9.9,95,0,9.5,6.1,77.0,69.7,62,2,8,1,24413.5,-0.27,2.92,21133.35,0.89,1.92,17532.7,1.86,2.77,11.76,7.5,1.57
2024-07-25,437,562,69,20,-7.2,85,1,8.4,6.3,76.0,69.0,74,2,9,1,24406.1,-0.03,2.25,21080.45,-0.25,1.93,17483.8,-0.28,2.27,12.62,7.4,1.71
2024-07-26,741,258,84,13,-4.2,114,0,11.4,6.5,80.8,80.6,83,2,9,1,24834.85,1.76,3.29,21442.4,1.72,3.47,17647.4,0.94,3.81,12.25,9.1,1.35
2024-07-29,598,399,80,20,0.2,111,3,10.8,7.0,82.2,79.0,84,2,7,1,24836.1,0.01,3.44,21644.85,0.94,3.9,17836.55,1.07,4.24,12.95,9.1,1.42
2024-07-30,596,404,68,9,1.4,121,2,11.9,7.4,83.5,73.6,75,1,8,0,24857.3,0.09,2.96,21749.5,0.48,3.42,17983.3,0.82,3.54,12.88,9.0,1.43
2024-07-31,464,535,52,21,1.5,116,3,11.3,7.8,84.0,67.3,68,1,7,0,24951.15,0.38,3.43,21860.95,0.51,4.55,17948.0,-0.2,3.51,13.25,9.0,1.47
2024-08-01,295,704,42,52,1.9,70,1,6.9,8.0,80.1,43.0,56,2,5,0,25010.9,0.24,2.98,21706.45,-0.71,3.01,17825.05,-0.69,1.89,12.93,8.8,1.47
2024-08-02,339,659,59,33,6.8,82,2,8.0,8.6,75.7,31.8,57,2,10,0,24717.7,-1.17,1.71,21492.25,-0.99,1.31,17677.65,-0.83,0.49,14.32,10.0,1.43
2024-08-05,36,964,9,568,-5.8,12,10,0.2,8.3,54.0,7.5,32,5,5,0,24055.6,-2.68,-1.1,20734.85,-3.52,-2.89,16937.9,-4.18,-4.37,20.37,14.1,1.44
2024-08-06,336,663,29,68,-7.6,17,11,0.6,7.9,51.0,8.6,28,4,5,0,23992.55,-0.26,-1.35,20611.15,-0.6,-3.19,16871.85,-0.39,-4.49,18.74,14.1,1.33
2024-08-07,881,118,237,8,-5.4,63,7,5.6,7.5,61.6,40.0,47,3,4,0,24297.5,1.27,-0.56,21063.7,2.2,-1.33,17274.9,2.39,-2.44,16.17,14.8,1.09
2024-08-08,363,633,63,29,-6.9,58,7,5.1,7.2,58.3,46.3,62,4,7,0,24117.0,-0.74,-0.85,20991.0,-0.35,-1.3,17226.15,-0.28,-2.04,16.6,14.9,1.11
2024-08-09,635,360,103,22,-9.0,80,7,7.3,6.8,61.0,70.3,62,3,3,0,24367.5,1.04,0.21,21151.35,0.76,-0.75,17335.9,0.64,-2.01,15.34,15.4,1.0
2024-08-12,492,507,82,37,-11.1,69,6,6.3,6.3,58.7,62.5,63,4,5,0,24347.0,-0.08,-0.63,21208.7,0.27,-0.43,17392.15,0.32,-1.62,15.87,15.1,1.05
2024-08-13,204,794,21,131,-18.9,40,10,3.0,5.4,53.6,31.0,43,3,5,0,24139.0,-0.85,-1.82,21044.95,-0.77,-1.88,17177.4,-1.23,-3.19,16.17,15.3,1.06
2024-08-14,333,667,33,62,-21.5,31,9,2.2,4.5,49.9,25.6,47,5,2,0,24143.75,0.02,-1.91,20917.75,-0.6,-2.51,17080.15,-0.57,-3.91,15.44,15.3,1.01
2024-08-16,788,210,136,12,-11.7,67,3,6.4,4.5,54.9,55.5,62,2,4,0,24541.15,1.65,-1.05,21298.35,1.82,0.2,17371.4,1.71,-1.17,14.4,16.3,0.88
2024-08-19,718,281,136,11,-4.1,99,3,9.6,4.6,57.2,72.2,93,3,13,0,24572.65,0.13,0.17,21351.4,0.25,2.59,17637.25,1.53,2.76,14.32,15.8,0.91
2024-08-20,615,385,93,9,7.5,99,1,9.8,5.6,60.5,81.9,94,3,16,0,24698.85,0.51,0.77,21529.05,0.83,2.32,17732.5,0.54,2.4,13.82,15.9,0.87
2024-08-21,682,316,94,8,14.4,134,1,13.3,6.9,62.5,83.7,104,2,18,0,24770.2,0.29,1.19,21617.7,0.41,3.2,17927.75,1.1,4.16,13.33,15.9,0.84
2024-08-22,603,396,65,11,8.8,121,0,12.1,7.5,65.4,78.6,86,3,14,0,24811.5,0.17,1.63,21760.35,0.66,2.97,17984.45,0.32,2.58,13.0,15.9,0.82
2024-08-23,437,559,61,15,10.3,118,0,11.8,8.2,64.8,63.6,89,2,15,0,24823.15,0.05,1.71,21645.65,-0.53,2.68,18006.55,0.12,2.99,13.55,15.9,0.85
2024-08-26,496,503,74,28,7.5,115,1,11.4,8.6,65.1,58.2,73,4,11,0,25010.6,0.76,0.71,21758.45,0.52,1.47,18081.15,0.41,2.46,13.8,14.8,0.93
2024-08-27,553,445,68,15,8.7,113,0,11.3,9.1,67.5,56.5,77,3,14,0,25017.75,0.03,0.73,21869.75,0.51,1.04,18219.55,0.77,2.15,13.63,14.8,0.92
2024-08-28,370,628,29,24,12.1,66,0,6.6,9.5,67.1,49.6,64,4,13,0,25052.35,0.14,0.78,21838.7,-0.14,0.41,18180.3,-0.22,1.1,13.95,14.8,0.94
2024-08-29,267,731,25,28,10.8,50,0,5.0,9.7,64.0,34.9,55,7,9,0,25151.95,0.4,0.8,21741.35,-0.45,-0.55,18077.05,-0.57,0.72,13.79,14.8,0.93
2024-08-30,601,396,77,12,7.0,89,1,8.8,10.0,67.4,47.2,65,3,9,0,25235.9,0.33,0.9,21925.45,0.85,1.01,18170.25,0.52,1.94,13.39,14.9,0.9
2024-09-02,380,619,40,35,0.3,73,1,7.2,9.7,65.6,43.4,65,3,10,0,25278.7,0.17,2.27,21862.85,-0.29,1.72,18157.7,-0.07,2.72,14.06,14.1,1.0
2024-09-03,533,465,54,8,-1.4,82,0,8.2,9.6,66.8,50.6,110,1,17,0,25279.85,0.0,5.09,21913.8,0.23,5.69,18264.3,0.59,7.83,13.84,9.5,1.46
2024-09-04,485,511,67,16,-5.3,103,0,10.3,9.3,66.4,52.6,126,1,24,0,25198.7,-0.32,5.03,21895.35,-0.08,6.23,18320.6,0.31,8.59,14.38,9.5,1.51
2024-09-05,564,433,77,10,-6.0,120,0,12.0,9.3,68.2,56.9,110,1,19,0,25145.1,-0.21,3.49,21976.9,0.37,4.34,18495.35,0.95,7.06,14.21,8.8,1.61
2024-09-06,212,788,27,52,-10.6,50,1,4.9,8.6,61.2,33.4,102,1,18,0,24852.15,-1.17,3.05,21675.8,-1.37,3.26,18307.85,-1.01,6.28,15.22,9.5,1.6
2024-09-09,352,646,48,39,-13.5,70,0,7.0,8.1,59.6,29.9,92,0,16,0,24936.4,0.34,2.33,21621.4,-0.25,2.22,18155.9,-0.83,4.73,14.24,9.0,1.58
2024-09-10,731,267,92,12,-9.9,78,1,7.7,7.8,64.4,54.0,99,1,17,0,25041.1,0.42,2.85,21853.55,1.07,3.04,18383.0,1.25,5.7,13.36,9.0,1.48
2024-09-11,275,725,31,41,-11.8,61,0,6.1,7.7,60.3,38.9,98,1,19,0,24918.45,-0.49,3.23,21798.95,-0.25,3.58,18238.8,-0.78,6.18,13.63,8.5,1.6
2024-09-12,683,314,65,10,-3.5,104,2,10.2,8.2,64.5,59.4,113,1,20,0,25388.9,1.89,5.16,22047.7,1.14,5.4,18381.7,0.78,7.62,13.18,10.4,1.27
2024-09-13,621,377,74,10,-3.1,109,0,10.9,8.5,68.0,70.1,106,2,22,0,25356.5,-0.13,3.32,22190.35,0.65,4.19,18543.15,0.88,6.75,12.55,9.1,1.38
2024-09-16,448,550,72,26,-1.7,98,0,9.8,8.7,67.6,57.2,85,2,18,0,25383.75,0.11,3.3,22264.7,0.34,4.28,18572.9,0.16,5.3,12.46,9.1,1.37
2024-09-17,372,626,31,27,-4.9,78,1,7.7,8.7,67.0,52.9,71,1,10,0,25418.55,0.14,2.91,22235.35,-0.13,3.28,18538.3,-0.19,4.54,12.59,9.1,1.38
2024-09-18,281,718,36,41,-9.1,50,2,4.8,8.1,63.8,34.0,59,1,5,0,25377.55,-0.16,2.45,22079.9,-0.7,2.14,18475.8,-0.34,3.06,13.37,9.1,1.47
2024-09-19,265,735,15,81,-15.1,31,3,2.8,7.2,58.6,23.2,48,2,4,0,25415.8,0.15,2.44,21965.15,-0.52,0.94,18270.4,-1.11,1.59,12.47,9.1,1.37
2024-09-20,704,294,114,12,-5.2,84,1,8.3,7.5,62.0,42.5,51,3,7,0,25790.95,1.48,3.9,22256.1,1.32,2.82,18464.65,1.06,2.54,12.79,10.3,1.24
2024-09-23,611,384,92,13,0.0,82,2,8.0,7.6,64.0,60.8,48,3,6,0,25939.05,0.57,3.71,22423.7,0.75,3.06,18623.15,0.86,3.0,13.79,10.2,1.35
2024-09-24,432,567,54,24,-6.0,67,1,6.6,7.5,64.8,60.5,44,3,8,0,25940.4,0.01,3.69,22493.5,0.31,2.85,18583.3,-0.21,2.0,13.39,10.2,1.31
2024-09-25,385,613,34,26,-3.8,53,3,5.0,7.4,64.2,51.6,46,2,5,0,26004.15,0.25,3.8,22357.4,-0.61,2.38,18518.1,-0.35,1.86,12.74,10.2,1.25
2024-09-26,382,617,37,24,-9.8,66,2,6.4,7.0,62.8,39.7,49,2,5,0,26216.05,0.81,4.23,22367.85,0.05,2.88,18434.95,-0.45,1.98,12.0,10.4,1.15
2024-09-27,462,535,66,34,-13.0,60,2,5.8,6.5,62.4,39.0,43,2,9,0,26178.95,-0.14,3.74,22360.85,-0.03,1.99,18399.85,-0.19,1.26,11.96,10.4,1.15
2024-09-30,422,577,48,26,-13.5,49,6,4.3,6.0,61.9,40.5,44,2,9,0,25810.85,-1.41,2.11,22311.95,-0.22,2.05,18410.7,0.06,1.39,12.79,11.9,1.07
2024-10-01,576,423,83,9,-9.4,56,4,5.2,5.7,64.0,52.7,52,3,9,0,25796.9,-0.05,2.05,22379.75,0.3,2.13,18531.8,0.66,1.46,11.99,11.9,1.01
2024-10-03,122,875,24,127,-12.6,22,8,1.4,5.4,53.6,23.2,37,4,6,0,25250.1,-2.12,0.2,21904.7,-2.12,0.04,18179.2,-1.9,-0.77,13.17,14.3,0.92
2024-10-04,268,731,24,52,-12.5,17,6,1.1,5.2,47.9,18.3,24,4,4,0,25014.6,-0.93,-0.52,21710.6,-0.89,-1.21,18021.65,-0.87,-2.56,14.13,14.6,0.97
2024-10-07,77,922,8,438,-25.1,7,22,-1.5,4.2,33.5,5.9,17,8,2,0,24795.75,-0.87,-0.23,21264.5,-2.05,-1.9,17514.5,-2.81,-4.33,15.08,14.4,1.05
2024-10-08,877,123,278,8,-19.8,27,1,2.6,3.7,43.9,30.9,28,5,2,0,25013.15,0.88,0.31,21685.65,1.98,0.3,17882.85,2.1,-1.5,14.59,14.7,0.99
2024-10-09,677,320,104,3,-14.9,38,0,3.8,3.4,48.0,62.8,26,6,3,0,24981.95,-0.12,-0.24,21918.3,1.07,0.3,18103.95,1.24,-1.52,14.12,14.6,0.97
2024-10-10,510,488,78,9,-12.4,45,3,4.2,3.3,49.7,69.4,30,7,4,0,24998.45,0.07,0.32,21885.65,-0.15,0.4,18127.35,0.13,-0.61,13.5,14.5,0.93
2024-10-11,497,502,52,12,-10.1,45,7,3.8,3.1,50.8,73.8,24,9,5,1,24964.25,-0.14,-1.67,21979.15,0.43,-0.31,18213.0,0.47,-0.92,13.22,12.7,1.04
2024-10-14,464,534,47,20,-10.1,52,7,4.5,2.9,51.5,54.4,22,8,5,1,25127.95,0.66,-0.9,22058.8,0.36,-0.59,18265.1,0.29,-1.5,13.0,13.0,1.0
2024-10-15,553,445,76,13,-7.4,60,8,5.2,3.0,53.4,57.0,28,7,3,2,25057.35,-0.28,-1.29,22128.65,0.32,-0.61,18467.65,1.11,-0.57,13.0,13.0,1.0
2024-10-16,509,488,82,14,-8.7,58,7,5.1,3.0,55.4,55.1,32,6,3,2,24971.3,-0.34,-1.76,22085.1,-0.2,-0.68,18505.95,0.21,-0.17,13.05,13.0,1.0
2024-10-17,164,836,19,70,-7.9,24,11,1.3,3.0,47.8,28.5,29,7,3,2,24749.85,-0.89,-2.47,21718.5,-1.66,-1.64,18244.3,-1.41,-1.25,13.39,13.3,1.01
2024-10-18,470,528,40,21,-3.9,28,9,1.9,3.1,47.7,29.3,39,7,4,2,24854.05,0.42,-2.21,21755.65,0.17,-0.95,18236.8,-0.04,-0.18,13.04,13.4,0.97
2024-10-21,156,844,19,126,-2.3,21,21,0.0,3.2,38.6,15.9,26,8,4,2,24781.1,-0.29,-3.92,21429.9,-1.5,-3.71,17936.3,-1.65,-2.86,13.76,12.1,1.14
2024-10-22,32,968,3,493,-19.2,1,35,-3.4,2.6,23.8,4.1,10,13,2,2,24472.1,-1.25,-5.66,20879.45,-2.57,-6.89,17275.7,-3.68,-7.24,14.4,12.3,1.17
2024-10-23,636,362,85,23,-20.0,14,24,-1.0,2.2,26.5,12.1,16,8,2,3,24435.5,-0.15,-5.8,20985.25,0.51,-6.71,17456.2,1.04,-6.07,14.62,12.2,1.2
2024-10-24,316,683,30,61,-23.9,14,21,-0.7,1.7,24.0,15.0,15,11,1,3,24399.4,-0.15,-6.17,20932.75,-0.25,-6.37,17352.2,-0.6,-6.3,13.97,12.1,1.15
2024-10-25,119,881,5,224,-31.5,5,47,-4.2,0.9,17.2,9.5,8,22,1,3,24180.8,-0.9,-7.76,20563.7,-1.76,-8.07,16956.05,-2.28,-8.02,14.63,11.5,1.27
2024-10-28,723,277,136,37,-26.3,12,13,-0.1,0.4,20.6,37.6,10,15,1,3,24339.15,0.65,-7.03,20695.55,0.64,-7.45,17151.6,1.15,-6.78,14.29,12.0,1.19
2024-10-29,604,395,72,30,-25.3,25,14,1.1,-0.0,22.3,48.4,16,18,1,2,24466.85,0.52,-5.21,20867.4,0.83,-6.47,17278.2,0.74,-6.15,14.52,11.8,1.23
2024-10-30,756,242,157,14,-20.4,27,3,2.4,-0.3,28.2,77.2,17,9,0,1,24340.85,-0.51,-5.64,20916.7,0.24,-6.54,17483.4,1.19,-5.66,15.51,11.8,1.31
2024-10-31,660,338,118,20,-10.5,36,3,3.3,-0.1,31.2,80.3,26,9,1,1,24205.35,-0.56,-4.14,20876.7,-0.19,-4.69,17751.2,1.53,-2.35,15.55,9.6,1.62
2024-11-01,866,132,52,2,-2.5,36,0,3.6,0.1,35.7,88.4,32,4,4,1,24304.35,0.41,-2.84,21021.1,0.69,-3.18,17938.85,1.06,-0.46,15.9,9.4,1.69
2024-11-04,172,828,23,95,-2.2,26,5,2.1,0.3,28.4,43.5,42,6,7,1,23995.35,-1.27,-3.23,20767.4,-1.21,-2.34,17609.5,-1.84,0.54,16.69,9.9,1.69
2024-11-05,645,350,69,13,10.1,33,2,3.1,1.0,31.7,48.0,37,6,5,1,24213.3,0.91,-3.2,20862.1,0.46,-3.8,17694.65,0.48,-1.05,16.12,10.0,1.61
2024-11-06,864,134,185,6,14.7,64,1,6.3,1.7,42.0,79.6,39,4,4,1,24484.05,1.12,-1.99,21298.5,2.09,-2.83,18027.15,1.88,-0.42,14.87,11.0,1.35
2024-11-07,322,678,44,27,14.8,50,2,4.8,2.2,39.4,62.8,37,6,3,1,24199.35,-1.16,-3.2,21194.85,-0.49,-3.16,17914.6,-0.62,-1.17,14.94,11.6,1.29
2024-11-08,187,811,26,83,16.1,22,5,1.7,2.8,33.5,34.2,33,6,2,0,24148.2,-0.21,-3.27,20919.9,-1.3,-4.82,17634.25,-1.56,-3.18,14.47,11.6,1.25
2024-11-11,260,739,28,78,6.9,17,18,-0.1,2.8,31.2,23.3,23,8,2,0,24141.3,-0.03,-3.93,20749.95,-0.81,-5.93,17423.9,-1.19,-4.61,14.27,11.2,1.27
2024-11-12,218,780,24,75,-0.8,10,25,-1.5,2.6,28.0,13.7,21,12,2,0,23883.45,-1.07,-4.68,20560.6,-0.91,-7.09,17196.4,-1.31,-6.88,14.59,11.6,1.26
2024-11-13,59,941,7,344,-14.8,4,47,-4.3,1.9,18.7,4.8,14,26,2,0,23559.05,-1.36,-5.66,20010.75,-2.67,-9.39,16670.35,-3.06,-9.92,15.44,12.3,1.26
2024-11-14,630,370,75,31,-15.4,14,31,-1.7,1.4,22.2,14.7,18,16,2,0,23532.7,-0.11,-4.92,20105.25,0.47,-7.43,16801.55,0.79,-7.91,14.78,12.1,1.22
2024-11-18,369,629,62,63,-25.3,14,43,-2.9,0.7,22.0,22.9,21,24,6,0,23453.8,-0.34,-5.63,20068.55,-0.18,-7.75,16693.35,-0.64,-8.46,15.17,11.8,1.29
2024-11-19,636,359,82,13,-16.0,20,19,0.1,0.6,24.4,45.1,23,16,7,0,23518.5,0.28,-5.1,20258.1,0.94,-5.47,16845.25,0.91,-6.08,15.66,12.0,1.31
2024-11-21,263,736,37,71,-23.7,27,58,-3.1,-0.1,22.1,34.8,35,13,11,0,23349.9,-0.72,-4.59,20180.9,-0.38,-3.35,16747.85,-0.58,-3.06,15.99,11.5,1.39
2024-11-22,720,274,81,10,-26.5,31,16,1.5,-0.5,26.1,55.9,34,14,8,0,23907.25,2.39,-2.16,20412.65,1.15,-2.73,16912.3,0.98,-3.12,16.1,14.8,1.09
2024-11-25,777,222,145,8,-17.4,41,8,3.3,-0.7,31.5,78.6,45,9,9,0,24221.9,1.32,-0.73,20725.7,1.53,-0.99,17269.55,2.11,-0.48,15.3,15.6,0.98
2024-11-26,606,394,92,17,-9.1,54,5,4.9,-0.4,34.2,80.0,68,7,12,0,24194.5,-0.11,0.06,20735.1,0.05,0.83,17375.55,0.61,2.47,15.31,15.3,1.0
2024-11-27,685,313,97,8,-0.6,37,3,3.4,-0.0,39.0,84.3,58,6,9,0,24274.9,0.33,-0.26,20838.2,0.5,0.69,17552.65,1.02,2.34,14.63,15.1,0.97
2024-11-28,521,474,63,11,5.5,33,0,3.3,0.5,41.5,73.6,53,5,10,0,23914.15,-1.49,-2.26,20839.9,0.01,-0.13,17577.85,0.14,1.73,15.21,15.9,0.96
2024-11-29,639,357,64,11,17.2,55,2,5.3,1.4,44.2,73.1,48,3,8,0,24131.1,0.91,-0.86,20906.65,0.32,-0.05,17716.45,0.79,1.33,14.43,16.2,0.89
2024-12-02,637,363,103,7,17.3,76,1,7.5,2.3,48.0,75.4,49,6,10,0,24276.05,0.6,0.29,21105.95,0.95,1.1,17840.1,0.7,0.5,14.7,16.2,0.91
2024-12-03,694,303,75,10,23.8,57,1,5.6,3.2,55.2,80.7,46,6,9,0,24457.15,0.75,0.63,21291.35,0.88,1.29,18007.5,0.94,0.38,14.37,16.4,0.88
2024-12-04,596,403,75,8,23.0,61,0,6.1,3.8,58.4,77.5,57,9,8,0,24467.45,0.04,1.97,21485.15,0.91,3.46,18143.55,0.76,3.03,14.45,15.6,0.93
2024-12-05,469,527,47,8,27.1,56,1,5.5,4.6,61.5,69.1,51,6,7,0,24708.4,0.98,2.04,21577.65,0.43,3.43,18230.4,0.48,3.03,14.53,15.7,0.93
2024-12-06,577,420,73,6,24.3,56,1,5.5,5.0,64.3,67.2,42,7,8,1,24677.8,-0.12,0.79,21665.4,0.41,1.72,18328.95,0.54,1.67,14.14,15.2,0.93
2024-12-09,512,485,64,12,19.0,84,2,8.2,5.5,65.8,61.0,46,7,7,1,24619.0,-0.24,1.73,21748.5,0.38,2.61,18396.45,0.37,2.69,14.11,14.6,0.97
2024-12-10,483,514,63,22,16.5,70,3,6.7,5.7,67.5,58.5,54,6,10,1,24610.05,-0.04,1.91,21809.1,0.28,4.25,18450.6,0.29,4.63,13.78,14.6,0.94
2024-12-11,526,471,55,6,13.4,61,2,5.9,6.0,69.5,58.5,67,6,10,1,24641.8,0.13,2.07,21879.55,0.32,5.44,18502.65,0.28,6.19,13.27,14.5,0.92
2024-12-12,241,757,20,46,7.7,43,2,4.1,6.0,65.2,37.2,75,3,11,1,24548.7,-0.38,2.79,21770.05,-0.5,5.88,18330.3,-0.93,6.59,13.19,14.0,0.94
2024-12-13,390,608,39,7,2.7,50,1,4.9,6.0,63.9,33.4,128,2,17,0,24768.3,0.89,5.13,21748.1,-0.1,8.68,18263.75,-0.36,9.56,13.05,13.0,1.0
2024-12-16,559,439,66,8,1.2,67,3,6.4,5.9,65.9,43.6,116,2,17,0,24668.25,-0.4,4.83,21898.8,0.69,8.92,18344.0,0.44,9.18,14.02,13.2,1.06
2024-12-17,294,704,46,18,-6.8,50,10,4.0,5.7,63.3,33.8,119,1,15,0,24336.0,-1.35,3.76,21754.1,-0.66,8.4,18242.05,-0.56,9.28,14.49,14.2,1.02
2024-12-18,257,739,24,40,-13.6,39,14,2.5,5.4,58.7,29.6,97,2,14,1,24198.85,-0.56,2.89,21623.1,-0.6,6.74,18118.6,-0.68,7.56,14.37,14.5,0.99
2024-12-19,372,627,35,20,-15.5,44,17,2.7,5.1,56.3,29.0,113,1,17,1,23951.7,-1.02,2.58,21571.3,-0.24,6.89,18057.2,-0.34,7.82,14.51,14.8,0.98
2024-12-20,105,893,14,206,-25.0,13,31,-1.8,4.4,44.8,11.8,78,3,16,1,23587.5,-1.52,-1.34,21050.6,-2.41,3.13,17693.65,-2.01,4.62,15.07,13.3,1.13
2024-12-23,357,642,25,45,-28.1,9,26,-1.7,3.4,43.0,14.1,59,3,12,1,23753.45,0.7,-1.93,21076.15,0.12,1.69,17618.1,-0.43,2.02,13.52,12.7,1.06
2024-12-24,546,452,49,7,-26.9,9,12,-0.3,2.7,42.9,24.4,58,3,9,1,23727.65,-0.11,-1.93,21080.7,0.02,1.67,17672.45,0.31,1.71,13.18,12.7,1.04
2024-12-26,358,639,27,32,-30.2,9,20,-1.1,2.0,42.7,30.0,46,3,7,1,23750.2,0.1,-2.16,21096.85,0.08,1.24,17667.45,-0.03,0.65,14.04,12.6,1.11
2024-12-27,509,485,44,20,-24.8,9,13,-0.4,1.5,44.1,43.8,38,3,7,1,23813.4,0.27,-0.42,21071.85,-0.12,1.11,17715.2,0.27,0.78,13.24,11.5,1.15
2024-12-30,321,679,49,72,-26.2,25,22,0.3,1.1,42.0,35.6,35,2,5,1,23644.9,-0.71,-2.01,21109.25,0.18,0.97,17638.15,-0.43,-0.44,13.97,11.2,1.25
2024-12-31,658,341,55,11,-24.2,19,8,1.1,0.5,45.7,51.0,35,3,3,1,23644.8,0.0,-2.6,21141.2,0.15,0.17,17752.25,0.65,-0.49,14.45,10.9,1.33
2025-01-01,695,301,103,9,-16.2,31,2,2.9,0.4,52.2,71.8,36,3,3,1,23742.9,0.41,-2.92,21246.5,0.5,-0.21,17908.8,0.88,-0.55,14.51,10.6,1.37
2025-01-02,664,332,70,8,-8.1,36,4,3.2,0.5,56.0,79.3,34,3,4,1,24188.65,1.88,-1.14,21473.15,1.07,-0.06,18007.95,0.55,-0.75,13.74,12.8,1.07
2025-01-03,470,527,45,10,-6.1,41,3,3.8,0.6,55.9,71.3,39,3,7,1,24004.75,-0.76,-2.85,21419.3,-0.25,-0.73,17973.05,-0.19,-1.41,13.54,12.4,1.09
2025-01-06,72,928,11,435,-6.8,12,38,-2.6,0.5,39.0,14.7,31,4,4,0,23616.05,-1.62,-4.3,20879.65,-2.52,-3.63,17455.7,-2.88,-4.76,15.65,13.5,1.16
2025-01-07,808,191,135,9,2.3,28,14,1.4,0.8,46.9,32.5,27,5,6,1,23707.9,0.39,-3.7,21060.8,0.87,-3.16,17702.55,1.41,-3.77,14.66,13.7,1.07
2025-01-08,258,740,25,37,-3.5,17,19,-0.2,0.8,41.5,23.3,21,4,5,1,23688.95,-0.08,-3.74,20840.3,-1.05,-4.44,17457.9,-1.38,-5.38,14.47,13.7,1.06
2025-01-09,209,787,15,79,-6.5,11,43,-3.2,0.6,36.4,19.8,16,6,4,1,23526.5,-0.69,-4.53,20674.25,-0.8,-5.51,17254.35,-1.17,-6.75,14.66,13.7,1.07
2025-01-10,113,887,9,220,-14.5,5,65,-6.0,0.1,27.6,11.2,17,12,4,2,23431.5,-0.4,-4.55,20252.95,-2.04,-6.97,16833.4,-2.44,-8.17,14.92,13.7,1.09
2025-01-13,36,963,2,582,-20.1,1,135,-13.4,-1.3,15.9,2.9,11,45,2,2,23085.95,-1.47,-6.79,19458.3,-3.92,-10.53,16159.9,-4.0,-11.52,16.0,13.7,1.17
2025-01-14,800,200,209,13,-17.3,3,17,-1.4,-1.6,19.8,14.2,14,21,3,2,23176.05,0.39,-6.05,19883.35,2.18,-9.2,16422.75,1.63,-10.47,15.47,14.0,1.11
2025-01-15,498,501,55,28,-21.3,8,16,-0.8,-1.9,20.0,32.2,12,21,3,2,23213.2,0.16,-4.61,19955.4,0.36,-8.27,16508.9,0.52,-9.5,15.26,13.5,1.13
2025-01-16,795,203,113,9,-18.7,10,7,0.3,-2.2,23.4,72.5,16,7,2,2,23311.8,0.42,-3.67,20172.65,1.09,-6.71,16707.9,1.21,-7.79,15.47,13.6,1.14
2025-01-17,505,490,51,16,-18.0,11,7,0.4,-2.6,25.9,75.3,16,9,4,2,23203.2,-0.47,-3.13,20195.9,0.12,-6.38,16700.5,-0.04,-7.51,15.75,13.3,1.18
2025-01-20,666,331,97,17,-6.1,8,9,-0.1,-2.3,30.1,75.5,19,6,6,2,23344.75,0.61,-1.03,20350.9,0.77,-3.32,16841.4,0.84,-4.82,16.42,12.5,1.31
2025-01-21,154,846,7,125,-19.1,4,17,-1.3,-2.6,22.9,37.4,15,11,5,2,23024.65,-1.37,-3.07,19946.3,-1.99,-5.36,16484.1,-2.12,-6.44,17.06,13.1,1.3
2025-01-22,214,784,10,109,-20.0,3,38,-3.5,-2.9,18.7,19.5,14,17,2,2,23155.35,0.57,-2.41,19696.9,-1.25,-6.56,16220.85,-1.6,-8.21,16.77,13.3,1.26
2025-01-23,573,420,62,22,-12.7,6,28,-2.2,-2.8,22.3,31.0,15,16,1,2,23205.35,0.22,-2.29,20047.95,1.78,-4.97,16352.8,0.81,-7.44,16.7,13.3,1.26
2025-01-24,106,891,11,159,-12.8,2,63,-6.1,-2.8,16.5,14.4,12,25,1,2,23092.2,-0.49,-3.03,19708.95,-1.69,-6.47,16001.7,-2.15,-9.67,16.75,13.3,1.26
2025-01-27,80,920,6,445,-12.0,1,124,-12.3,-2.7,9.7,6.5,8,54,1,2,22829.15,-1.14,-3.45,19152.1,-2.83,-9.27,15416.3,-3.66,-12.6,18.13,13.6,1.33
2025-01-28,306,693,41,130,-21.8,1,105,-10.4,-3.6,9.2,10.5,6,77,0,2,22957.25,0.56,-2.91,19019.1,-0.69,-10.04,15135.1,-1.82,-14.74,18.2,13.9,1.31
2025-01-29,886,114,324,22,-14.1,3,11,-0.8,-3.6,13.2,43.7,3,57,0,2,23163.1,0.9,-2.44,19481.75,2.43,-8.31,15613.35,3.16,-12.82,18.64,14.2,1.31
2025-01-30,501,498,65,47,-20.0,8,18,-1.0,-3.7,14.5,61.4,3,78,0,1,23249.5,0.37,-3.88,19514.25,0.17,-9.12,15585.95,-0.18,-13.45,17.39,12.3,1.41
2025-01-31,811,186,165,19,-13.9,9,7,0.2,-3.7,18.0,84.5,4,58,0,1,23508.4,1.11,-2.07,19850.95,1.73,-7.32,15851.05,1.7,-11.81,16.25,13.0,1.25
2025-02-03,326,673,109,255,-20.7,20,35,-1.5,-3.9,16.1,52.5,8,53,0,0,23361.05,-0.52,-1.08,19579.2,-0.98,-6.23,15677.65,-1.74,-10.19,14.35,11.8,1.22
2025-02-04,722,276,129,21,-9.3,15,7,0.8,-3.7,18.4,61.4,6,54,0,0,23739.25,1.62,0.13,19849.15,1.38,-5.75,15855.95,1.14,-10.43,14.02,13.2,1.06
2025-02-05,695,303,113,13,0.3,19,9,1.0,-3.2,22.2,71.4,6,37,0,0,23696.3,-0.18,0.03,19995.7,0.74,-4.05,16104.4,1.57,-7.75,14.08,13.2,1.07
2025-02-06,448,552,54,33,-2.2,11,10,0.1,-3.0,23.6,63.0,11,28,0,0,23603.35,-0.39,0.33,19793.75,-1.01,-4.26,16098.65,-0.04,-6.7,14.18,13.0,1.09
2025-02-07,307,693,27,51,1.7,6,23,-1.7,-2.6,22.2,47.4,9,26,0,0,23559.95,-0.18,0.55,19819.6,0.13,-2.14,16035.75,-0.39,-4.74,13.69,12.9,1.06
2025-02-10,114,885,7,175,2.4,3,57,-5.4,-1.9,15.8,13.8,13,21,0,0,23381.6,-0.76,1.28,19406.95,-2.08,-0.26,15693.6,-2.13,-2.89,14.45,12.0,1.2
2025-02-11,44,956,10,379,-2.8,0,138,-13.8,-2.2,11.1,3.5,4,42,0,1,23071.8,-1.32,-0.45,18837.0,-2.94,-5.26,15156.95,-3.42,-7.71,14.87,12.9,1.15
2025-02-12,423,576,51,54,-12.1,2,127,-12.5,-3.4,11.8,6.8,6,42,0,1,23045.25,-0.12,-0.72,18766.85,-0.37,-5.96,15050.6,-0.7,-8.83,14.9,12.9,1.16
2025-02-13,435,562,39,52,-13.4,4,100,-9.6,-4.2,11.5,14.0,5,53,0,1,23031.4,-0.06,-1.2,18796.8,0.16,-6.82,14997.5,-0.35,-10.24,14.96,12.8,1.17
2025-02-14,84,915,7,387,-27.9,2,199,-19.7,-6.2,6.9,6.4,4,96,0,0,22929.25,-0.44,-1.18,18346.8,-2.39,-9.16,14501.65,-3.31,-13.17,15.02,12.8,1.17
2025-02-17,396,602,39,89,-26.5,2,169,-16.7,-7.8,7.3,16.0,4,135,1,4,22959.5,0.13,-1.65,18408.45,0.34,-9.54,14468.25,-0.23,-14.09,15.72,12.6,1.25
2025-02-18,244,756,20,175,-36.1,2,210,-20.8,-9.9,6.6,14.5,3,152,1,4,22945.3,-0.06,-0.34,18375.85,-0.18,-7.87,14267.95,-1.38,-13.44,15.67,11.6,1.35
2025-02-19,804,194,262,17,-33.9,7,28,-2.1,-10.2,8.9,50.4,6,80,1,1,22932.9,-0.05,-0.96,18644.9,1.46,-5.34,14588.65,2.25,-10.06,15.42,11.4,1.35
2025-02-20,738,262,123,11,-28.1,3,19,-1.6,-10.4,11.0,76.4,5,70,0,2,22913.15,-0.09,-1.26,18888.8,1.31,-5.78,14767.3,1.22,-9.7,14.68,11.4,1.29
2025-02-21,282,718,32,42,-28.6,2,47,-4.5,-10.7,10.9,62.1,7,56,0,3,22795.9,-0.51,-1.28,18681.35,-1.1,-5.21,14683.4,-0.57,-8.24,14.53,11.4,1.27
2025-02-24,224,774,16,65,-26.4,2,83,-8.1,-10.9,8.9,35.5,12,37,0,2,22553.35,-1.06,-1.21,18503.9,-0.95,-3.38,14506.45,-1.21,-5.9,14.44,11.3,1.28
2025-02-25,366,632,30,34,-19.9,3,111,-10.8,-10.6,9.7,24.2,17,32,0,2,22547.55,-0.03,-1.78,18408.75,-0.51,-3.21,14441.7,-0.45,-4.58,13.72,11.0,1.25
2025-02-27,173,825,17,201,-24.9,3,185,-18.2,-11.2,8.2,13.7,7,67,0,2,22545.05,-0.01,-2.67,18176.85,-1.26,-6.7,14200.2,-1.67,-9.05,13.31,10.4,1.28
2025-02-28,141,859,17,288,-30.9,1,264,-26.3,-12.9,6.4,8.1,4,92,0,1,22124.7,-1.86,-4.84,17750.55,-2.35,-9.04,13844.55,-2.5,-11.17,13.91,11.9,1.17
2025-03-03,369,627,45,119,-25.1,2,203,-20.1,-12.9,6.0,13.9,3,152,0,1,22119.3,-0.02,-5.91,17778.55,0.16,-10.44,13755.9,-0.64,-13.22,13.76,10.9,1.26
2025-03-04,668,330,122,18,-19.7,3,83,-8.0,-12.1,7.4,29.7,4,86,0,0,22082.65,-0.17,-5.47,17807.3,0.16,-9.05,13914.1,1.15,-11.25,13.83,10.8,1.28
2025-03-05,908,91,275,5,-6.4,4,5,-0.1,-10.0,10.2,84.2,3,68,0,0,22337.3,1.15,-5.91,18240.15,2.43,-8.11,14291.05,2.71,-9.87,13.67,9.8,1.39
2025-03-06,798,202,124,2,-6.5,4,4,0.0,-9.8,15.4,93.0,6,60,0,1,22544.7,0.93,-4.86,18341.0,0.55,-8.28,14503.3,1.49,-9.94,13.73,10.7,1.28
2025-03-07,622,374,100,7,-8.8,8,1,0.7,-9.5,16.3,89.9,3,51,0,1,22552.5,0.03,-4.45,18290.6,-0.27,-7.59,14602.95,0.69,-9.29,13.47,10.8,1.25
2025-03-10,154,846,13,253,-11.4,2,25,-2.3,-9.3,14.1,42.1,5,70,0,2,22460.3,-0.41,-4.67,18031.1,-1.42,-9.02,14325.15,-1.9,-10.67,13.99,10.8,1.3
2025-03-11,368,628,33,53,-8.5,4,56,-5.2,-9.0,15.0,28.8,7,58,1,2,22497.9,0.17,-3.78,18106.9,0.42,-6.7,14232.0,-0.65,-9.31,14.07,10.7,1.31
2025-03-12,352,647,29,41,-8.8,7,69,-6.2,-8.6,14.8,24.6,10,35,1,2,22470.5,-0.12,-2.61,18014.25,-0.51,-4.37,14193.65,-0.27,-6.36,13.69,9.8,1.4
2025-03-13,299,699,20,31,-6.2,5,95,-9.0,-7.7,14.6,21.0,9,39,1,2,22397.2,-0.33,-2.81,17902.0,-0.62,-4.61,14095.6,-0.69,-6.35,13.28,9.8,1.36
2025-03-17,448,550,42,61,-0.1,9,128,-11.9,-6.2,15.7,31.3,11,41,1,2,22508.75,0.5,-2.27,18037.25,0.76,-4.04,14141.7,0.33,-5.71,13.42,10.1,1.33
2025-03-18,902,97,257,9,10.5,10,6,0.4,-4.2,21.1,78.8,16,15,1,2,22834.3,1.45,-0.41,18408.4,2.06,0.34,14517.6,2.66,0.11,13.21,11.4,1.16
2025-03-19,855,145,222,4,14.3,15,3,1.2,-3.2,29.0,91.5,24,4,1,2,22907.6,0.32,-0.23,18844.4,2.37,2.37,14807.0,1.99,2.34,13.3,11.5,1.16
2025-03-20,600,399,63,12,8.1,13,2,1.1,-3.1,33.8,92.6,39,3,2,2,23190.65,1.24,1.07,18948.45,0.55,3.12,14922.35,0.78,4.59,12.6,12.3,1.02
2025-03-21,797,202,168,10,8.1,20,1,1.9,-2.9,41.9,91.5,37,4,3,2,23350.4,0.69,1.82,19203.3,1.34,2.99,15242.3,2.14,4.48,12.58,12.5,1.01
2025-03-24,706,291,113,11,9.8,14,4,1.0,-2.9,49.2,88.0,29,5,2,2,23658.35,1.32,3.25,19418.3,1.12,2.8,15392.4,0.98,4.23,13.7,13.2,1.04
2025-03-25,165,834,16,171,10.0,4,11,-0.7,-2.7,42.9,46.8,24,7,1,2,23668.65,0.04,3.83,19228.35,-0.98,2.93,15184.45,-1.35,3.41,13.64,12.9,1.06
2025-03-26,189,810,14,94,6.4,4,23,-1.9,-2.4,38.8,23.9,19,6,1,2,23486.85,-0.77,4.14,19106.65,-0.63,3.26,14970.0,-1.41,3.2,13.47,12.6,1.07
2025-03-27,651,347,104,25,12.4,6,15,-0.9,-1.9,42.2,35.9,32,6,1,2,23591.95,0.45,4.63,19175.4,0.36,4.16,15111.65,0.95,4.64,13.3,12.6,1.06
2025-03-28,340,659,29,41,13.2,7,31,-2.4,-1.2,42.4,31.0,39,5,1,2,23519.35,-0.31,4.32,19120.35,-0.29,5.19,15104.05,-0.05,6.37,12.72,12.7,1.0
2025-04-01,546,453,122,44,15.1,3,15,-1.2,-0.2,42.7,52.2,58,4,4,2,23165.7,-1.5,4.71,18931.4,-0.99,6.65,15030.1,-0.49,8.56,13.78,11.9,1.16
2025-04-02,708,285,68,9,11.3,6,9,-0.3,-0.2,49.1,70.1,77,4,3,2,23332.35,0.72,5.48,19200.75,1.42,8.0,15179.75,1.0,10.35,13.72,12.0,1.14
2025-04-03,680,318,89,20,7.8,10,10,0.0,-0.3,54.4,74.6,80,4,5,2,23250.1,-0.35,5.29,19238.4,0.2,8.04,15285.45,0.7,9.86,13.6,12.1,1.12
2025-04-04,67,932,6,395,-2.8,3,46,-4.3,-0.9,39.4,21.7,31,6,2,2,22904.45,-1.49,2.54,18675.3,-2.93,2.39,14780.5,-3.3,3.42,13.76,13.1,1.05
2025-04-07,24,976,2,544,-18.3,1,146,-14.5,-2.5,21.6,3.9,12,12,1,2,22161.6,-3.24,-1.7,18005.1,-3.59,-1.83,14190.2,-3.99,-2.16,22.79,17.5,1.3
2025-04-08,896,104,194,7,-14.5,6,15,-0.9,-2.7,34.7,18.6,17,10,1,2,22535.85,1.69,-0.07,18387.05,2.12,0.53,14498.4,2.17,-0.72,20.44,18.6,1.1
2025-04-09,263,735,20,94,-12.6,4,58,-5.4,-3.2,29.6,21.5,18,7,1,1,22399.15,-0.61,-0.27,18272.75,-0.62,1.34,14345.7,-1.05,0.14,21.43,18.7,1.15
2025-04-11,908,91,266,2,1.8,8,8,0.0,-3.0,42.5,80.9,28,7,1,1,22828.55,1.92,1.47,18614.15,1.87,2.8,14786.3,3.07,3.89,20.11,19.9,1.01
2025-04-15,938,61,348,1,7.6,22,3,1.9,-2.7,58.1,96.8,52,6,4,2,23328.55,2.19,3.82,19178.5,3.03,6.46,15238.45,3.06,7.36,16.13,21.2,0.76
2025-04-16,697,300,86,9,14.7,18,3,1.5,-2.3,64.7,95.3,73,4,9,1,23437.2,0.47,4.64,19320.6,0.74,7.92,15382.45,0.94,9.13,15.87,21.1,0.75
2025-04-17,603,395,59,7,15.9,19,1,1.8,-2.0,68.1,93.4,89,4,10,1,23851.65,1.77,5.97,19433.45,0.58,7.74,15452.1,0.45,9.27,15.47,21.8,0.71
2025-04-21,815,183,138,9,18.0,26,1,2.5,-1.7,75.7,90.4,75,4,14,1,24125.55,1.15,5.65,19863.65,2.21,7.91,15751.85,1.94,8.5,15.52,21.6,0.72
2025-04-22,610,389,65,11,16.6,18,1,1.7,-1.6,78.5,85.5,52,5,7,1,24167.25,0.17,5.5,20032.3,0.85,6.3,15878.05,0.8,7.23,15.23,21.6,0.71
2025-04-23,528,471,55,12,25.8,18,2,1.6,-1.0,80.1,76.6,45,4,4,1,24328.95,0.67,4.91,20229.05,0.98,6.76,15923.2,0.28,6.71,15.96,21.4,0.75
2025-04-24,435,562,40,17,34.0,18,2,1.6,0.6,80.7,66.0,37,5,4,1,24246.7,-0.34,3.84,20194.4,-0.17,5.16,15915.25,-0.05,4.42,16.25,21.4,0.76
2025-04-25,82,918,8,288,17.7,4,5,-0.1,0.7,70.2,15.0,18,6,3,1,24039.35,-0.86,1.61,19694.85,-2.47,1.42,15524.15,-2.46,0.86,17.16,21.3,0.81
2025-04-28,560,435,40,20,23.7,10,5,0.5,1.3,71.7,24.2,28,5,1,1,24328.5,1.2,2.79,19966.7,1.38,3.84,15607.15,0.53,2.78,16.94,21.7,0.78
2025-04-29,437,558,40,14,14.3,12,7,0.5,1.4,72.0,27.7,48,5,3,2,24335.95,0.03,3.62,20009.05,0.21,4.72,15639.7,0.21,4.47,17.37,21.4,0.81
2025-04-30,177,821,13,89,-0.9,5,12,-0.7,1.1,63.7,19.5,23,7,1,1,24334.2,-0.01,3.15,19873.15,-0.68,3.64,15359.45,-1.79,1.64,18.22,21.4,0.85
2025-05-02,406,590,27,24,-6.7,9,11,-0.2,0.9,62.9,24.6,25,7,1,1,24346.7,0.05,3.52,19738.1,-0.68,3.23,15354.35,-0.03,1.66,18.26,21.3,0.86
2025-05-05,763,233,103,9,-3.5,12,4,0.8,0.8,69.6,53.2,27,7,1,1,24461.15,0.47,5.59,20049.15,1.58,5.9,15528.3,1.13,3.31,18.34,20.4,0.9
2025-05-06,109,890,5,248,-17.6,5,13,-0.8,0.5,56.0,19.9,17,7,0,1,24379.6,-0.33,4.49,19646.2,-2.01,2.32,15181.45,-2.23,0.01,19.0,20.4,0.93
2025-05-07,737,261,68,13,-15.1,13,9,0.4,0.4,61.4,41.0,14,5,0,1,24414.4,0.14,5.01,19943.65,1.51,3.67,15362.7,1.19,0.51,19.06,20.3,0.94
2025-05-08,225,771,23,46,-21.1,7,19,-1.2,0.1,52.8,24.8,22,4,0,1,24273.8,-0.58,5.98,19591.8,-1.76,4.91,15180.45,-1.19,2.71,21.01,19.5,1.08
2025-05-09,371,627,30,28,-22.4,8,28,-2.0,-0.3,49.3,24.3,61,2,4,1,24008.0,-1.1,8.33,19596.25,0.02,8.84,15080.45,-0.66,6.27,21.63,15.2,1.42
2025-05-12,955,45,595,6,-4.9,19,1,1.8,-0.1,77.9,92.5,77,2,2,1,24924.7,3.82,10.6,20331.5,3.75,10.58,15684.2,4.0,8.18,18.39,18.9,0.97
2025-05-13,675,322,101,11,-2.6,22,1,2.1,0.1,81.2,92.3,114,1,7,0,24578.35,-1.39,9.73,20379.3,0.24,11.53,15815.45,0.84,10.25,18.2,19.7,0.92
2025-05-14,764,233,111,7,3.9,32,2,3.0,0.3,84.8,92.0,92,3,8,2,24666.9,0.36,8.05,20637.9,1.27,10.87,16038.3,1.41,8.47,17.23,18.9,0.91
2025-05-15,698,298,73,17,14.3,31,1,3.0,0.7,86.8,89.7,64,2,1,2,25062.1,1.6,7.43,20781.15,0.69,8.36,16159.25,0.75,6.04,16.89,18.3,0.92
2025-05-16,656,341,112,18,19.3,22,1,2.1,0.9,88.4,83.0,64,1,4,1,25019.8,-0.17,6.75,20960.15,0.86,8.49,16405.7,1.53,6.65,16.55,18.4,0.9
2025-05-19,620,378,92,15,16.4,27,3,2.4,1.1,89.1,80.8,70,1,4,1,24945.45,-0.3,4.59,20992.8,0.16,8.02,16516.8,0.68,6.89,17.36,17.7,0.98
2025-05-20,203,796,24,56,18.3,9,3,0.6,1.2,84.9,44.6,45,2,3,1,24683.9,-1.05,2.31,20665.25,-1.56,4.04,16368.65,-0.9,3.92,17.39,17.9,0.97
2025-05-21,667,328,59,20,16.9,26,1,2.5,1.4,86.1,51.5,49,3,2,1,24813.45,0.52,2.67,20828.75,0.79,3.98,16437.1,0.42,3.52,17.55,18.0,0.98
2025-05-22,418,581,43,21,20.8,20,3,1.7,1.7,85.1,43.4,51,4,4,2,24609.7,-0.82,1.15,20752.7,-0.37,2.59,16436.45,0.0,3.22,17.26,18.2,0.95
2025-05-23,625,372,59,24,25.9,23,1,2.2,2.1,85.4,57.5,51,4,3,2,24853.15,0.99,2.5,20874.4,0.59,3.37,16532.95,0.59,3.88,17.28,18.4,0.94
2025-05-26,597,396,64,21,18.8,28,1,2.7,2.2,85.1,65.4,85,3,5,2,25001.15,0.6,4.0,20991.0,0.56,6.58,16619.1,0.52,7.05,18.02,18.1,1.0
2025-05-27,474,521,41,21,14.8,31,2,2.9,2.3,83.8,58.2,93,3,7,2,24826.2,-0.7,2.05,21034.45,0.21,5.35,16637.85,0.11,6.6,18.54,18.0,1.03
2025-05-28,478,517,54,19,9.1,31,4,2.7,2.3,81.7,55.7,97,3,8,2,24752.45,-0.3,1.71,21044.4,0.05,5.17,16706.35,0.41,6.82,18.02,18.0,1.0
2025-05-29,537,458,65,21,5.9,27,3,2.4,2.2,81.4,55.7,135,2,11,2,24833.6,0.33,2.05,21163.15,0.56,6.49,16779.55,0.44,9.25,16.42,18.0,0.91
2025-05-30,431,568,61,36,1.4,31,4,2.7,2.3,80.3,47.7,159,3,15,2,24750.7,-0.33,1.66,21125.55,-0.18,7.03,16833.05,0.32,9.63,16.08,18.1,0.89
2025-06-02,541,457,71,28,-0.2,37,2,3.5,2.4,79.5,52.6,147,3,13,2,24716.6,-0.14,1.04,21240.8,0.55,5.94,16953.75,0.72,9.18,17.16,18.1,0.95
2025-06-03,378,617,36,18,3.3,25,5,2.0,2.5,78.1,44.1,188,3,20,2,24542.5,-0.7,0.67,21164.75,-0.36,7.73,16971.25,0.1,11.79,16.56,18.2,0.91
2025-06-04,587,410,58,9,1.7,35,4,3.1,2.6,78.6,52.9,175,3,19,2,24620.2,0.32,0.84,21334.6,0.8,6.97,17060.8,0.53,11.05,15.75,18.2,0.87
2025-06-05,566,430,70,4,4.7,35,1,3.4,2.8,79.1,61.4,207,3,24,2,24750.9,0.53,1.97,21476.45,0.66,9.62,17173.45,0.66,13.13,15.08,18.2,0.83
2025-06-06,514,482,70,18,2.5,25,0,2.5,2.8,81.4,63.2,217,3,21,2,25003.05,1.02,4.14,21688.6,0.99,10.68,17285.75,0.65,14.62,14.63,17.9,0.82
2025-06-09,749,248,83,6,5.5,41,0,4.1,2.9,85.7,77.1,149,3,11,2,25103.2,0.4,0.72,21908.35,1.01,7.76,17515.15,1.33,11.67,14.69,12.1,1.21
2025-06-10,514,483,51,4,6.3,40,1,3.9,3.0,86.2,72.6,131,3,12,2,25104.25,0.0,2.14,21915.9,0.03,7.54,17544.3,0.17,10.93,14.02,10.8,1.3
2025-06-11,490,509,59,16,6.5,33,0,3.3,3.1,86.8,65.4,103,3,9,1,25141.4,0.15,1.92,21846.05,-0.32,5.85,17528.95,-0.09,9.29,13.67,10.8,1.27
2025-06-12,160,839,19,53,-1.1,19,2,1.7,3.0,82.0,30.0,68,2,7,1,24888.2,-1.01,-0.69,21509.65,-1.54,3.51,17276.9,-1.44,6.92,14.02,9.9,1.42
2025-06-13,303,694,26,15,-3.7,18,3,1.5,2.9,79.2,22.1,51,2,5,1,24718.6,-0.68,-1.2,21433.05,-0.36,2.26,17210.4,-0.38,4.91,15.08,10.2,1.48
2025-06-16,562,434,44,4,-3.2,28,1,2.7,2.8,79.2,33.1,50,1,4,1,24946.5,0.92,0.0,21594.45,0.75,2.87,17296.3,0.5,4.72,14.84,10.7,1.39
2025-06-17,258,741,20,36,-5.7,17,1,1.6,2.8,75.5,26.6,49,2,6,1,24853.4,-0.37,0.69,21460.95,-0.62,3.85,17177.3,-0.69,4.94,14.4,10.1,1.43
2025-06-18,311,686,23,13,-11.2,14,1,1.3,2.6,74.4,27.3,36,2,6,1,24812.05,-0.17,-0.01,21358.5,-0.48,2.54,17143.6,-0.2,4.3,14.28,9.9,1.44
2025-06-19,113,887,6,71,-20.3,6,5,0.1,2.3,64.1,13.3,29,1,5,0,24793.25,-0.08,0.75,21022.95,-1.57,1.3,16813.05,-1.93,2.29,14.26,9.4,1.52
2025-06-20,704,294,58,15,-16.5,10,2,0.8,2.1,66.6,29.3,25,1,3,0,25112.4,1.29,1.04,21285.45,1.25,1.97,16916.95,0.62,2.32,13.67,9.9,1.38
2025-06-23,499,496,43,11,-21.5,20,3,1.7,1.9,66.7,41.5,28,1,3,0,24971.9,-0.56,-0.12,21371.3,0.4,1.81,17048.0,0.77,2.58,14.05,9.9,1.42
2025-06-24,713,287,56,15,-17.5,20,2,1.8,1.7,70.5,69.7,22,1,2,0,25044.35,0.29,0.88,21523.05,0.71,2.32,17180.3,0.78,3.26,13.64,9.6,1.42
2025-06-25,798,201,105,6,-11.4,31,0,3.1,1.6,76.5,85.8,30,1,3,0,25244.75,0.8,1.99,21640.65,0.55,2.83,17455.6,1.6,4.48,12.96,9.8,1.32
2025-06-26,494,501,32,10,-4.7,43,0,4.3,1.9,76.9,78.9,31,1,2,0,25549.0,1.21,2.88,21753.15,0.52,2.79,17500.5,0.26,4.3,12.59,10.6,1.19
2025-06-27,556,440,54,7,0.4,40,2,3.8,2.1,79.1,74.4,28,1,1,0,25637.8,0.35,3.58,21840.2,0.4,3.38,17642.3,0.81,4.81,12.39,10.4,1.19
2025-06-30,622,372,67,9,1.6,43,1,4.2,2.3,80.4,73.1,30,1,2,0,25517.05,-0.47,3.24,21988.65,0.68,3.52,17797.8,0.88,4.98,12.79,10.6,1.21
2025-07-01,428,566,29,18,5.1,34,1,3.3,2.4,78.7,57.1,33,1,1,0,25541.8,0.1,4.07,21951.05,-0.17,3.72,17762.0,-0.2,4.66,12.53,10.1,1.24
2025-07-02,370,625,31,16,6.3,24,2,2.2,2.5,78.1,47.8,28,1,2,0,25453.4,-0.35,3.38,21940.15,-0.05,2.84,17693.1,-0.39,3.71,12.45,10.3,1.21
2025-07-03,498,500,42,6,14.0,26,1,2.5,2.8,78.3,46.8,33,2,4,0,25405.3,-0.19,2.64,21977.25,0.17,2.33,17758.05,0.37,3.4,12.39,10.3,1.2
2025-07-04,516,480,30,10,10.3,25,3,2.2,2.9,79.6,49.4,35,4,4,0,25461.0,0.22,1.83,21973.15,-0.02,1.31,17762.2,0.02,2.76,12.32,9.8,1.26
2025-07-07,354,643,32,22,7.3,14,4,1.0,2.8,78.1,40.4,26,4,2,0,25461.3,0.0,1.43,21916.3,-0.26,0.04,17726.35,-0.2,1.21,12.56,9.7,1.29
2025-07-08,440,553,35,12,1.9,23,2,2.1,2.9,76.5,41.6,20,3,2,0,25522.5,0.24,1.67,21886.15,-0.14,-0.14,17684.8,-0.23,0.8,12.2,9.7,1.26
2025-07-09,513,481,43,4,-3.7,20,2,1.8,2.7,77.5,46.3,18,2,5,0,25476.1,-0.18,1.33,21878.65,-0.03,0.15,17782.45,0.55,1.45,11.94,9.8,1.22
2025-07-10,469,528,43,2,-4.2,20,3,1.7,2.5,75.9,47.0,25,3,5,0,25355.25,-0.47,1.88,21818.35,-0.28,1.44,17770.65,-0.07,2.86,11.67,9.1,1.28
2025-07-11,273,725,24,15,-9.9,22,4,1.8,2.3,70.5,34.1,25,3,5,0,25149.85,-0.81,1.74,21636.4,-0.83,0.95,17645.45,-0.7,2.53,11.82,9.3,1.27
2025-07-14,507,492,48,16,-12.3,32,6,2.6,2.1,68.9,41.5,27,4,6,0,25082.3,-0.27,0.54,21773.9,0.64,0.83,17808.65,0.92,2.96,11.98,8.8,1.36
2025-07-15,738,260,68,8,-6.1,36,1,3.5,2.1,76.2,66.2,35,3,4,0,25195.8,0.45,1.38,21974.9,0.92,2.39,17952.15,0.81,4.51,11.48,8.8,1.3
2025-07-16,559,435,41,10,-2.3,31,1,3.0,2.2,77.8,68.9,40,2,5,0,25212.05,0.06,1.61,21996.3,0.1,2.99,17983.5,0.17,4.9,11.24,8.8,1.28
2025-07-17,495,502,33,11,-2.4,37,3,3.4,2.3,77.1,67.1,50,2,6,0,25111.45,-0.4,1.28,22006.25,0.05,4.68,18032.3,0.27,7.25,11.24,8.9,1.26
2025-07-18,277,720,22,11,-7.1,25,2,2.3,2.3,71.7,44.3,42,3,7,0,24968.4,-0.57,-0.57,21858.85,-0.67,2.69,17909.25,-0.68,5.87,11.39,7.9,1.44
2025-07-21,463,536,25,24,-5.0,33,3,3.0,2.5,69.1,38.7,43,3,6,0,25090.7,0.49,0.48,21997.0,0.63,2.93,17890.2,-0.11,4.94,11.2,7.9,1.42
2025-07-22,379,617,26,22,-6.2,34,3,3.1,2.6,65.3,36.0,41,3,7,0,25060.9,-0.12,0.07,21884.05,-0.51,1.68,17829.25,-0.34,3.78,10.75,7.8,1.38
2025-07-23,473,525,26,20,-7.1,32,4,2.8,2.7,64.0,39.4,27,3,6,0,25219.9,0.63,-0.1,21949.25,0.3,1.43,17852.9,0.13,2.28,10.52,7.6,1.38
2025-07-24,340,657,34,37,-9.7,23,5,1.8,2.7,61.8,35.5,34,5,4,0,25062.1,-0.63,-1.91,21856.15,-0.42,0.47,17734.7,-0.66,1.34,10.72,6.5,1.65
2025-07-25,128,871,14,87,-12.6,12,6,0.6,2.6,48.9,16.8,27,4,4,0,24837.0,-0.9,-3.12,21501.6,-1.62,-1.55,17379.95,-2.0,-1.49,11.28,6.9,1.63
2025-07-28,225,775,23,85,-18.2,17,8,0.9,2.4,43.2,12.8,25,5,2,0,24680.9,-0.63,-3.28,21314.85,-0.87,-3.06,17163.2,-1.25,-3.57,12.06,7.0,1.72
2025-07-29,724,275,100,14,-18.5,36,5,3.1,2.4,47.3,31.5,35,6,7,0,24821.1,0.57,-2.82,21501.0,0.87,-2.05,17319.05,0.91,-2.49,11.53,7.4,1.56
2025-07-30,495,503,53,24,-19.8,33,7,2.6,2.4,50.2,43.8,33,4,5,0,24855.05,0.14,-2.35,21540.25,0.18,-1.82,17301.05,-0.1,-2.22,11.21,7.4,1.51
2025-07-31,288,708,31,46,-24.0,31,10,2.1,2.2,44.4,38.8,33,4,8,0,24768.35,-0.35,-2.51,21361.3,-0.83,-2.8,17144.25,-0.91,-3.46,11.54,7.5,1.54
2025-08-01,174,823,18,108,-26.0,11,17,-0.6,1.9,38.1,22.5,27,11,3,0,24565.35,-0.82,-3.52,21088.65,-1.28,-4.03,16863.25,-1.64,-5.06,11.98,7.7,1.56
2025-08-04,675,318,74,21,-21.7,31,11,2.0,1.8,40.3,37.6,34,10,7,0,24722.75,0.64,-2.9,21329.4,1.14,-2.68,17028.65,0.98,-3.94,11.97,8.2,1.46
2025-08-05,361,637,28,21,-22.1,19,14,0.5,1.6,37.6,37.3,30,7,5,0,24649.55,-0.3,-3.42,21288.85,-0.19,-2.73,16974.45,-0.32,-4.02,11.71,8.1,1.45
2025-08-06,214,785,16,78,-27.3,10,29,-1.9,1.1,34.6,24.8,25,8,4,0,24574.2,-0.31,-3.54,21096.65,-0.9,-3.57,16770.1,-1.2,-5.69,11.96,8.1,1.48
2025-08-07,461,535,32,32,-24.9,10,23,-1.3,0.8,34.1,31.9,21,11,5,0,24596.15,0.09,-2.99,21152.1,0.26,-3.05,16753.2,-0.1,-5.73,11.69,8.1,1.44
2025-08-08,229,769,18,49,-22.8,9,27,-1.8,0.6,29.2,20.0,21,8,2,0,24363.3,-0.95,-3.13,20848.25,-1.44,-3.64,16541.9,-1.26,-6.25,12.03,8.3,1.45
2025-08-11,590,405,52,34,-15.5,12,20,-0.8,0.4,32.1,35.5,17,14,1,0,24585.05,0.91,-1.98,20983.8,0.65,-3.63,16617.0,0.45,-6.69,12.22,9.1,1.34
2025-08-12,475,521,38,36,-20.4,16,21,-0.5,0.0,31.8,43.7,14,14,4,0,24487.4,-0.4,-2.81,20935.2,-0.23,-4.73,16621.2,0.03,-7.41,12.23,8.9,1.37
2025-08-13,585,410,71,31,-18.6,25,20,0.5,-0.2,33.6,54.6,18,18,4,0,24619.35,0.54,-2.35,21067.3,0.63,-4.22,16727.9,0.64,-6.98,12.14,9.2,1.32
2025-08-14,325,671,15,44,-17.9,13,25,-1.2,-0.5,32.5,45.4,19,19,3,0,24631.3,0.05,-1.91,21017.05,-0.24,-4.5,16656.75,-0.43,-7.63,12.36,9.1,1.36
2025-08-18,750,245,117,13,-6.3,38,6,3.2,-0.1,39.0,67.4,22,14,4,0,24876.95,1.0,-0.37,21267.05,1.19,-2.71,16878.7,1.33,-5.75,12.34,9.7,1.27
2025-08-19,733,264,83,7,-5.2,43,0,4.3,0.1,44.0,80.3,25,11,4,0,24980.65,0.42,-0.44,21466.85,0.94,-2.41,17006.45,0.76,-4.94,11.79,9.7,1.22
2025-08-20,522,476,58,11,-2.0,35,1,3.4,0.4,45.4,75.1,24,9,4,0,25050.55,0.28,-0.04,21566.1,0.46,-1.45,17064.5,0.34,-4.29,11.79,9.7,1.22
2025-08-21,473,524,41,16,3.2,34,1,3.3,0.9,45.9,69.4,20,9,4,0,25083.75,0.13,-0.54,21476.2,-0.42,-2.16,17077.7,0.08,-4.34,11.37,9.5,1.2
2025-08-22,364,632,29,14,1.3,31,5,2.6,1.3,43.0,49.1,25,4,4,0,24870.1,-0.85,-0.77,21438.2,-0.18,-1.91,17050.35,-0.16,-3.86,11.73,9.7,1.21
2025-08-25,458,537,37,19,5.9,31,6,2.5,1.7,42.7,43.7,25,4,5,0,24967.75,0.39,0.53,21432.3,-0.03,-0.32,17060.9,0.06,-1.84,11.76,9.2,1.28
2025-08-26,154,846,10,61,-2.9,13,22,-0.9,1.7,35.8,20.7,26,4,5,0,24712.05,-1.02,0.13,21119.3,-1.46,-0.92,16743.95,-1.86,-2.44,12.19,9.7,1.26
2025-08-28,238,760,18,49,-7.6,12,27,-1.5,1.6,31.3,14.6,17,6,5,0,24500.9,-0.85,-1.29,20864.75,-1.21,-2.96,16559.65,-1.1,-4.38,12.18,9.9,1.23
2025-08-29,389,608,26,12,-11.6,12,25,-1.3,1.4,31.1,19.5,16,7,5,0,24426.85,-0.3,-1.72,20750.3,-0.55,-3.67,16506.15,-0.32,-4.59,11.75,9.9,1.19
2025-09-01,790,207,88,6,-2.3,29,8,2.1,1.8,35.9,51.9,22,7,7,0,24625.05,0.81,-0.58,21111.85,1.74,-1.17,16738.35,1.41,-2.37,11.29,10.4,1.09
2025-09-02,643,353,80,12,-4.4,19,3,1.6,1.6,39.9,71.7,31,3,8,0,24579.6,-0.18,0.06,21149.7,0.18,0.29,16837.85,0.59,-0.15,11.4,10.0,1.14
2025-09-03,691,303,79,5,-5.2,32,0,3.2,1.5,43.7,83.1,32,2,9,0,24715.05,0.55,-0.03,21292.25,0.67,-0.17,16979.05,0.84,-0.29,10.93,9.9,1.1
2025-09-04,297,703,26,17,-9.8,22,3,1.9,1.4,41.2,59.8,31,2,8,0,24734.3,0.08,0.34,21157.95,-0.63,-0.61,16864.7,-0.67,-0.65,10.85,9.8,1.11
2025-09-05,480,517,55,9,-9.6,30,3,2.7,1.3,43.2,48.9,48,2,7,0,24741.0,0.03,0.68,21172.65,0.07,0.36,16904.25,0.23,0.8,10.78,9.8,1.1
2025-09-08,543,453,65,11,-6.0,44,4,4.0,1.4,44.8,51.8,49,4,10,0,24773.15,0.13,0.72,21254.1,0.38,0.48,16935.15,0.18,1.09,10.84,9.8,1.11
2025-09-09,461,536,39,19,-6.0,31,5,2.6,1.4,46.0,49.8,52,1,11,0,24868.6,0.39,2.07,21295.9,0.2,2.15,16979.75,0.26,2.65,10.69,9.1,1.17
2025-09-10,617,379,65,13,3.3,19,2,1.7,1.7,50.6,62.5,54,0,8,0,24973.1,0.42,1.58,21498.35,0.95,2.45,17092.25,0.66,2.86,10.54,8.7,1.21
2025-09-11,461,535,42,14,7.8,21,4,1.7,2.0,50.9,58.8,49,2,8,0,25005.5,0.13,2.12,21507.75,0.04,2.73,17090.5,-0.01,2.82,10.36,8.5,1.22
2025-09-12,468,526,37,9,9.4,24,2,2.2,2.4,53.2,55.7,47,2,6,0,25114.0,0.43,2.01,21567.2,0.28,2.37,17144.85,0.32,2.49,10.12,8.4,1.2
2025-09-15,606,393,55,7,5.7,38,1,3.7,2.5,55.5,63.8,51,1,8,0,25069.2,-0.18,1.78,21657.4,0.42,3.05,17254.25,0.64,3.59,10.4,8.5,1.22
2025-09-16,619,372,42,5,5.3,37,0,3.7,2.7,60.7,67.4,44,0,6,0,25239.1,0.68,1.46,21791.15,0.62,2.46,17382.2,0.74,2.98,10.27,8.1,1.27
2025-09-17,571,427,39,6,2.8,31,1,3.0,2.7,63.7,70.5,42,0,4,0,25330.25,0.36,1.4,21831.05,0.18,1.7,17470.75,0.51,2.73,10.25,8.1,1.27
2025-09-18,456,535,27,15,6.1,21,1,2.0,2.7,65.1,64.5,36,2,5,0,25423.6,0.37,1.49,21898.8,0.31,1.54,17481.65,0.06,2.44,9.89,8.1,1.22
2025-09-19,495,502,45,16,6.4,27,4,2.3,2.7,65.4,55.9,40,2,6,0,25327.05,-0.38,0.97,21900.6,0.01,1.98,17505.9,0.14,2.51,9.97,8.3,1.2
2025-09-22,318,682,37,24,1.9,28,10,1.8,2.5,60.7,38.2,43,2,2,0,25202.35,-0.49,1.34,21777.5,-0.56,1.58,17345.9,-0.91,1.73,10.56,7.8,1.35
2025-09-23,344,653,31,15,-0.5,32,10,2.2,2.4,58.3,33.7,45,3,1,0,25169.5,-0.13,0.81,21713.6,-0.29,1.31,17256.25,-0.52,1.15,10.63,7.8,1.36
2025-09-24,277,723,22,22,-7.3,30,15,1.5,2.4,54.4,25.8,47,2,3,1,25056.9,-0.45,1.4,21523.35,-0.88,1.91,17162.1,-0.55,2.5,10.52,6.9,1.52
2025-09-25,240,757,16,28,-11.8,18,17,0.1,2.3,50.4,20.3,45,2,7,1,24890.85,-0.66,1.59,21381.5,-0.66,2.48,17048.6,-0.66,2.95,10.78,6.6,1.63
2025-09-26,99,901,4,102,-19.2,8,29,-2.1,1.8,37.9,9.4,39,2,5,1,24654.7,-0.95,0.93,20967.75,-1.94,1.05,16683.1,-2.14,1.07,11.43,7.5,1.52
2025-09-29,435,562,44,35,-22.6,20,24,-0.4,1.4,37.8,16.4,38,2,7,1,24634.9,-0.08,0.04,21020.0,0.25,-0.44,16666.15,-0.1,-0.43,11.37,6.9,1.65
2025-09-30,486,510,17,18,-25.3,17,16,0.1,1.1,37.3,23.3,31,2,6,1,24611.1,-0.1,0.13,21038.7,0.09,-0.52,16692.75,0.16,-0.86,11.07,6.9,1.6
2025-10-01,763,235,83,1,-21.5,24,6,1.8,0.9,46.1,59.9,38,0,5,0,24836.3,0.92,0.49,21220.45,0.86,-0.34,16869.4,1.06,-0.65,10.29,7.4,1.39
2025-10-03,699,297,88,6,-16.7,32,6,2.6,1.0,51.6,79.6,45,0,7,0,24894.25,0.23,0.65,21400.3,0.85,1.15,17015.3,0.86,0.89,10.06,7.4,1.36
2025-10-06,426,571,50,19,-18.0,31,11,2.0,1.0,52.1,70.3,37,0,4,0,25077.65,0.74,1.36,21551.05,0.7,1.79,17030.15,0.09,0.74,10.19,7.8,1.31
2025-10-07,410,587,33,21,-16.2,18,14,0.4,0.8,52.6,56.1,35,1,2,0,25108.3,0.12,1.35,21635.9,0.39,1.8,17048.85,0.11,0.67,10.05,7.8,1.29
2025-10-08,323,672,28,22,-16.6,16,20,-0.4,0.6,49.5,37.6,28,0,5,0,25046.15,-0.25,0.71,21477.85,-0.73,0.85,16956.55,-0.54,-0.14,10.31,7.8,1.32
2025-10-09,523,472,45,24,-11.6,22,13,0.9,0.5,51.9,41.2,32,1,4,0,25181.8,0.54,0.84,21655.9,0.83,0.73,17007.8,0.3,-0.49,10.12,7.9,1.28
2025-10-10,623,373,48,16,-3.9,23,6,1.7,0.7,54.8,55.3,36,1,4,1,25285.35,0.41,1.12,21743.95,0.41,1.1,17112.75,0.62,0.13,10.1,8.0,1.26
2025-10-13,302,697,20,21,0.1,23,13,1.0,1.0,51.6,41.9,27,1,4,1,25227.35,-0.23,0.45,21746.75,0.01,0.83,17063.1,-0.29,-0.48,11.01,7.9,1.39
2025-10-14,215,783,21,39,-4.3,13,26,-1.3,0.9,45.7,25.4,19,3,4,1,25145.5,-0.32,0.3,21595.95,-0.69,-0.28,16913.4,-0.88,-1.98,11.16,8.0,1.4
2025-10-15,732,267,65,12,0.6,24,14,1.0,1.0,50.1,44.7,23,4,3,2,25323.55,0.71,0.33,21796.5,0.93,0.02,17052.0,0.82,-1.9,10.53,8.0,1.32
2025-10-16,604,394,40,16,-2.6,26,5,2.1,1.0,52.5,56.9,21,4,4,2,25585.3,1.03,1.01,21900.9,0.48,0.32,17117.2,0.38,-2.02,10.87,8.7,1.25
2025-10-17,291,706,26,27,-10.7,24,13,1.1,0.9,49.4,45.1,18,5,5,2,25709.85,0.49,1.13,21782.8,-0.54,-0.53,17076.55,-0.24,-2.32,11.63,8.8,1.32
2025-10-20,583,416,63,15,-7.6,49,12,3.7,1.0,53.3,59.4,16,5,6,2,25843.15,0.52,2.04,21924.85,0.65,0.11,17167.4,0.53,-1.93,11.36,8.8,1.29
2025-10-21,781,215,21,1,-0.2,46,0,4.6,1.4,56.6,73.6,17,4,5,2,25868.6,0.1,2.64,21972.05,0.22,0.89,17286.7,0.69,-0.34,11.3,8.5,1.33
2025-10-23,381,619,33,42,0.9,31,3,2.8,1.8,56.9,53.4,17,5,5,2,25891.4,0.09,2.87,21940.05,-0.15,1.04,17245.55,-0.24,-0.06,11.73,8.4,1.4
2025-10-24,343,651,22,15,-2.7,19,7,1.2,1.8,54.2,42.8,16,6,5,1,25795.15,-0.37,2.95,21890.9,-0.22,1.71,17219.0,-0.15,0.33,11.59,8.4,1.38
2025-10-27,530,468,45,13,-4.5,41,11,3.0,1.9,55.6,47.9,25,5,6,1,25966.05,0.66,4.32,22064.65,0.79,3.2,17330.15,0.65,1.65,11.86,8.0,1.48
2025-10-28,439,559,41,19,-1.8,40,7,3.3,2.2,53.7,44.4,32,5,5,1,25936.2,-0.11,5.2,22063.0,-0.01,5.22,17346.4,0.09,3.98,11.95,6.8,1.76
2025-10-29,657,341,45,18,7.1,35,5,3.0,2.6,59.0,63.6,28,6,5,1,26053.9,0.45,5.76,22190.5,0.58,5.57,17423.6,0.45,4.54,11.97,6.7,1.79
2025-10-30,380,617,32,14,0.0,30,7,2.3,2.7,59.0,56.1,36,5,7,1,25877.85,-0.68,5.15,22154.45,-0.16,5.3,17411.55,-0.07,4.31,12.07,7.5,1.61
2025-10-31,300,697,29,23,-6.0,28,15,1.3,2.6,54.0,39.2,27,5,4,1,25722.1,-0.6,3.57,22045.95,-0.49,3.89,17313.9,-0.56,2.63,12.15,7.6,1.6
2025-11-03,626,371,75,24,0.7,49,14,3.5,2.9,58.1,50.4,30,3,5,1,25763.35,0.16,3.49,22216.1,0.77,3.81,17434.85,0.7,2.47,12.67,7.6,1.67
2025-11-04,298,700,23,19,-5.0,39,19,2.0,2.7,53.0,37.4,31,4,3,1,25597.65,-0.64,2.07,22135.95,-0.36,2.71,17320.2,-0.66,1.7,12.65,7.8,1.62
2025-11-06,163,835,20,133,-17.4,16,36,-2.0,2.0,42.6,20.6,24,4,3,1,25509.7,-0.34,1.6,21923.1,-0.96,1.33,17061.5,-1.49,0.07,12.41,8.0,1.55
2025-11-07,523,477,45,29,-14.6,31,41,-1.0,1.7,42.6,26.8,33,4,5,1,25492.3,-0.07,1.78,22026.4,0.47,2.55,17020.05,-0.24,0.37,12.56,7.9,1.59
2025-11-10,448,549,46,55,-12.5,36,34,0.2,1.6,42.3,31.3,28,5,3,1,25574.35,0.32,1.56,22126.6,0.45,2.17,17019.3,0.0,0.07,12.3,7.8,1.58
2025-11-11,466,534,40,41,-13.8,35,30,0.5,1.3,43.4,38.2,28,6,3,1,25694.95,0.47,1.62,22224.4,0.44,2.21,16994.0,-0.15,-0.69,12.49,7.8,1.6
2025-11-12,630,368,65,16,-10.0,39,14,2.5,1.2,46.4,57.1,32,6,3,1,25875.8,0.7,2.57,22394.45,0.77,2.98,17120.15,0.74,0.33,12.11,8.0,1.51
2025-11-13,377,618,36,30,-15.6,27,23,0.4,1.0,44.5,47.8,32,5,4,1,25879.15,0.01,2.92,22322.45,-0.32,3.36,17051.05,-0.4,0.81,12.16,7.9,1.54
2025-11-14,462,535,52,19,-13.9,32,22,1.0,0.8,43.8,48.8,36,6,8,1,25910.05,0.12,2.32,22331.25,0.04,2.45,17081.45,0.18,0.17,11.94,7.6,1.57
2025-11-17,598,401,64,11,-8.0,43,20,2.3,0.9,46.6,58.5,35,5,10,1,26013.45,0.4,1.67,22482.4,0.68,2.66,17197.9,0.68,0.47,11.79,6.9,1.71
2025-11-18,239,759,13,27,-15.7,32,38,-0.6,0.5,42.8,36.0,34,8,7,1,25910.05,-0.4,0.78,22342.65,-0.62,2.57,17022.75,-1.02,-0.32,12.1,6.9,1.75
2025-11-19,402,595,35,29,-13.6,34,38,-0.4,0.3,43.7,36.3,30,7,5,2,26052.65,0.55,0.81,22414.65,0.32,2.23,16950.8,-0.42,-1.26,11.97,6.9,1.73
2025-11-20,410,589,31,16,-8.7,24,36,-1.2,0.4,42.9,35.4,29,7,4,2,26192.15,0.54,1.25,22406.75,-0.04,1.98,16934.45,-0.1,-2.04,12.14,7.1,1.71
2025-11-21,142,852,9,51,-16.3,10,60,-5.0,-0.0,35.9,16.9,21,13,4,2,26068.15,-0.47,0.68,22151.15,-1.14,0.96,16723.75,-1.24,-3.03,13.63,7.4,1.84
2025-11-24,265,734,23,97,-19.9,14,63,-4.9,-0.5,33.8,17.6,21,15,3,2,25959.5,-0.42,0.64,22079.4,-0.32,0.86,16615.85,-0.65,-3.5,13.24,7.4,1.79
2025-11-25,542,455,42,9,-18.4,17,38,-2.1,-0.8,34.7,25.7,22,16,4,2,25884.8,-0.29,-0.31,22136.45,0.26,0.33,16633.4,0.11,-4.02,12.24,7.1,1.72
2025-11-26,795,201,56,6,-15.1,26,6,2.0,-0.9,39.8,59.7,21,12,3,2,26205.3,1.24,1.04,22419.1,1.28,1.61,16829.8,1.18,-2.98,11.97,8.4,1.43
2025-11-27,366,632,18,12,-15.3,18,17,0.1,-0.9,38.8,57.0,18,14,4,2,26215.55,0.04,0.62,22420.1,0.0,1.03,16770.05,-0.36,-3.75,11.79,8.2,1.44
2025-11-28,413,584,30,12,-16.3,25,28,-0.3,-1.0,39.4,53.2,16,11,4,3,26202.95,-0.05,1.26,22395.4,-0.11,1.09,16732.6,-0.22,-3.9,11.62,7.8,1.49
2025-12-01,421,572,27,20,-19.8,34,32,0.2,-1.2,38.8,45.5,20,15,4,3,26175.75,-0.1,1.76,22372.3,-0.1,1.48,16770.6,0.23,-3.14,11.63,7.4,1.57
2025-12-02,301,696,19,12,-18.5,18,40,-2.2,-1.4,36.9,29.5,17,22,3,3,26032.2,-0.55,1.04,22327.85,-0.2,0.5,16696.45,-0.44,-4.24,11.23,7.8,1.44
2025-12-03,286,711,14,24,-20.9,10,49,-3.9,-1.7,34.7,26.7,16,22,3,2,25986.0,-0.18,1.52,22130.15,-0.89,-0.03,16622.65,-0.44,-4.03,11.21,7.4,1.51
2025-12-04,388,607,15,24,-21.3,15,51,-3.6,-2.0,34.6,26.3,18,15,4,3,26033.75,0.18,2.05,22120.75,-0.04,0.9,16582.9,-0.24,-2.81,10.82,7.2,1.5
2025-12-05,347,651,19,41,-17.2,14,62,-4.8,-2.0,34.6,27.5,13,17,3,3,26186.45,0.59,2.72,22207.9,0.39,0.82,16494.9,-0.53,-3.09,10.32,7.4,1.39
2025-12-08,96,904,12,146,-20.6,7,100,-9.3,-2.4,25.7,10.8,9,19,3,2,25960.55,-0.86,1.51,21830.0,-1.7,-1.34,16120.0,-2.27,-5.28,11.13,8.1,1.37
2025-12-09,735,264,88,6,-16.7,11,28,-1.7,-2.4,29.8,31.7,7,13,3,1,25839.65,-0.47,0.56,21911.0,0.37,-1.41,16283.65,1.02,-4.18,10.95,8.2,1.34
2025-12-10,319,679,18,21,-26.3,6,40,-3.4,-2.9,26.8,28.6,8,15,2,0,25758.0,-0.32,-0.46,21707.9,-0.93,-3.07,16168.0,-0.71,-5.56,10.91,7.9,1.38
2025-12-11,633,364,35,11,-20.9,10,15,-0.5,-3.0,30.0,50.3,10,15,2,1,25898.55,0.55,0.07,21893.25,0.85,-1.92,16261.35,0.58,-4.63,10.4,8.1,1.28
2025-12-12,675,323,50,4,-15.7,23,17,0.6,-2.9,33.1,73.0,9,13,1,1,26046.95,0.57,0.53,22152.1,1.18,-0.8,16396.85,0.83,-4.01,10.11,8.4,1.2
2025-12-15,541,454,47,9,-13.3,27,16,1.1,-2.8,33.7,67.2,9,7,1,1,26027.3,-0.08,0.05,22136.8,-0.07,-1.54,16455.45,0.36,-4.32,10.25,8.3,1.23
2025-12-16,256,739,26,23,-14.2,13,35,-2.2,-2.8,32.4,45.2,11,7,3,1,25860.1,-0.64,-0.19,21966.15,-0.77,-1.69,16328.25,-0.77,-4.08,10.06,8.5,1.18
2025-12-17,264,733,14,36,-14.6,11,55,-4.4,-2.8,28.8,26.9,9,8,2,1,25818.55,-0.16,-0.9,21846.25,-0.55,-2.54,16210.7,-0.72,-4.37,9.84,8.2,1.2
2025-12-18,381,615,29,14,-14.8,15,50,-3.5,-2.8,26.4,23.2,12,10,1,1,25815.55,-0.01,-1.44,21892.75,0.21,-2.29,16192.15,-0.11,-4.38,9.71,7.9,1.23
2025-12-19,777,222,73,7,-6.2,21,20,0.1,-2.3,32.3,58.4,12,4,1,1,25966.4,0.58,-0.39,22146.15,1.16,-0.02,16407.7,1.33,-1.89,9.52,8.1,1.18
2025-12-22,738,257,87,7,6.7,38,6,3.2,-1.1,37.7,78.8,20,3,3,0,26172.4,0.79,0.82,22328.95,0.83,1.13,16565.7,0.96,-0.3,9.68,8.5,1.14
2025-12-23,546,451,33,13,2.9,25,11,1.4,-0.8,39.8,78.4,16,4,1,0,26177.15,0.02,1.13,22353.5,0.11,0.98,16635.0,0.42,0.01,9.38,8.4,1.12
2025-12-24,352,647,32,14,3.6,25,11,1.4,-0.3,37.8,60.9,15,7,1,0,26142.1,-0.13,-0.24,22247.35,-0.47,-0.77,16644.75,0.06,-1.1,9.19,7.1,1.29
2025-12-26,340,653,35,15,-2.2,20,21,-0.1,-0.2,37.4,38.8,13,5,1,0,26042.3,-0.38,-0.66,22190.75,-0.25,-1.02,16614.05,-0.18,-0.93,9.15,7.3,1.25
2025-12-29,294,704,18,27,-9.9,11,26,-1.5,-0.5,34.5,28.7,13,7,1,0,25942.1,-0.38,-1.0,22100.95,-0.4,-1.31,16525.6,-0.53,-1.24,9.72,7.4,1.31
2025-12-30,385,612,36,18,-13.0,26,29,-0.3,-0.6,34.5,29.9,13,5,2,0,25938.85,-0.01,-0.91,22061.9,-0.18,-1.39,16491.9,-0.2,-1.66,9.68,7.4,1.31
2025-12-31,781,214,55,13,-2.5,37,7,3.0,-0.1,39.5,59.6,14,6,2,0,26129.6,0.74,0.37,22276.9,0.97,-0.23,16684.75,1.17,-0.07,9.48,7.6,1.25
2026-01-01,483,513,42,11,1.9,50,9,4.1,0.8,40.2,61.9,14,4,2,0,26146.55,0.06,0.62,22369.15,0.41,1.08,16667.9,-0.1,0.27,9.19,7.6,1.21
2026-01-02,722,276,70,9,8.7,54,8,4.6,1.6,46.6,79.4,22,3,2,0,26328.55,0.7,1.13,22579.05,0.94,2.07,16795.75,0.77,1.28,9.45,7.9,1.2
2026-01-05,389,611,41,33,0.9,48,14,3.4,1.9,47.9,62.3,20,2,2,0,26250.3,-0.3,0.24,22555.45,-0.1,1.56,16843.35,0.28,2.11,10.02,7.7,1.3
2026-01-06,341,656,27,21,-7.0,49,22,2.7,1.9,45.2,46.3,31,3,3,0,26178.7,-0.27,0.84,22510.6,-0.2,3.12,16791.5,-0.31,4.17,10.02,7.1,1.41
2026-01-07,512,481,44,7,-7.7,46,21,2.5,2.0,48.2,44.8,27,3,3,0,26140.75,-0.14,1.17,22606.5,0.43,3.17,16816.0,0.15,3.27,9.95,6.9,1.44
2026-01-08,108,891,9,112,-12.6,8,49,-4.1,1.4,37.9,17.5,16,6,1,0,25876.85,-1.01,0.46,22180.55,-1.88,2.18,16489.05,-1.94,1.99,10.6,7.8,1.36
2026-01-09,157,842,8,79,-16.3,4,77,-7.3,0.7,29.3,9.0,8,7,1,0,25683.3,-0.75,-0.83,21985.9,-0.88,0.42,16209.45,-1.7,-0.32,10.93,8.0,1.37
2026-01-12,352,645,25,29,-15.1,8,75,-6.7,0.2,27.5,13.4,10,9,1,0,25790.25,0.42,-0.99,21948.85,-0.17,-0.92,16101.4,-0.67,-1.8,11.37,7.9,1.44
2026-01-13,492,505,43,8,-13.0,9,52,-4.3,-0.2,30.0,22.6,8,6,1,0,25732.3,-0.22,-1.13,21918.7,-0.14,-0.99,16205.25,0.64,-1.52,11.2,7.9,1.42
2026-01-14,458,541,33,15,-19.5,19,54,-3.5,-0.9,32.6,37.3,11,6,2,0,25665.6,-0.26,-0.75,21965.45,0.21,-0.0,16283.6,0.48,-0.27,11.32,7.6,1.49
2026-01-16,371,629,43,33,-21.8,18,71,-5.3,-1.8,31.6,40.7,16,6,3,0,25694.35,0.11,-0.48,21975.1,0.04,0.59,16207.3,-0.47,-0.02,11.37,7.6,1.5
2026-01-19,220,778,16,58,-31.8,10,107,-9.7,-3.2,28.1,26.1,15,6,2,0,25585.5,-0.42,-0.89,21878.45,-0.44,-0.07,16024.05,-1.13,-1.04,11.83,7.7,1.54
2026-01-20,66,934,6,276,-38.3,2,161,-15.9,-5.2,17.9,8.2,6,11,2,0,25232.5,-1.38,-2.83,21334.6,-2.49,-3.66,15595.2,-2.68,-4.95,12.73,8.7,1.46
2026-01-21,297,703,25,88,-39.2,2,148,-14.6,-6.9,16.1,8.9,5,18,2,0,25157.5,-0.3,-3.88,21118.45,-1.01,-5.42,15478.8,-0.75,-6.56,13.78,8.0,1.72
2026-01-22,761,238,103,20,-34.2,11,46,-3.5,-7.5,20.3,33.0,7,13,2,0,25289.9,0.53,-3.39,21376.0,1.22,-4.37,15618.8,0.9,-6.11,13.35,8.4,1.59
2026-01-23,139,860,15,176,-33.6,7,142,-13.5,-8.4,15.2,19.1,7,24,2,0,25048.65,-0.95,-4.18,21008.55,-1.72,-5.57,15314.6,-1.95,-7.99,14.19,8.8,1.61
2026-01-27,480,517,65,54,-27.1,17,113,-9.6,-8.7,17.5,32.0,7,22,2,0,25175.4,0.51,-3.33,21119.1,0.53,-4.83,15345.5,0.2,-7.64,14.45,9.2,1.57
2026-01-28,797,201,233,15,-18.3,26,23,0.3,-8.0,23.9,64.6,9,22,1,0,25342.75,0.66,-2.31,21460.95,1.62,-2.9,15639.55,1.92,-5.36,13.53,9.6,1.41
2026-01-29,369,626,53,43,-20.7,30,54,-2.4,-7.8,23.2,52.1,9,19,1,0,25418.9,0.3,-2.0,21483.65,0.11,-2.62,15630.3,-0.06,-5.22,13.37,9.7,1.38
2026-01-30,652,341,108,44,-16.7,15,19,-0.4,-7.5,27.8,69.7,7,21,0,0,25320.65,-0.39,-3.1,21490.9,0.03,-3.53,15763.45,0.85,-5.52,13.63,9.2,1.48
2026-02-02,307,692,39,142,-18.0,7,48,-4.1,-7.3,21.9,46.4,7,26,0,0,25088.4,1.06,-4.05,21249.35,0.99,-5.01,15507.15,0.56,-6.96,13.87,9.6,1.44
2026-02-03,892,107,306,8,-4.6,21,9,1.2,-6.3,36.6,74.9,8,23,0,0,25727.55,2.55,-2.28,21869.85,2.92,-3.14,15962.45,2.94,-4.96,12.9,13.3,0.97
2026-02-04,679,318,126,34,7.7,27,10,1.7,-4.5,42.2,78.9,9,17,0,0,25776.0,0.19,-1.81,22002.0,0.6,-2.45,16084.15,0.76,-4.51,12.25,13.3,0.92
2026-02-05,306,692,29,59,7.9,17,19,-0.2,-3.1,40.1,64.6,11,14,1,0,25642.8,-0.52,-2.05,21931.5,-0.32,-2.57,15919.15,-1.03,-5.2,12.17,13.4,0.91
2026-02-06,397,602,36,36,0.6,15,26,-1.1,-2.8,39.6,55.0,12,19,0,0,25693.7,0.2,-1.71,21926.85,-0.02,-3.01,15864.5,-0.34,-5.66,11.94,13.4,0.89
2026-02-09,839,161,230,12,14.6,40,6,3.4,-1.1,51.6,76.5,23,8,3,0,25867.3,0.68,-0.04,22272.0,1.57,0.41,16268.8,2.55,-1.34,12.19,13.2,0.92
2026-02-10,570,427,76,20,16.4,35,6,2.9,0.1,54.6,75.5,29,6,4,0,25935.15,0.26,0.98,22359.75,0.39,1.7,16349.35,0.5,0.86,11.67,12.9,0.9
2026-02-11,412,585,50,45,8.7,39,16,2.3,0.3,53.8,65.5,32,5,2,0,25953.85,0.07,0.63,22364.4,0.02,1.89,16369.9,0.13,1.67,11.55,12.9,0.9
2026-02-12,312,687,36,52,7.5,35,34,0.1,0.6,49.5,45.8,33,7,6,0,25807.2,-0.57,0.29,22252.4,-0.5,1.52,16250.15,-0.73,0.28,11.73,13.0,0.9
2026-02-13,174,825,15,113,-2.1,12,46,-3.4,0.3,43.1,20.3,30,15,6,0,25471.1,-1.3,-0.76,21884.35,-1.65,-0.37,15988.3,-1.61,-1.81,13.29,13.8,0.96
2026-02-16,467,533,34,51,1.1,25,49,-2.4,0.4,42.6,25.3,33,17,5,0,25682.75,0.83,-0.05,21977.2,0.42,0.01,15981.15,-0.04,-1.4,13.33,14.2,0.94
2026-02-17,691,305,59,8,-2.9,30,10,2.0,0.5,46.5,45.1,48,8,7,0,25725.4,0.17,0.55,22039.7,0.28,0.74,16099.35,0.74,0.47,12.67,14.1,0.9
2026-02-18,549,442,43,7,-5.4,37,15,2.2,0.6,50.4,56.7,77,5,11,0,25819.35,0.37,2.33,22159.95,0.55,3.87,16180.85,0.51,3.76,12.22,13.1,0.93
2026-02-19,159,840,10,45,-8.4,8,40,-3.2,0.3,43.3,31.7,77,5,10,0,25454.35,-1.41,1.18,21813.4,-1.56,3.29,15988.0,-1.19,3.29,13.46,14.1,0.95
2026-02-20,454,539,15,21,-7.2,23,51,-2.8,0.1,43.4,31.0,63,7,7,0,25571.25,0.46,1.11,21918.2,0.48,2.54,15958.8,-0.18,2.18,14.36,14.1,1.02
2026-02-23,513,486,38,35,-13.7,37,45,-0.8,-0.3,45.0,38.6,87,4,9,0,25713.0,0.55,2.65,21882.1,-0.16,4.16,16027.95,0.43,4.66,14.17,13.7,1.03
2026-02-24,292,706,12,70,-19.2,34,83,-4.9,-1.1,40.5,31.0,80,11,8,0,25424.65,-1.12,0.99,21820.2,-0.28,3.32,15933.05,-0.59,3.83,14.15,14.3,0.99
2026-02-25,547,447,46,23,-16.5,40,60,-2.0,-1.5,44.9,43.7,55,15,7,0,25482.5,0.23,0.55,21959.05,0.64,2.32,16035.7,0.64,2.53,13.49,14.1,0.96
2026-02-26,521,476,35,12,-12.3,43,35,0.8,-1.5,44.5,47.8,65,9,7,0,25496.55,0.06,0.31,22087.15,0.58,2.81,16047.45,0.07,2.67,13.06,14.1,0.93
2026-02-27,247,750,22,51,-10.8,21,72,-5.1,-1.6,38.9,33.6,47,14,6,0,25178.65,-1.25,-0.56,21847.35,-1.09,1.66,15881.05,-1.04,0.75,13.7,14.7,0.93
2026-03-02,111,889,12,168,-18.0,8,130,-12.2,-2.6,31.3,13.7,34,17,4,0,24865.7,-1.24,-0.89,21476.25,-1.7,1.07,15580.4,-1.89,0.47,17.13,15.0,1.14
2026-03-04,119,881,20,216,-29.4,3,174,-17.1,-4.5,24.6,8.0,15,25,1,0,24480.5,-1.55,-4.85,21004.95,-2.19,-3.95,15250.6,-2.12,-4.46,21.14,12.6,1.68
2026-03-05,711,285,67,10,-26.2,15,77,-6.2,-5.4,27.5,19.5,15,24,1,1,24765.9,1.17,-3.92,21326.0,1.53,-3.07,15465.75,1.41,-3.84,17.86,13.5,1.32
2026-03-06,361,639,37,26,-22.2,16,97,-8.1,-5.8,27.4,26.0,19,22,1,1,24450.45,-1.27,-4.65,21181.8,-0.68,-3.42,15422.2,-0.28,-3.12,19.88,14.0,1.42
2026-03-09,126,874,16,201,-28.9,3,188,-18.5,-7.4,21.0,14.8,16,29,1,1,24028.05,-1.73,-6.48,20749.45,-2.04,-5.37,15063.5,-2.33,-5.05,23.36,14.9,1.57
2026-03-10,864,134,191,9,-21.8,12,25,-1.3,-7.5,26.3,55.8,13,29,1,1,24261.6,0.97,-6.21,21079.75,1.59,-5.35,15385.9,2.14,-5.43,18.91,15.2,1.24
2026-03-11,355,638,45,36,-20.5,15,44,-2.9,-7.3,26.0,45.8,10,26,1,1,23866.85,-1.63,-7.97,20839.35,-1.14,-6.8,15326.6,-0.39,-6.26,21.06,15.7,1.34
2026-03-12,368,630,42,39,-24.1,16,75,-5.9,-7.7,25.7,44.5,9,30,1,1,23639.15,-0.95,-8.92,20790.9,-0.23,-7.04,15266.45,-0.39,-6.74,21.52,15.7,1.37
2026-03-13,84,916,11,305,-32.9,0,163,-16.3,-9.4,16.8,14.3,6,37,2,1,23151.1,-2.06,-10.29,20233.0,-2.68,-9.07,14857.5,-2.68,-8.57,22.65,16.7,1.36
2026-03-16,384,614,25,56,-30.2,2,152,-15.0,-10.4,16.1,12.0,7,35,1,1,23408.8,1.11,-8.1,20158.45,-0.37,-7.89,14804.7,-0.36,-7.4,21.6,17.4,1.24
2026-03-17,619,379,63,10,-20.0,4,111,-10.7,-10.2,19.2,28.1,6,22,2,1,23581.15,0.74,-8.18,20366.95,1.03,-7.33,14889.5,0.57,-6.83,19.79,17.3,1.14
2026-03-18,866,131,201,8,-5.0,4,9,-0.5,-8.5,23.9,76.3,5,16,1,1,23777.8,0.83,-7.57,20746.8,1.87,-5.87,15153.55,1.77,-5.87,18.72,17.8,1.05
2026-03-19,61,937,9,262,-18.0,2,128,-12.6,-9.2,17.5,27.9,5,31,1,2,23002.15,-3.26,-10.91,20108.95,-3.07,-9.26,14753.25,-2.64,-8.82,22.8,20.3,1.12
2026-03-20,617,379,82,14,-12.9,6,71,-6.5,-9.0,20.9,43.8,7,22,1,2,23114.5,0.49,-9.19,20226.9,0.59,-7.27,14791.95,0.26,-7.48,22.81,20.4,1.12
2026-03-23,41,959,6,582,-14.6,0,280,-28.0,-10.0,13.5,7.0,4,46,1,2,22512.65,-2.6,-11.96,19445.75,-3.86,-11.28,14232.85,-3.78,-10.82,26.73,21.4,1.25
2026-03-24,896,104,205,11,-14.0,4,34,-3.0,-10.1,17.7,29.1,8,25,1,2,22912.4,1.78,-10.89,19931.5,2.5,-8.91,14574.25,2.4,-9.07,24.74,22.7,1.09
2026-03-25,877,122,155,3,-3.6,6,6,0.0,-9.9,22.6,77.9,7,11,0,1,23306.45,1.72,-8.33,20397.75,2.34,-6.52,14937.2,2.49,-6.25,24.64,24.0,1.03
2026-03-27,129,871,21,265,-8.4,5,125,-12.0,-10.5,18.2,34.8,4,26,0,1,22819.6,-2.09,-10.45,19952.75,-2.18,-9.14,14655.35,-1.89,-8.61,26.8,24.6,1.09
2026-03-30,106,893,13,369,-7.9,4,275,-27.1,-11.5,15.7,15.8,4,61,0,0,22331.4,-2.14,-12.41,19430.9,-2.62,-12.03,14288.45,-2.5,-10.96,27.89,25.1,1.11
2026-04-01,927,72,520,4,2.9,5,4,0.1,-10.0,21.2,67.5,10,21,0,0,22679.4,1.56,-9.93,19869.1,2.26,-9.05,14749.1,3.22,-7.13,25.01,26.2,0.95
2026-04-02,569,429,56,15,1.9,6,16,-1.0,-9.1,22.3,70.2,8,13,2,0,22713.1,0.15,-8.66,19805.5,-0.32,-7.78,14724.45,-0.17,-5.49,25.52,26.1,0.98
2026-04-06,775,225,79,6,0.1,8,5,0.3,-9.0,25.6,85.4,16,6,2,0,22968.25,1.12,-6.18,20090.6,1.44,-4.35,14881.85,1.07,-2.42,25.47,26.3,0.97
2026-04-07,540,458,42,7,9.7,9,6,0.3,-7.7,27.5,83.1,14,6,2,0,23123.65,0.68,-6.63,20110.9,0.1,-5.7,14900.95,0.13,-3.65,24.7,26.0,0.95
2026-04-08,929,71,527,9,15.9,15,1,1.4,-6.9,46.2,92.7,21,2,4,0,23997.35,3.78,-1.85,20909.45,3.97,-1.29,15483.5,3.91,0.4,19.7,29.5,0.67
2026-04-09,443,554,49,14,23.9,21,2,1.9,-3.9,46.7,89.0,42,2,6,0,23775.1,-0.93,-1.05,20965.5,0.27,1.04,15503.75,0.13,2.92,20.43,29.0,0.7
2026-04-10,871,126,137,4,23.5,34,1,3.3,-3.3,57.6,92.2,35,2,5,0,24050.6,1.16,-0.87,21300.3,1.6,1.05,15753.05,1.61,2.39,18.85,29.1,0.65
2026-04-13,359,636,44,20,13.1,24,2,2.2,-3.1,55.6,80.5,46,4,7,0,23842.65,-0.86,-0.1,21177.6,-0.58,1.62,15687.95,-0.41,2.36,20.5,28.6,0.72
2026-04-15,900,100,233,6,28.6,44,1,4.3,-1.4,70.7,91.7,66,2,7,0,24231.3,1.63,2.5,21644.45,2.2,4.11,16051.4,2.32,5.14,18.67,29.0,0.64
2026-04-16,681,317,85,5,40.1,51,0,5.1,1.8,76.0,87.5,134,1,11,0,24196.75,-0.14,4.52,21780.5,0.63,7.65,16199.25,0.92,9.03,18.09,27.8,0.65
2026-04-17,752,247,106,6,36.6,61,0,6.1,2.4,79.6,87.3,175,1,16,0,24353.55,0.65,4.04,22045.2,1.22,9.36,16439.25,1.48,11.04,17.21,27.7,0.62
2026-04-20,367,632,44,28,32.5,40,1,3.9,2.9,77.9,72.4,153,2,17,0,24364.85,0.05,3.32,22025.15,-0.09,8.14,16379.5,-0.36,10.01,18.79,27.6,0.68
2026-04-21,656,342,77,9,30.2,42,1,4.1,3.3,81.8,69.8,105,2,14,0,24576.6,0.87,3.36,22141.6,0.53,6.72,16513.2,0.82,8.97,17.53,27.6,0.64
2026-04-22,658,338,96,17,32.5,55,1,5.4,3.8,82.5,71.9,193,1,21,0,24378.1,-0.81,5.98,22191.05,0.22,10.35,16683.45,1.03,13.08,18.3,24.7,0.74
2026-04-23,332,665,53,26,20.6,39,1,3.8,4.0,79.4,51.0,172,1,20,0,24173.05,-0.84,4.58,22099.3,-0.41,9.26,16592.45,-0.55,12.17,18.59,25.0,0.74
2026-04-24,205,792,17,68,15.9,22,3,1.9,4.0,73.8,30.0,243,0,39,0,23897.95,-1.14,6.15,21875.95,-1.01,12.5,16414.65,-1.07,15.33,19.71,23.2,0.85
2026-04-27,863,137,177,6,15.7,54,0,5.4,4.2,81.4,62.8,237,0,37,0,24092.7,0.81,5.15,22198.45,1.47,11.37,16713.55,1.82,14.68,18.38,22.7,0.81
2026-04-28,397,602,46,22,16.4,49,2,4.7,4.5,79.8,53.6,189,0,28,0,23995.7,-0.4,2.96,22220.75,0.1,8.94,16721.85,0.05,11.95,18.05,22.1,0.82
2026-04-29,475,523,46,27,7.9,49,0,4.9,4.5,81.3,56.4,271,0,37,0,24177.65,0.76,5.95,22212.35,-0.04,11.32,16804.4,0.49,14.66,17.44,20.5,0.85
2026-04-30,293,706,30,34,0.1,36,4,3.2,4.3,79.4,42.1,348,1,60,1,23997.55,-0.74,7.46,22000.05,-0.96,13.22,16731.2,-0.44,17.1,18.46,18.8,0.98
2026-05-04,688,309,118,21,-1.1,67,3,6.4,4.4,82.1,54.5,257,1,34,1,24119.3,0.51,6.35,22155.5,0.71,11.51,16895.95,0.98,14.56,18.3,18.3,1.0
2026-05-05,452,546,53,28,0.6,56,1,5.5,4.5,81.5,52.4,241,2,33,1,24032.8,-0.36,5.81,22180.25,0.11,11.99,16928.2,0.19,14.97,17.91,18.4,0.97
2026-05-06,777,222,141,17,3.0,69,2,6.7,4.8,87.8,76.5,247,1,30,1,24330.95,1.24,5.93,22556.5,1.7,12.27,17233.85,1.81,15.8,16.68,18.5,0.9
2026-05-07,681,318,115,10,3.4,93,1,9.2,5.2,89.8,82.6,281,1,36,1,24326.65,-0.02,5.2,22804.95,1.1,13.4,17409.0,1.02,16.83,16.62,18.5,0.9
2026-05-08,415,584,67,26,5.1,73,0,7.3,5.5,88.5,67.3,175,1,20,1,24176.15,-0.62,0.75,22772.4,-0.14,8.91,17437.5,0.16,12.62,16.84,13.5,1.25
2026-05-11,253,746,43,111,6.0,47,4,4.3,5.8,84.2,39.5,161,1,18,1,23815.85,-1.49,0.17,22526.6,-1.08,7.45,17253.5,-1.06,11.29,18.55,14.1,1.32
2026-05-12,83,916,14,332,-9.6,9,13,-0.4,5.2,74.9,12.4,77,1,9,1,23379.55,-1.83,-2.79,21957.65,-2.53,3.09,16735.8,-3.0,6.24,19.28,14.9,1.29
2026-05-13,599,397,73,27,-5.5,25,12,1.3,4.8,76.1,19.2,83,1,12,1,23412.6,0.14,-1.8,22096.5,0.63,4.34,16784.0,0.29,6.99,19.43,14.7,1.32
2026-05-14,526,472,54,34,-4.5,37,9,2.8,4.6,75.9,29.0,69,1,12,1,23689.6,1.18,-2.24,22357.15,1.18,3.29,16789.0,0.03,4.6,18.61,14.1,1.32
2026-05-15,331,669,40,49,-3.7,30,7,2.3,4.5,74.9,33.0,50,2,10,1,23643.5,-0.19,-2.29,22257.95,-0.44,2.19,16722.9,-0.39,3.23,18.79,14.1,1.33
2026-05-18,232,766,38,87,-12.9,18,17,0.1,3.9,69.6,30.2,42,4,7,1,23649.95,0.03,-2.89,22203.5,-0.24,0.72,16473.65,-1.49,0.21,19.63,13.8,1.42
2026-05-19,677,322,84,22,-8.4,25,7,1.8,3.5,73.0,42.9,42,4,5,1,23618.0,-0.14,-3.07,22374.75,0.77,1.59,16664.6,1.16,1.74,18.68,13.8,1.35
2026-05-20,497,497,65,10,-13.9,28,10,1.8,3.1,73.7,49.9,43,3,6,1,23659.0,0.17,-3.73,22457.4,0.37,1.43,16678.05,0.08,1.0,18.44,13.3,1.39
2026-05-21,593,403,69,16,-15.7,47,7,4.0,2.5,74.0,61.8,44,3,8,1,23654.7,-0.02,-2.97,22479.15,0.1,1.3,16796.3,0.71,0.68,17.82,13.1,1.36
2026-05-22,496,499,51,30,-14.0,35,11,2.4,2.0,74.8,61.1,45,4,10,1,23719.3,0.27,-1.88,22504.2,0.11,1.83,16775.3,-0.13,1.1,17.91,12.9,1.39
2026-05-25,726,273,118,21,-4.5,64,2,6.2,2.2,79.3,71.8,68,3,15,1,24031.7,1.32,0.56,22694.35,0.84,3.74,16976.4,1.2,3.42,16.7,13.2,1.27
2026-05-26,481,512,58,25,3.5,58,3,5.5,2.8,79.7,67.2,60,4,14,2,23913.7,-0.49,-0.74,22795.5,0.45,2.69,17009.55,0.2,1.77,16.13,13.0,1.24
2026-05-27,512,484,84,23,1.7,73,5,6.8,3.4,78.8,62.0,58,4,12,2,23907.15,-0.03,-0.37,22884.9,0.39,2.99,17103.45,0.55,2.28,14.98,12.9,1.16
2026-05-29,271,729,62,100,-3.4,41,16,2.5,3.3,73.4,38.1,65,6,14,2,23547.75,-1.5,-2.61,22571.4,-1.37,1.62,16992.1,-0.65,1.12,16.19,13.6,1.19
2026-06-01,310,689,51,97,-3.8,34,17,1.7,3.3,67.6,26.8,64,5,12,0,23382.6,-0.7,-2.56,22265.2,-1.36,1.21,16857.1,-0.79,0.75,16.54,13.6,1.22
2026-06-02,647,350,97,14,4.5,47,11,3.6,3.6,68.7,38.7,63,4,12,0,23483.55,0.43,-2.64,22305.85,0.18,0.68,16946.6,0.53,0.3,15.36,13.6,1.13
2026-06-03,427,571,56,30,-0.5,46,18,2.8,3.7,66.7,41.4,67,7,10,1,23405.6,-0.33,-2.61,22220.5,-0.38,0.18,16954.45,0.05,0.16,16.28,13.5,1.21
2026-06-04,536,462,89,18,0.3,56,13,4.3,4.0,67.1,53.7,62,6,10,1,23416.55,0.05,-3.76,22315.95,0.43,-1.07,17052.7,0.58,-1.05,15.89,12.6,1.26
2026-06-05,450,549,45,34,-2.6,36,9,2.7,3.9,66.2,53.0,55,8,8,1,23366.7,-0.21,-3.95,22251.8,-0.29,-2.43,17054.5,0.01,-2.04,15.79,12.6,1.25
2026-06-08,146,854,16,142,-9.7,22,25,-0.3,3.6,57.0,23.4,45,12,8,1,23123.0,-1.04,-4.36,21926.45,-1.46,-3.71,16748.9,-1.79,-3.95,17.03,12.8,1.33
2026-06-09,802,197,147,11,-8.2,49,12,3.7,3.3,61.4,51.4,57,7,10,1,23242.1,0.52,-2.41,22216.25,1.32,-1.38,16977.45,1.36,-1.6,15.58,12.2,1.28
2026-06-10,220,780,26,91,-13.4,26,18,0.8,2.9,55.1,30.9,82,6,11,1,23214.95,-0.12,-0.7,21920.2,-1.33,-0.17,16782.95,-1.15,0.28,15.63,10.3,1.52
2026-06-11,241,757,19,60,-18.9,15,31,-1.6,2.0,49.8,23.3,69,7,12,1,23161.6,-0.23,-1.07,21733.05,-0.85,-1.64,16642.7,-0.84,-0.84,15.61,10.3,1.52
2026-06-12,908,90,279,4,-6.1,41,3,3.8,2.1,61.5,76.6,79,4,13,1,23622.9,1.99,-0.28,22257.9,2.41,-0.44,17079.1,2.62,1.73,14.72,11.8,1.25
2026-06-15,755,244,137,8,2.8,58,1,5.7,2.6,69.1,81.6,85,4,16,1,23853.9,0.98,0.89,22585.1,1.47,1.47,17292.7,1.25,3.41,14.35,12.3,1.17
2026-06-16,568,428,61,15,1.2,45,0,4.5,2.6,69.7,82.9,105,3,22,1,23989.15,0.57,1.43,22671.4,0.38,2.11,17369.25,0.44,5.44,13.36,12.5,1.07
2026-06-17,571,426,81,13,4.1,67,3,6.4,3.0,71.3,79.7,101,2,20,1,24085.7,0.4,1.98,22786.25,0.51,1.84,17495.75,0.73,4.99,13.19,12.5,1.06
2026-06-18,561,436,65,20,4.6,65,1,6.4,3.2,72.8,70.7,95,2,19,1,24168.0,0.34,2.15,22893.2,0.47,1.94,17612.6,0.67,5.6,12.67,12.5,1.01
2026-06-19,546,450,85,13,6.6,77,3,7.4,3.7,73.2,64.8,99,3,12,1,24013.1,-0.64,1.52,22972.95,0.35,2.2,17713.8,0.57,5.46,12.97,12.8,1.01
2026-06-22,639,361,93,16,16.4,80,3,7.7,4.5,75.5,68.6,103,2,12,0,24102.9,0.37,1.62,23073.05,0.44,2.53,17849.75,0.77,6.4,12.84,12.8,1.0
2026-06-23,241,759,22,43,5.2,36,8,2.8,4.4,70.0,42.7,77,4,8,0,23824.1,-1.16,-0.86,22853.55,-0.95,0.7,17747.65,-0.57,4.54,13.94,12.7,1.1
2026-06-24,508,492,49,28,11.0,43,4,3.9,4.7,70.5,44.2,75,3,10,0,24021.65,0.83,0.45,22872.5,0.08,0.34,17784.65,0.21,4.56,13.39,12.9,1.04
2026-06-25,308,691,28,51,12.3,32,7,2.5,5.1,67.6,32.7,65,4,9,0,24056.0,0.14,0.62,22751.05,-0.53,-0.58,17704.7,-0.45,3.52,13.05,12.9,1.01
2026-06-29,380,619,47,53,1.7,52,12,4.0,5.1,63.5,31.5,63,2,8,0,23946.25,-0.46,1.69,22679.65,-0.31,0.48,17619.6,-0.48,3.69,13.61,11.7,1.16
2026-06-30,616,383,75,16,-1.1,70,15,5.5,5.1,66.0,47.5,77,2,9,0,23865.75,-0.34,2.07,22774.25,0.42,2.29,17720.3,0.57,5.12,13.6,11.5,1.18
2026-07-01,533,463,75,27,-1.8,52,13,3.9,5.1,67.4,55.7,71,3,8,0,24005.85,0.59,2.22,22823.5,0.22,2.32,17801.55,0.46,5.04,13.24,11.5,1.15
2026-07-02,684,311,80,12,0.5,78,2,7.6,5.2,70.4,71.4,79,2,8,0,24175.7,0.71,3.29,22934.9,0.49,3.22,17983.35,1.02,6.07,12.29,11.6,1.06
2026-07-03,461,537,43,39,-1.5,64,2,6.2,5.2,70.3,65.0,65,3,4,0,24270.85,0.39,3.65,22884.35,-0.22,2.55,17996.25,0.07,5.53,11.8,11.6,1.02
2026-07-06,465,533,48,23,-3.1,64,2,6.2,5.0,70.4,56.8,67,4,5,0,24430.35,0.66,4.55,22973.35,0.39,3.24,18078.6,0.46,6.0,11.82,11.6,1.02
2026-07-07,305,691,21,55,-9.8,43,2,4.1,4.7,68.4,42.0,81,3,6,0,24398.7,-0.13,5.52,22912.3,-0.27,4.5,17953.1,-0.69,7.19,11.65,10.7,1.09
2026-07-08,144,856,17,123,-11.7,19,7,1.2,4.5,57.9,15.2,40,3,5,0,23882.05,-2.12,2.75,22537.85,-1.63,1.45,17597.9,-1.98,3.65,14.68,13.7,1.07
2026-07-09,834,165,137,3,-5.2,59,5,5.4,4.7,64.6,40.9,77,3,4,0,23962.8,0.34,3.22,22855.75,1.41,4.27,17875.7,1.58,6.51,13.36,13.7,0.98
2026-07-10,776,222,95,7,4.2,67,1,6.6,5.1,71.5,70.0,105,2,8,0,24206.9,1.02,4.51,23166.5,1.36,6.6,18118.9,1.36,8.87,12.25,13.9,0.88
2026-07-13,500,498,60,13,6.6,55,2,5.3,5.2,71.4,70.9,81,2,5,0,24211.0,0.02,2.49,23167.4,0.0,4.09,18171.85,0.29,6.4,13.28,12.3,1.08
2026-07-14,238,761,20,41,-1.0,35,7,2.8,4.9,67.0,49.4,53,3,2,0,24052.05,-0.66,0.83,23053.6,-0.49,2.07,17974.9,-1.08,3.95,13.75,12.1,1.14
2026-07-15,567,432,51,16,-0.3,39,4,3.5,4.9,69.6,47.7,58,3,2,0,24078.5,0.11,0.37,23153.4,0.43,2.13,18097.85,0.68,4.19,13.27,12.0,1.11
2026-07-16,425,570,33,21,-5.5,34,5,2.9,4.4,69.6,40.0,53,3,2,0,24072.75,-0.02,-0.05,23060.05,-0.4,1.2,18109.05,0.06,3.51,12.88,11.9,1.08
2026-07-17,313,680,17,54,-8.4,19,8,1.1,3.9,68.0,32.5,43,5,1,0,24334.3,1.09,0.69,22967.9,-0.4,0.33,18003.5,-0.58,2.22,13.15,12.4,1.06
2026-07-20,571,423,51,16,-6.3,36,2,3.4,3.6,70.1,45.7,42,5,2,0,24238.5,-0.39,0.94,23086.0,0.51,0.49,18023.9,0.11,1.75,12.98,12.3,1.06
2026-07-21,508,486,48,17,-2.2,46,3,4.3,3.7,69.2,48.7,38,4,3,0,24187.7,-0.21,0.35,23170.5,0.37,0.42,18101.0,0.43,1.41,12.6,12.3,1.02
2026-07-22,206,791,21,73,-0.9,25,11,1.4,3.7,64.2,30.1,38,6,4,0,23996.25,-0.79,0.72,22925.55,-1.06,0.32,17863.75,-1.31,0.65,13.29,11.9,1.12
2026-07-23,262,735,30,44,-12.3,25,11,1.4,3.3,59.1,24.5,36,5,3,0,23869.6,-0.53,-0.63,22705.25,-0.96,-0.73,17651.25,-1.19,-0.75,13.48,11.6,1.16
2026-07-24,498,502,38,23,-17.9,28,6,2.2,2.8,58.8,27.6,40,4,5,0,23767.45,-0.43,-1.2,22685.25,-0.09,-0.29,17601.2,-0.28,-0.58,14.03,11.7,1.2
2026-07-27,725,272,83,21,-13.4,52,7,4.5,2.7,63.7,56.9,46,3,3,0,23995.95,0.96,0.21,22933.05,1.09,1.12,17824.5,1.27,1.16,12.66,12.1,1.05
2026-07-28,290,708,25,68,-12.3,30,11,1.9,2.7,60.0,44.9,45,7,4,0,23985.35,-0.04,0.5,22931.45,-0.01,0.69,17741.45,-0.47,0.12,12.56,12.1,1.04
2026-07-29,682,313,78,22,-10.0,39,1,3.8,2.7,63.4,63.0,46,5,2,0,24250.2,1.1,1.02,23123.7,0.84,1.32,17978.05,1.33,0.99,12.01,12.5,0.96
2026-07-30,289,705,19,50,-12.7,30,4,2.6,2.7,59.6,44.4,34,7,2,1,24317.15,0.28,0.59,23031.25,-0.4,0.42,17845.6,-0.74,-0.77,12.16,12.3,0.99
2026-07-31,631,366,77,23,-6.4,39,4,3.5,2.9,61.0,54.0,31,6,2,1,24383.6,0.27,0.46,23138.45,0.47,1.11,17919.9,0.42,-0.42,11.76,12.3,0.96
2026-08-03,753,245,120,19,-2.8,75,0,7.5,3.3,68.3,75.2,44,7,2,0,24774.3,1.6,1.41,23418.95,1.21,1.94,18166.65,1.38,0.49,11.93,13.3,0.9
2026-08-04,446,546,49,22,-4.0,54,5,4.9,3.4,66.6,68.1,44,7,4,0,24614.9,-0.64,0.89,23347.75,-0.3,1.9,18194.3,0.15,1.34,12.19,13.5,0.9
2026-08-05,559,435,75,16,3.1,71,2,6.9,3.9,68.6,66.7,60,7,7,0,24624.65,0.04,3.11,23403.45,0.24,3.84,18321.95,0.7,4.11,12.06,10.8,1.12
2026-08-06,433,558,44,30,6.6,56,4,5.2,4.3,67.6,55.9,41,7,4,0,24636.0,0.05,2.81,23310.55,-0.4,1.99,18358.65,0.2,2.7,12.16,10.8,1.13
2026-08-07,450,544,37,54,5.7,65,8,5.7,4.7,67.2,46.8,39,8,4,1,24570.65,-0.27,1.5,23362.9,0.22,0.85,18356.55,-0.01,1.31,12.16,10.4,1.17
2026-08-10,493,502,64,42,1.0,64,9,5.5,4.8,65.1,50.5,43,12,5,1,24583.8,0.05,1.54,23470.9,0.46,1.31,18345.55,-0.06,0.96,12.25,10.4,1.18
2026-08-11,401,596,55,39,3.3,56,10,4.6,5.0,63.0,42.4,54,8,4,1,24471.7,-0.46,1.74,23459.8,-0.05,1.76,18381.85,0.2,2.26,11.86,10.2,1.16
2026-08-12,397,595,49,49,-2.4,54,13,4.1,5.1,60.2,41.0,52,9,6,1,24435.95,-0.15,1.48,23521.5,0.26,1.59,18335.65,-0.25,1.31,11.69,10.2,1.15
2026-08-13,505,486,49,26,2.0,49,9,4.0,5.2,60.3,45.9,47,11,4,2,24395.85,-0.16,1.34,23539.35,0.08,2.08,18365.9,0.16,1.42,11.42,10.3,1.11
2026-08-14,371,627,47,34,-3.3,44,13,3.1,5.2,59.2,39.2,57,8,5,2,24366.0,-0.12,0.13,23420.0,-0.51,1.97,18278.8,-0.47,1.53,11.31,9.5,1.19
2026-08-17,470,527,67,36,-8.9,55,13,4.2,4.8,58.7,42.9,61,10,3,2,24287.65,-0.32,0.2,23454.95,0.15,1.6,18312.2,0.18,1.6,11.33,9.5,1.19
2026-08-18,424,574,60,15,-9.4,52,12,4.0,4.7,58.0,43.5,58,6,4,1,24154.9,-0.55,-0.14,23364.9,-0.38,0.84,18346.75,0.19,1.36,11.39,9.7,1.17
2026-08-19,318,679,31,35,-14.3,33,18,1.5,4.2,55.5,33.8,63,4,4,1,24078.3,-0.32,0.34,23305.6,-0.25,1.66,18232.0,-0.63,2.06,11.32,9.3,1.22
2026-08-20,597,398,64,12,-11.0,51,7,4.4,4.1,56.9,46.7,79,4,10,1,24231.85,0.64,1.52,23388.8,0.36,3.01,18338.6,0.58,3.89,10.76,9.3,1.16
2026-08-21,463,527,58,9,-10.7,38,8,3.0,3.8,57.8,49.9,73,3,9,1,24252.0,0.08,2.04,23407.7,0.08,3.18,18414.45,0.41,4.62,11.2,9.1,1.23
2026-08-24,421,571,58,19,-12.1,44,10,3.4,3.6,56.1,46.5,61,5,9,2,24219.05,-0.14,0.93,23423.7,0.07,2.14,18375.45,-0.21,3.09,11.53,8.6,1.34
2026-08-25,419,580,24,21,-11.8,30,12,1.8,3.3,56.7,47.4,67,4,8,2,24334.55,0.48,1.46,23528.95,0.45,2.61,18347.15,-0.15,3.41,11.08,8.7,1.27
2026-08-26,545,452,67,11,-8.9,53,8,4.5,3.4,56.3,49.8,77,4,11,1,24207.75,-0.52,-0.18,23532.2,0.01,1.77,18455.75,0.59,2.66,10.57,8.0,1.32
2026-08-27,353,641,33,30,-12.0,43,17,2.6,3.3,55.1,40.8,83,4,12,1,24090.85,-0.48,-0.93,23508.3,-0.1,2.07,18432.75,-0.12,3.29,11.07,8.1,1.37
2026-08-28,514,483,66,10,-9.1,59,19,4.0,3.3,55.6,45.5,78,4,13,1,24175.65,0.35,-0.85,23507.15,0.0,1.59,18496.15,0.34,3.22,10.68,8.2,1.3
2026-08-31,401,598,56,51,-10.5,65,30,3.5,3.3,54.5,43.5,64,5,7,1,24080.4,-0.39,-2.8,23536.8,0.13,0.5,18372.1,-0.67,1.13,11.19,5.5,2.03
2026-09-01,370,623,32,36,-11.5,42,19,2.3,3.1,51.4,35.3,63,8,4,0,24055.8,-0.1,-2.27,23252.7,-1.21,-0.41,18363.1,-0.05,0.93,11.49,5.2,2.21
2026-09-02,357,639,35,23,-10.7,33,26,0.7,3.0,50.0,31.0,58,13,9,1,23914.45,-0.59,-2.88,23114.75,-0.59,-1.23,18256.3,-0.58,-0.36,11.59,5.4,2.15
2026-09-03,608,389,74,4,-10.5,56,13,4.3,3.0,53.0,45.4,61,9,7,2,23873.45,-0.17,-3.1,23220.5,0.46,-0.39,18444.95,1.03,0.47,11.34,5.4,2.1
2026-09-04,492,505,74,19,-10.0,48,8,4.0,3.1,53.7,52.4,63,9,9,2,23897.7,0.1,-2.74,23168.35,-0.22,-0.83,18481.4,0.2,0.68,10.68,5.4,1.98
2026-09-07,409,590,63,29,-10.3,62,24,3.8,3.2,51.9,48.5,63,7,11,3,23779.15,-0.5,-3.27,23062.25,-0.46,-1.74,18484.15,0.01,0.76,11.16,5.5,2.03
2026-09-08,472,522,76,18,-9.2,61,22,3.9,3.4,53.6,49.4,70,8,12,3,23635.1,-0.61,-3.42,23089.95,0.12,-1.58,18527.2,0.23,0.79,11.23,5.7,1.97
2026-09-09,335,661,34,28,-13.4,35,35,0.0,2.9,51.8,39.6,64,6,12,4,23431.5,-0.86,-4.11,22990.95,-0.43,-2.26,18431.95,-0.51,0.53,11.92,6.2,1.92
2026-09-10,384,610,52,27,-12.8,39,32,0.7,2.7,51.3,38.1,56,7,12,3,23477.8,0.2,-3.76,22904.25,-0.38,-2.7,18433.4,0.01,0.37,11.8,6.3,1.87
2026-09-11,361,635,34,23,-15.8,36,39,-0.3,2.3,49.4,33.6,61,8,14,4,23398.1,-0.34,-3.97,22847.85,-0.25,-2.44,18339.9,-0.51,0.33,12.29,6.4,1.92
2026-09-15,102,898,13,284,-21.8,11,54,-4.3,1.5,39.9,12.3,47,8,10,4,23118.6,-1.19,-4.81,22358.8,-2.14,-4.67,17892.8,-2.44,-2.29,13.43,7.3,1.84
2026-09-16,444,550,39,34,-20.4,12,28,-1.6,1.1,38.4,17.1,40,9,10,4,23217.6,0.43,-3.88,22368.8,0.04,-4.26,17863.3,-0.16,-2.64,13.17,7.6,1.73
2026-09-17,714,286,81,10,-13.3,28,12,1.6,1.2,39.9,37.2,50,7,12,4,23270.6,0.23,-3.35,22568.85,0.89,-3.16,18009.25,0.82,-1.22,12.29,7.7,1.6
2026-09-18,724,272,138,15,-10.9,54,15,3.9,1.2,47.4,69.3,52,10,10,3,23346.4,0.33,-3.65,22901.85,1.48,-2.08,18287.4,1.54,-0.28,11.39,7.3,1.56
2026-09-21,451,546,67,19,-11.7,45,9,3.6,1.1,47.2,69.9,47,10,10,3,23414.3,0.29,-3.45,22816.8,-0.37,-2.52,18279.05,-0.05,-0.74,11.25,7.5,1.5
2026-09-22,442,557,61,19,-11.1,35,17,1.8,0.9,47.6,63.9,43,10,12,3,23329.0,-0.36,-3.67,22787.2,-0.13,-2.72,18260.6,-0.1,-0.63,11.0,7.5,1.47
2026-09-23,695,304,82,10,-6.7,61,6,5.5,1.1,52.6,70.5,59,10,10,3,23446.8,0.5,-3.65,22928.85,0.62,-2.55,18411.4,0.83,0.35,10.35,7.5,1.38
2026-09-24,158,840,21,84,-10.2,15,28,-1.3,1.0,45.1,31.4,42,12,9,4,23063.1,-1.64,-4.73,22469.9,-2.0,-4.51,18155.5,-1.39,-1.63,12.69,9.1,1.39
2026-09-25,512,487,49,13,-7.7,34,18,1.6,1.0,45.2,38.2,54,13,9,3,23140.5,0.34,-3.94,22437.0,-0.15,-4.56,18158.9,0.02,-1.49,12.16,9.3,1.31
2026-09-28,164,834,23,80,-11.7,22,51,-2.9,0.8,38.3,18.9,39,8,7,3,22780.25,-1.56,-5.77,22071.3,-1.63,-6.11,17863.2,-1.63,-3.42,13.64,10.2,1.34
2026-09-29,417,580,62,33,-5.4,26,64,-3.8,0.8,38.2,24.9,43,9,7,3,22716.2,-0.28,-5.67,21853.3,-0.99,-7.15,17747.25,-0.65,-3.4,13.41,10.2,1.31
2026-09-30,452,544,50,33,-5.2,26,38,-1.2,0.9,38.4,30.5,50,7,6,3,22620.45,-0.42,-5.97,21867.5,0.06,-5.96,17798.8,0.29,-3.07,13.49,10.2,1.32
2026-10-01,229,768,28,63,-14.9,22,77,-5.5,0.2,34.1,20.3,44,7,3,2,22421.95,-0.88,-6.24,21643.85,-1.02,-6.36,17589.05,-1.18,-3.65,14.46,10.3,1.4
